text,actual,predicted,confidence
need assistance to report problems with online payments,payment_issue,payment_issue,0.9956002094115483
I'm trying to see in what cases can i ask for my money back,check_refund_policy,check_refund_policy,0.9941796294390891
i need assistance to check the allowed payment options,check_payment_methods,check_payment_methods,0.9958700416054121
edit ordr {{Order Number}},change_order,change_order,0.995089436336151
were do i receive bloody compensations of my money,get_refund,get_refund,0.9946872487357451
I am trying to check what delivery methods you offer,delivery_options,delivery_options,0.9948011081634783
I try to lodge a consumer claim against your organization,complaint,complaint,0.9956208949943202
help seeing in what situations can I request to be refunded,check_refund_policy,check_refund_policy,0.9953347803178811
"I cannot sign up, assistance reporting fucking signup issues",registration_problems,registration_problems,0.993678827845364
would it be possible to ask for compensations of my money?,get_refund,get_refund,0.9939700590308488
I need assistance to give a quick look at the bill #37777,check_invoice,check_invoice,0.9943887241307966
where to leave a review for ur products,review,review,0.9961474754039227
I don't know how I could speak to a human agent,contact_human_agent,contact_human_agent,0.9900254009720779
rebating  {{Refund Amount}} dollars,get_refund,get_refund,0.9947417255598934
I don't know what to do to download the invoice #85632,get_invoice,get_invoice,0.9939582445661467
I want assistance to download my bill #85632,get_invoice,get_invoice,0.9948060260719132
I don't know what I need to do to change to the {{Account Type}} account,switch_account,switch_account,0.9944946863572506
I want help to get my bill from {{Person Name}},get_invoice,get_invoice,0.9953639646561121
send me bills from {{Person Name}},get_invoice,get_invoice,0.99372436915058
how long does it take for a shipment to arrive,delivery_period,delivery_period,0.9946487071591621
I'm trying to report a problem with online payment,payment_issue,payment_issue,0.9956591963765019
i dont know what i have to do to speak to an assistant,contact_human_agent,contact_human_agent,0.9903472097380344
assistance checking your allowed payment modalities,check_payment_methods,check_payment_methods,0.995200483144074
i need help notifying of registration issues,registration_problems,registration_problems,0.9948547054112313
"I have paid {{Currency Symbol}}{{Refund Amount}} for an item, help to receive my money back",get_refund,get_refund,0.9958742227737285
i do not know what to do to get my invoice #12588,get_invoice,get_invoice,0.9928166256391044
where can i see how long the shipping takes,delivery_period,delivery_period,0.9945311196490317
"I have got to see your payment modalities, I need help",check_payment_methods,check_payment_methods,0.9941389895777138
how can I demand reimbursements of my money?,get_refund,get_refund,0.99575931762891
where do i check ur goddamn money bafk guarantee,check_refund_policy,check_refund_policy,0.9876979025933256
creating new {{Account Category}} account,create_account,create_account,0.9967530131889859
"I have to get the goddamn bill from {{Person Name}}, help me",get_invoice,get_invoice,0.9915600658566713
is there an address to leave my feedback for a service,review,review,0.9966423169669953
where is order {{Order Number}}?,track_order,track_order,0.8960656745289018
can I check in which situations can I request refunds?,check_refund_policy,check_refund_policy,0.9957570858548533
"I cannot make a payment, how could I report bloody problems?",payment_issue,payment_issue,0.9887964718835964
i do not know what i need to do to get my invoice #85632,get_invoice,get_invoice,0.9915089755398191
"I have to sign up to your corporate newsletter, help me",newsletter_subscription,newsletter_subscription,0.995144510736575
I don't know what I need to do to modify my delivery address,change_shipping_address,change_shipping_address,0.9943490607446789
where to notify of problems with online payments?,payment_issue,payment_issue,0.9967177175371461
canm you help me to update purchase {{Order Number}}?,change_order,change_order,0.9921186469050812
i need help trying to change the address,change_shipping_address,change_shipping_address,0.9887294986169111
i have to check at what time i can contact custome support,contact_customer_service,contact_customer_service,0.99295927012163
I don't know how I can shop several articles,place_order,place_order,0.9916876760761119
"I would like to list the payment methods, how to do it?",check_payment_methods,check_payment_methods,0.9910883972113972
purchase {{Order Number}} current status,track_order,track_order,0.9945413251749788
could you help me modify the bloody data on my profile?,edit_account,edit_account,0.986383595914715
needc help checking the withdrawal fees,check_cancellation_fee,check_cancellation_fee,0.9933386831705256
help me to retrieve my PIN code,recover_password,recover_password,0.9962258435774626
errors setting up a different shipping address,set_up_shipping_address,set_up_shipping_address,0.9959407561404673
I want assistance updating the shipping address,change_shipping_address,change_shipping_address,0.9954222651297183
can you help me cancelling the {{Account Category}} account?,delete_account,delete_account,0.988400347056604
could you help me see the withdrawal charges?,check_cancellation_fee,check_cancellation_fee,0.9934725147973492
error setting up a damn new shipping address,set_up_shipping_address,set_up_shipping_address,0.9958520976471021
I try to check how long reimbursements usually take,check_refund_policy,check_refund_policy,0.9946703868936222
consumer claim against your business,complaint,complaint,0.9948229298608856
can you help me listing your accepted payment modalities?,check_payment_methods,check_payment_methods,0.9950900136012898
help me seeing the early exit fee,check_cancellation_fee,check_cancellation_fee,0.9939943797364532
how can I report a sign-up error?,registration_problems,registration_problems,0.9948397651434823
help to lodge a claim against your organization,complaint,complaint,0.995537635827135
can you help me purchasing a damn item?,place_order,place_order,0.9894764421331326
wanna see how soon can i expect the package how to do it,delivery_period,delivery_period,0.9933764200019767
help checking the status of the refund,track_refund,track_refund,0.986842769988247
can ya give me information about a forgotten access key,recover_password,recover_password,0.9929099671760162
open a {{Account Type}} account,create_account,create_account,0.9949577714470411
how can I see what shipping methods are there?,delivery_options,delivery_options,0.9952893531500534
getbills from {{Person Name}},get_invoice,get_invoice,0.9886777604400224
i need assistance to track the restitution,track_refund,track_refund,0.993011429154933
help me to see the ETA of the purchase {{Order Number}},track_order,track_order,0.9968930838867706
i have  a trouble setting up the shipping address,set_up_shipping_address,set_up_shipping_address,0.9955075067990947
I don't  know how I can find the invoices from {{Person Name}},check_invoice,check_invoice,0.9896756770588656
I need assistance to switch to the {{Account Type}} account,switch_account,switch_account,0.995597076373679
can you help me receiving rebates of money?,get_refund,get_refund,0.9952599546929646
need assistance to notify of errors with a registration,registration_problems,registration_problems,0.9948422433280433
can you help me cancel purchase {{Order Number}}?,cancel_order,cancel_order,0.9940550904179309
I don't know how to check the compensation status,track_refund,track_refund,0.9936047661698786
I want assistance to change to the {{Account Type}} account,switch_account,switch_account,0.9963852169489386
i need help to notify of payment errors,payment_issue,payment_issue,0.9959166288414388
help me restoring my account key,recover_password,recover_password,0.9946105772159611
get bills from {{Person Name}},get_invoice,get_invoice,0.9910249832459622
question about canceling order {{Order Number}},cancel_order,cancel_order,0.9950721120926754
where  do i lodge a consumer claim against ur company,complaint,complaint,0.9955987275424952
modifying info on premium account,edit_account,edit_account,0.9962282342670451
assistance seeing what hours I can contact customer service,contact_customer_service,contact_customer_service,0.9947559200074257
is it possible to notify of a registration problem?,registration_problems,registration_problems,0.9937919587949825
needhelp submitting some feedback,review,review,0.9890018958994653
i need information about the termination of my {{Account Type}} account,delete_account,delete_account,0.9958800190807174
I need assistance to check how soon can I expect my package,delivery_period,delivery_period,0.9947720922361155
i dont know what to do to talk to an assistant,contact_human_agent,contact_human_agent,0.9902708973433191
i call to get my invoice from {{Person Name}},get_invoice,get_invoice,0.995816074845523
need assistance acquiring several articles,place_order,place_order,0.992398716632587
wanna know about delivery periods give me some informtion,delivery_period,delivery_period,0.9912876182062015
I need help seeing the ETA of the purchase {{Order Number}},track_order,track_order,0.9966176743736582
help sending feedback for your company,review,review,0.9953784816197248
I need to earn several articles,place_order,place_order,0.9940547316523324
where can i order somedthing,place_order,place_order,0.9927783974817986
can uhelp me cancelling purchase {{Order Number}},cancel_order,cancel_order,0.9937966966034687
i want assistance setting the new shipping dadress up,set_up_shipping_address,set_up_shipping_address,0.9944600772191321
i dont know what to do to notify of sign-up issues,registration_problems,registration_problems,0.992765535047473
i do not know how to see the cancellation penalty,check_cancellation_fee,check_cancellation_fee,0.993548120712027
"I have got to submit a new shipping address, I need help",set_up_shipping_address,set_up_shipping_address,0.9959402245491367
where do I see when my item is going to arrive?,delivery_period,delivery_period,0.9938703669943832
how can i leave my feedback for ur company,review,review,0.9959072413730287
can you help me to see the compensation current status?,track_refund,track_refund,0.9924510524896103
"I have to change an item of purchase {{Order Number}}, help me",change_order,change_order,0.9954551138009556
"I want to see the status of my rebate, help me",track_refund,track_refund,0.9937068983428174
"I have got to see your refund policy, I need assistance",check_refund_policy,check_refund_policy,0.9928317812525757
problem with {{Account Category}} account removals,delete_account,delete_account,0.9955177382117107
information about canceling the newsletter subscription,newsletter_subscription,newsletter_subscription,0.9959495298583736
report a goddamn problem with payment,payment_issue,payment_issue,0.9940322399388265
"I want to submit my feedback for your products, help me",review,review,0.9960726323773081
I have got to unsubscribe to the company newsletter,newsletter_subscription,newsletter_subscription,0.9961344534412245
I do not know how to close a standard account,delete_account,delete_account,0.9944634150188745
can you help me enter the secondary shipping address ?,set_up_shipping_address,set_up_shipping_address,0.9969436015917187
"I never make use of my {{Account Type}} account, assistance deleting it",delete_account,delete_account,0.9954637930597814
I have to notify of issues with a signup,registration_problems,registration_problems,0.9952642758960443
help to talk with a person,contact_human_agent,contact_human_agent,0.9956039936898486
can you help me to ask for damn restitutions of money?,get_refund,get_refund,0.9947267492762245
I do not know how I can see hlw soon can I expect my package,delivery_period,delivery_period,0.9927826969871484
can you show me what delivery methods I can choose?,delivery_options,delivery_options,0.9938295571462653
camceling order {{Order Number}},cancel_order,cancel_order,0.9875996960400447
need to locate my invoice #37777 how do i do it,check_invoice,check_invoice,0.9902148308699704
i want assistance to buy a few of ur article,place_order,place_order,0.9939878694721505
I need help to submit feedback about your products,review,review,0.9962362504114717
I need assistance to see the allowed payment options,check_payment_methods,check_payment_methods,0.9960832204060325
help to unsubscribe to the company newsletter,newsletter_subscription,newsletter_subscription,0.9972192569459551
I want herlp to obtain reimbursements of money,get_refund,get_refund,0.9942665375640782
add product to purchase {{Order Number}},change_order,change_order,0.9847660906066809
how doI see the early termination penalty?,check_cancellation_fee,check_cancellation_fee,0.9955330370244081
see invoices from {{Person Name}},check_invoice,check_invoice,0.9851494738498138
is it possible to create a freemium account?,create_account,create_account,0.9939054111009225
what do i have to do to see the available payment modalities,check_payment_methods,check_payment_methods,0.9950913287321268
unsubscribe from your corporate newsletter,newsletter_subscription,newsletter_subscription,0.9948296615196487
I have to report a problem with signup,registration_problems,registration_problems,0.9952140642561272
I am waiting for a refund of {{Refund Amount}} dollars,track_refund,track_refund,0.9951660593154754
take a quick look at my invoices from {{Person Name}},check_invoice,check_invoice,0.9948153004125965
I want to give a quick look at my invoice #12588,check_invoice,check_invoice,0.9950036779805301
edit platinum accont,edit_account,edit_account,0.9918543240864516
is it possible to see what delivery options I have?,delivery_options,delivery_options,0.9924849952951941
remove item from order {{Order Number}},change_order,change_order,0.9923649776940509
how to speak with somebody ?,contact_human_agent,contact_human_agent,0.994037238931198
editing {{Account Type}} account,edit_account,edit_account,0.9887971922486476
"I have to report a sign-up issue, can you help me?",registration_problems,registration_problems,0.9934825635718445
i want help creating a {{Account Type}} account for my dad,create_account,create_account,0.9968913013089141
i have got to request reimbirsements of money,get_refund,get_refund,0.9948312732428056
wanna check in wshat situations can i ask for a refund,check_refund_policy,check_refund_policy,0.9934507547403125
I have got to see the early exit fee,check_cancellation_fee,check_cancellation_fee,0.9925972016549668
i need assistance to locate bill #85632,check_invoice,check_invoice,0.9875357567530423
where can i report issues with payment,payment_issue,payment_issue,0.9964895625603157
i dont know what to do to notify of an issue with a sign-up,registration_problems,registration_problems,0.9935676275594832
how can I cancel my subscription to your neswletter?,newsletter_subscription,newsletter_subscription,0.9944230529143997
see in which cases can I request my money back,check_refund_policy,check_refund_policy,0.9951886921842878
i cant pay  inform of a problem with payment,payment_issue,payment_issue,0.9873839521382806
what do i need to do to leave an opinion for a service,review,review,0.9952123672782376
I expect a reimbursmeent of {{Refund Amount}} dollars,track_refund,track_refund,0.9952792431256512
i expect a refund of {{Refund Amount}} dollars has it been processed,track_refund,track_refund,0.9949628518592251
where can I find information about changing my address?,change_shipping_address,change_shipping_address,0.993865603188682
assistance to restore my damn profile access key,recover_password,recover_password,0.9942468002468635
closing {{Account Category}} account,delete_account,delete_account,0.9900915193825769
I want help swapping an item of order {{Order Number}},change_order,change_order,0.9923171040996189
want assistance to reset the pin of my account,recover_password,recover_password,0.9955917862518291
i expect an rebate of {{Currency Symbol}}{{Refund Amount}},track_refund,track_refund,0.9946508340156375
"I would like to correct order {{Order Number}}, will you help me?",change_order,change_order,0.9910539843879195
I'm trying to check if there are any updates on the rebate,track_refund,track_refund,0.9927255870810402
I am trying to find the shipping perod,delivery_period,delivery_period,0.9176911144022734
I don't know how I can list the payment options,check_payment_methods,check_payment_methods,0.993889427064328
help me cancel purchase {{Order Number}},cancel_order,cancel_order,0.9956288386295817
I don't know how I can speak to an agent,contact_human_agent,contact_human_agent,0.9915517644232165
is it possible to ordet from {{Delivery Country}},delivery_options,delivery_options,0.9917831071017326
want assistance informing of an error with online payment,payment_issue,payment_issue,0.9954751940298222
help me to file a consumer claim,complaint,complaint,0.9957531851393071
what do I need to do to delete a goddamn gold account?,delete_account,delete_account,0.9888141724565335
do you deliver to {{Delivery Country}}?,delivery_options,delivery_options,0.9954080525196819
help me to see in what cases can I ask for reimbursements,check_refund_policy,check_refund_policy,0.9960354130988262
change details on freemium account,edit_account,edit_account,0.9942285743399535
i cant subscribe to the damn company newsletter,newsletter_subscription,newsletter_subscription,0.9964613049549658
I am trying to check my compensation current status,track_refund,track_refund,0.9931447617183989
delete {{Account Category}} account,delete_account,delete_account,0.9925552300846617
"I would like to cancel purchase {{Order Number}}, I need help",cancel_order,cancel_order,0.9870300586196707
could I edit my damn profile?,edit_account,edit_account,0.9786854182799543
can you help me obtaining a compensation?,get_refund,get_refund,0.9925722638276974
order {{Order Number}} current status,track_order,track_order,0.9940657436971424
i want assistance to solve issues with payment,payment_issue,payment_issue,0.9952747678132975
can you help me cancelling the bloody purchase I made?,cancel_order,cancel_order,0.9785981483391586
I don't know what I have to do to make a customer complaint,complaint,complaint,0.9938775821502395
can i place an oeder from {{Delivery City}},delivery_options,delivery_options,0.9947009918904355
I want help to notify of issues with payment,payment_issue,payment_issue,0.9965282665961078
where can i leave my feedback about ur products,review,review,0.9963279591323797
can you help me informing of errors with payment?,payment_issue,payment_issue,0.9952782743649101
I want assistance to see how soon can I expect my purchase,delivery_period,delivery_period,0.9948920869875613
deleting premium account,delete_account,delete_account,0.9941692712947651
is it possible to demand a rebate of my money?,get_refund,get_refund,0.9946096982228972
where do i restore the password ofmy account,recover_password,recover_password,0.9953115629638472
how can i talk wiht customer service,contact_customer_service,contact_customer_service,0.9952126296411726
i have to reset the pin code of my profile,recover_password,recover_password,0.9959398074800374
I do not know how to retrieve my user account pwd,recover_password,recover_password,0.9937816931167446
can i order frlm {{Delivery City}},delivery_options,delivery_options,0.9941716109457531
could I check in what cases can I ask to be reimbursed?,check_refund_policy,check_refund_policy,0.9937369556716692
what do i need to do to chcek when will my article arrive,delivery_period,delivery_period,0.9903070747727295
where can I find information about an address update?,change_shipping_address,change_shipping_address,0.9945512342577215
purchase {{Order Number}} current  status,track_order,track_order,0.9945413251749788
I have to make a claim against your organization,complaint,complaint,0.9949672145302929
I don't know how to make a complaint against your company,complaint,complaint,0.9943776539295506
I do not know how to reset the pass of my profile,recover_password,recover_password,0.9929496799944029
I do not know how to acquire a few of your product,place_order,place_order,0.9943775624910053
could you help me to check what delivery methods I have?,delivery_options,delivery_options,0.9939030024717207
opening standard account for wife,create_account,create_account,0.9959245395757449
how do i shop some products,place_order,place_order,0.9914013379750072
see in which cases can I request to be refunded,check_refund_policy,check_refund_policy,0.9955783515662856
I would like to know about changing my delivery address,change_shipping_address,change_shipping_address,0.9937844669615402
I need to see in what cases can I request to be refunded,check_refund_policy,check_refund_policy,0.9954300175290148
I need to talk with customer service,contact_customer_service,contact_customer_service,0.99642069962327
"I want to see when will my product arrive, I need help",delivery_period,delivery_period,0.9940315407017786
is there a way to send a comment for ur products,review,review,0.9951906708150342
"I want astandard account, could I open it?",create_account,create_account,0.9894853293455413
I need assistance to inform of issues with payments,payment_issue,payment_issue,0.9961198743668592
is it possible to notify of an issue with signup,registration_problems,registration_problems,0.9924573260737453
check accepted payment methoxs,check_payment_methods,check_payment_methods,0.9947666666686007
I expect an reimbursement of {{Currency Symbol}}{{Refund Amount}},track_refund,track_refund,0.9952185676150371
what do I have to do to close the {{Account Type}} account?,delete_account,delete_account,0.993290001164523
I try to see what shipment options are available,delivery_options,delivery_options,0.99402911102647
how ot edit order {{Order Number}}?,change_order,change_order,0.9948008496551348
deleting {{Account Type}} accoumt,delete_account,delete_account,0.9945249272652293
I do not know how to find invoice #85632,check_invoice,check_invoice,0.9921210905021457
I want help informing of sign-up errors,registration_problems,registration_problems,0.9946491259241945
help me to inform of an issue with online payment,payment_issue,payment_issue,0.9961577375588102
how can i lodge a cuxtomer complaint against ur organization,complaint,complaint,0.9957488653885349
help me sign up to ur company newsletter,newsletter_subscription,newsletter_subscription,0.9964445457785861
can I swap something of order {{Order Number}}?,change_order,change_order,0.9938300996776096
want help to get my money back,get_refund,get_refund,0.9598088724376511
wanna check what payment methods uaccept,check_payment_methods,check_payment_methods,0.9951362142207142
I don't know how I can change to the freemium account,switch_account,switch_account,0.9942381674072207
I don't want purchase {{Order Number}},cancel_order,cancel_order,0.9862342278626287
whaty do i need to do to check the invoice #00108,check_invoice,check_invoice,0.9915457945741771
i have an error trying to correct my address,change_shipping_address,change_shipping_address,0.9956742300776132
can uhelp me check what hours customer support available is,contact_customer_service,contact_customer_service,0.9943534786563202
I want to receive your corporate newsletter,newsletter_subscription,newsletter_subscription,0.9963016585815927
can you help me seeing in what cases can I request a refund?,check_refund_policy,check_refund_policy,0.9943643717645578
how to make a complaint against your organization?,complaint,complaint,0.9954451250551856
I have to see when will my article arrive,delivery_period,delivery_period,0.9947877429071101
how do i check the current status of the reimbursement,track_refund,track_refund,0.9922069503652441
I need help to see if there are any updates on my rebate,track_refund,track_refund,0.9947241309964774
could you help me listing the allowed payment modalities?,check_payment_methods,check_payment_methods,0.9945651296596895
i paid {{Currency Symbol}}{{Refund Amount}} for this order want help getting an rebate,get_refund,get_refund,0.994373437787142
assistance to inform of an issue with registrations,registration_problems,registration_problems,0.9957664333487036
is it possible to report problems with sign-up?,registration_problems,registration_problems,0.992994395761456
I do not know how I can list the accepted payment modalitiws,check_payment_methods,check_payment_methods,0.9942679382971705
how to demand a compensation of my money?,get_refund,get_refund,0.9966127277113938
check ETA of order {{Order Number}},track_order,track_order,0.994894200847991
"I want to add something to purchase {{Order Number}}, help me",change_order,change_order,0.9936635091927818
uhave a method to submit an opinion for ur company,review,review,0.9944878931761201
where can i acquire an few of ur article,place_order,place_order,0.9944541104000546
how to set up my secondary shipping address?,set_up_shipping_address,set_up_shipping_address,0.9978756955108489
i want help to file a complaint against ur business,complaint,complaint,0.9939508865724535
help regarding payments,payment_issue,payment_issue,0.9886226270869818
can Icontact a person?,contact_human_agent,contact_human_agent,0.9941166640356115
would it be possible to talk to an operator?,contact_human_agent,contact_human_agent,0.9884828858009245
how can i see the bill #00108,check_invoice,check_invoice,0.9938005048416899
how can I check what hours I can reach customer service?,contact_customer_service,contact_customer_service,0.9949256423053704
where can I make a claim against your company?,complaint,complaint,0.9951187292739033
how to notify of a trouble with online payment,payment_issue,payment_issue,0.9962350667797798
need to inform of problems with registrations,registration_problems,registration_problems,0.995274611173126
i have a question about the termination of a standard acount,delete_account,delete_account,0.9942845806574349
need to remove the platinum account,delete_account,delete_account,0.9958489679850243
I am trying to unsubscribe from your newsletter,newsletter_subscription,newsletter_subscription,0.9950682117098543
can you help me checking the early exit fees?,check_cancellation_fee,check_cancellation_fee,0.9921685970782254
information about my subscription to your company newsletter,newsletter_subscription,newsletter_subscription,0.9970872198564491
editing data on gold account,edit_account,edit_account,0.9966551618987739
cance order {{Order Number}},cancel_order,cancel_order,0.9100725094535248
I want help to check in which cases can I ask for a refund,check_refund_policy,check_refund_policy,0.9947907702655762
need help canging to the premium account,switch_account,switch_account,0.9888527112015865
want help downloading the invoice  from {{Person Name}},get_invoice,get_invoice,0.9955084174078888
can uhelp me leaving a comment about ur services,review,review,0.995244884998153
I want assistance seeing how soon can I expect my parcel,delivery_period,delivery_period,0.9939269184633525
help adding an article to purchase {{Order Number}},change_order,change_order,0.9916316901622477
help recovering the password of my profile,recover_password,recover_password,0.9949559186023137
what do I need to do to download my bills from {{Person Name}}?,get_invoice,get_invoice,0.9941288395636926
I have to unsubscribe to your newsletter,newsletter_subscription,newsletter_subscription,0.9967752846722417
do you deliver to {{Delivery City}} ?,delivery_options,delivery_options,0.99490879902857
i dont know how to give a quick look at bill #37777,check_invoice,check_invoice,0.9927218633551681
I am waiting for a refund of {{Currency Symbol}}{{Refund Amount}},track_refund,track_refund,0.9949538038290474
accepted payment methods,check_payment_methods,check_payment_methods,0.9959751355914385
i dont know what i need to do to open a {{Account Type}} account,create_account,create_account,0.9923447600300337
can you tell me more about a delivery address correction?,change_shipping_address,change_shipping_address,0.9966679268846633
i want assistznce signing up to ur company newsletter,newsletter_subscription,newsletter_subscription,0.9929581509664104
help with cancelling purchase {{Order Number}},cancel_order,cancel_order,0.995266664049021
I am trying to check your bloody reimbursement policy,check_refund_policy,check_refund_policy,0.9904841470188286
is it possible to inform of a sign-up issue,registration_problems,registration_problems,0.9934573637755261
need help to see the ETA of the purchase {{Order Number}},track_order,track_order,0.9967179608756772
i do not know how i could leave some feedback for a product,review,review,0.9907502478574116
hw to report troubles with payment?,payment_issue,payment_issue,0.9965388730574377
need help to see how long it takes for my shipment to arrive,delivery_period,delivery_period,0.9965172311233408
I am calling to write a review about a service,review,review,0.9946361366733414
I want help seeing when will my item arrive,delivery_period,delivery_period,0.9929023986169754
I need help opening a standard account,create_account,create_account,0.9940759973219379
wanna see bill #85632,check_invoice,check_invoice,0.993114559331609
assistance sending my feedback about ur services,review,review,0.9956880572249592
i dont know how to sign up to the newsletter,newsletter_subscription,newsletter_subscription,0.9940445684273183
can I check purchase {{Order Number}} status?,track_order,track_order,0.9971860818369324
I do not know how I candownload my bill #37777,get_invoice,get_invoice,0.9916576970970077
I don't know how I can report registration errors,registration_problems,registration_problems,0.9936368693906964
report issues with payments,payment_issue,payment_issue,0.9971252882149862
how do i see the termination penalty,check_cancellation_fee,check_cancellation_fee,0.9951132333233917
help me delete an article from purchase {{Order Number}},change_order,change_order,0.9936174870883788
use {{Account Type}} account,switch_account,switch_account,0.979449934058466
i need assistance talking with an agent,contact_human_agent,contact_human_agent,0.9932730566790235
"I have to speak with customer support, can you help me?",contact_customer_service,contact_customer_service,0.9945779203806602
I'm waiting for a reimbjrsement of {{Currency Symbol}}{{Refund Amount}},track_refund,track_refund,0.9955927390421865
I do not know how I can cancel purchase {{Order Number}},cancel_order,cancel_order,0.9930495717396085
where do I change my shipping address?,change_shipping_address,change_shipping_address,0.9957713964495704
i aint registered yet help me opening an {{Account Type}} account,create_account,create_account,0.9957197384506281
can i place an oeder from {{Delivery City}},delivery_options,delivery_options,0.9947009918904355
need assistance seeing the withdrawal penalty,check_cancellation_fee,check_cancellation_fee,0.9939539568576023
how can i earn several of urarticle,place_order,place_order,0.9942110418799733
where doi see the withdrawal penalties,check_cancellation_fee,check_cancellation_fee,0.9946500224710143
I do not know what to do to check the cancellation penalties,check_cancellation_fee,check_cancellation_fee,0.9935297228378346
see order {{Order Number}} stats,track_order,track_order,0.9829507062071773
i have paid {{Currency Symbol}}{{Refund Amount}} for a product where to receive a rebate,get_refund,get_refund,0.9955532234239125
change to {{Account Type}} acount,switch_account,switch_account,0.9931071848448368
i dont know how to get a reimbursement of my money,get_refund,get_refund,0.9955640994901053
how can I locate the invoice #37777?,check_invoice,check_invoice,0.9936337407375334
get bill #00108,get_invoice,get_invoice,0.9935526647949073
I'm trying to notify of payment problems,payment_issue,payment_issue,0.9952115273705141
I cannot change some products of pirchase {{Order Number}},change_order,change_order,0.9963559971748356
can you help me to speak to a person?,contact_human_agent,contact_human_agent,0.9939191205212108
"I have to shop a few of your product, how could I do it?",place_order,place_order,0.9915937801907915
i do not know what to do to purchase several of ur product,place_order,place_order,0.9942203784183553
wat support trying to update my address,change_shipping_address,change_shipping_address,0.9958833565010815
what do I need to do to chat with a person?,contact_human_agent,contact_human_agent,0.9926099854597714
problem with canceling purchase {{Order Number}},cancel_order,cancel_order,0.9951951620482932
i cant chat with an operator,contact_human_agent,contact_human_agent,0.993842692886754
see status of purchase {{Order Number}},track_order,track_order,0.9827233626760012
I need hepl with opening a premium account,create_account,create_account,0.9950512256018659
download bill from {{Person Name}},get_invoice,get_invoice,0.9950525916542143
I have to contact an operator,contact_human_agent,contact_human_agent,0.9936975252490798
i purchased some fucking item cancel order {{Order Number}},cancel_order,cancel_order,0.9873762073500449
I want assistance to see the ETA of the order {{Order Number}},track_order,track_order,0.9955839422448481
how can I check the payment modalities?,check_payment_methods,check_payment_methods,0.9954202640684969
help recovering thr PIN of my profile,recover_password,recover_password,0.9940554434957605
how can i notify of an issue with a signup,registration_problems,registration_problems,0.9944328684995506
checking order {{Order Number}} current status,track_order,track_order,0.9958077413933126
I expect a rebate of {{Refund Amount}} dollars,track_refund,track_refund,0.9955111897573143
help me cancelling purchase {{Order Number}},cancel_order,cancel_order,0.9952146827186805
I am trying to speak to an agent,contact_human_agent,contact_human_agent,0.9938331049366883
edit details on freemium account,edit_account,edit_account,0.996046912743052
"I want to see the allowed payment methods , how can I do it?",check_payment_methods,check_payment_methods,0.994373404773707
can I close a {{Account Category}} account?,delete_account,delete_account,0.9934624489692615
"I have to find the damn bill from {{Person Name}}, help me",check_invoice,check_invoice,0.9920454600292046
"I wold like to talk to customer service, could you help me?",contact_customer_service,contact_customer_service,0.9907050510756498
show me my invoices fromn {{Person Name}},check_invoice,check_invoice,0.9888671738720509
i have an issue setting up my new dedlivery address,set_up_shipping_address,set_up_shipping_address,0.996242286716421
is it possible to purchase a few of your article?,place_order,place_order,0.9931037159112898
getting bill #37777,get_invoice,get_invoice,0.9921602445242342
I expect a rebate of {{Refund Amount}} dollars,track_refund,track_refund,0.9955111897573143
I need help to see the status of my newsletter subscription,newsletter_subscription,newsletter_subscription,0.9926782647243808
need to get the invoices from {{Person Name}},get_invoice,get_invoice,0.9957878625629756
can uhelp me to see how long reimbursements usually take,check_refund_policy,check_refund_policy,0.9937290709100598
need assistance modifying my user info,edit_account,edit_account,0.9865157595049858
I need help checking the allowed payment  options,check_payment_methods,check_payment_methods,0.9955177895045336
"I have to update purchase {{Order Number}}, how could I do it?",change_order,change_order,0.9870134618876619
"I want to reset the bloody key of my user, will you help me?",recover_password,recover_password,0.9874923641987836
leaving review about your company,review,review,0.9947186692041513
were do I see at what time I can reach customer service?,contact_customer_service,contact_customer_service,0.9947939866514325
need help filing an complaint against your company,complaint,complaint,0.9947697793314673
could you show me inwhat cases can I ask for refunds?,check_refund_policy,check_refund_policy,0.9888665892468355
where do I receive the corporate newsletter?,newsletter_subscription,newsletter_subscription,0.9960299969898804
I want assistance ordering an article,place_order,place_order,0.9908616841629615
I need help informing of an issue with payment,payment_issue,payment_issue,0.995243285919965
I am trying to earn several items,place_order,place_order,0.9922583653223586
help creating account,registration_problems,create_account,0.8596535089306471
i do not know what to do to cancel purchase {{Order Number}},cancel_order,cancel_order,0.993926784485994
is it possible to place a order from {{Delivery Country}}?,delivery_options,delivery_options,0.9937874629002023
I want help canceling the standard account,delete_account,delete_account,0.9868030896748133
where to recover the pass og my user account,recover_password,recover_password,0.9955342931550755
how can I get information about my newsletter subscription?,newsletter_subscription,newsletter_subscription,0.9926709134244202
"I lost my bill from {{Person Name}}, can you show them to me?",check_invoice,check_invoice,0.977710629403059
I do not know how I can receive the company newsletter,newsletter_subscription,newsletter_subscription,0.9950629611559125
I want help checking how soon can I expect the parcel,delivery_period,delivery_period,0.9934642376140891
help me retsore my pass,recover_password,recover_password,0.9925236033652186
I can't redtore my bloody user pwd,recover_password,recover_password,0.9785265341426755
i need help ordering several articles,place_order,place_order,0.9926678175906001
I need help entering the shipping address,set_up_shipping_address,set_up_shipping_address,0.9956036744700211
i try to talk with a person,contact_human_agent,contact_human_agent,0.995038557098816
cancel purchase  {{Order Number}},cancel_order,cancel_order,0.9918133205375205
is it possible to cancel order {{Order Number}}?,cancel_order,cancel_order,0.9938881068890529
wanna call cystomer assistance,contact_customer_service,contact_customer_service,0.993078081004255
I want assistance to get my invoices from {{Person Name}},get_invoice,get_invoice,0.9947026051369856
help to purcase some of your item,place_order,place_order,0.993369206722229
check in which situations can I request my money back,check_refund_policy,check_refund_policy,0.9957449738152314
need help with canceling order {{Order Number}},cancel_order,cancel_order,0.9953591596935137
where do I make a customer reclamation against your company?,complaint,complaint,0.9967496409736584
ehlp to check ur allowed payment modalities,check_payment_methods,check_payment_methods,0.9959367373432663
can you help me checking your reimbursement policy?,check_refund_policy,check_refund_policy,0.9934725865872857
where do I earn something?,place_order,place_order,0.9928994608550449
i cannot pay want help to report errors with payments,payment_issue,payment_issue,0.9915819097862665
can you help me create a different bloody platinum account?,create_account,create_account,0.9917762999181239
could I check at what time I can call customer service?,contact_customer_service,contact_customer_service,0.9942594055131401
I need assistance to unsubscribe from the company newsletter,newsletter_subscription,newsletter_subscription,0.9959879703505106
I need assistance to chat with a fucking human agent,contact_human_agent,contact_human_agent,0.9914543568240332
file reclamation against your organization,complaint,complaint,0.9941023592757676
I want to know about correcting my delivery address,change_shipping_address,change_shipping_address,0.9964858636237149
I try to notify of an error with online payments,payment_issue,payment_issue,0.9964357517194902
editting details on pro account,edit_account,edit_account,0.9952745880597056
acn ya help me to sign up to ur corporate newsletter,newsletter_subscription,newsletter_subscription,0.994959758323386
showing me estimated time of arrival of purchase {{Order Number}},track_order,track_order,0.8793935772115912
another {{Account Category}} account for father,create_account,create_account,0.9941119782618623
where can I get the invoices from {{Person Name}}?,get_invoice,get_invoice,0.9941443921703037
wanna see at what time customer service available is,contact_customer_service,contact_customer_service,0.9942223805852496
i need help to see the goddamn allowed payment methods,check_payment_methods,check_payment_methods,0.9931500981013631
can I use the bloody {{Account Type}} profile?,switch_account,switch_account,0.9936132601271241
hoe can i check the withdrawal penalties,check_cancellation_fee,check_cancellation_fee,0.9954526051079219
I don't know how I can update my address,change_shipping_address,change_shipping_address,0.994478137952553
assistance seeing how soon can I exect my delivery,delivery_period,delivery_period,0.9946814909640005
"I need to cancel a {{Account Type}} account, could you help me?",delete_account,delete_account,0.9883437333496726
I want assistance to cancel order {{Order Number}},cancel_order,cancel_order,0.9961734147326246
help to locate the bill from {{Person Name}},check_invoice,check_invoice,0.9945333216632787
i cant find anything about the cancellation fees,check_cancellation_fee,check_cancellation_fee,0.9911785579553353
check ur paymnt modalities,check_payment_methods,check_payment_methods,0.994228538669247
assistance seeing in what casew can i ask to be refunded,check_refund_policy,check_refund_policy,0.9931110276290184
i expect a compensqtion of {{Refund Amount}} dollars,track_refund,track_refund,0.9958793962573035
could you help me request a compensation of my money?,get_refund,get_refund,0.9953717682378271
I'm trying to retrieve the pas of my user profile,recover_password,recover_password,0.9953230978033615
hjow to use the gold profile?,switch_account,switch_account,0.9953423876628275
hwat do I have to do to see the early termination charges?,check_cancellation_fee,check_cancellation_fee,0.9944698024697423
what do I need to do to  submit a delivery address?,set_up_shipping_address,set_up_shipping_address,0.9949952624322106
I need to ask fot refunds of money,get_refund,get_refund,0.9960590415411911
i do not know how i can find bill #00108,check_invoice,check_invoice,0.9881027924127076
I can't talk with  a human agent,contact_human_agent,contact_human_agent,0.9934566211466246
how can I inform of a trouble with payhments?,payment_issue,payment_issue,0.9945788140144733
I want assistance deleting a gold account,delete_account,delete_account,0.9932109088221429
I have to restore my profile PIN,recover_password,recover_password,0.9953633770719071
I don't know how I can download my invoice from {{Person Name}},get_invoice,get_invoice,0.9942666011245299
I want help using the pro profile,switch_account,switch_account,0.9940213751517414
I want assistance checking the payment modalities,check_payment_methods,check_payment_methods,0.9930606654334087
need to check in which cases can i request an refund,check_refund_policy,check_refund_policy,0.9953554575452337
I don't know how I can obtain rebates,get_refund,get_refund,0.9915856383034639
"I want to enter the new shipping address, how to do it?",set_up_shipping_address,set_up_shipping_address,0.9968220304679819
help using the {{Account Type}} profile,switch_account,switch_account,0.9967299139446028
is it possible to retrieve my user account password?,recover_password,recover_password,0.995358915128736
I don't know how I can see the early termination penalties,check_cancellation_fee,check_cancellation_fee,0.9935964276059018
need assistancee to check your damn reimbursement policy,check_refund_policy,check_refund_policy,0.990346831289318
I want assistance chatting with an operator,contact_human_agent,contact_human_agent,0.9930230547531425
cancel {{Account Type}} account,delete_account,delete_account,0.9934748546813821
"I have to get the bill from {{Person Name}}, how to do it?",get_invoice,get_invoice,0.9934267777140677
will ya send me my invoices from {{Person Name}},get_invoice,get_invoice,0.987472038809929
modifying information on {{Account Type}} account,edit_account,edit_account,0.9970442774548965
help me create a {{Account Category}} account,create_account,create_account,0.9961805271096392
edit ordr {{Order Number}},change_order,change_order,0.995089436336151
wanna use thed freemium profile can ya help me,switch_account,switch_account,0.992063672552275
where to buy an item,place_order,place_order,0.9943849680626657
how do I check when my shipment is going to arrive?,delivery_period,delivery_period,0.9937120798740354
I can't recerive the newsletter,newsletter_subscription,newsletter_subscription,0.9958447124967785
i have to see how soon can i expect my package how to do ig,delivery_period,delivery_period,0.9947151081196349
updating order {{Order Number}},change_order,change_order,0.9899165336214386
how can I create a gold account for my fiance?,create_account,create_account,0.9956355848270976
need help cancelling my subscription to ur newsletter,newsletter_subscription,newsletter_subscription,0.9952989903918166
want assistance canceling the standard account,delete_account,delete_account,0.9869115674243473
where do I check the payment modalities?,check_payment_methods,check_payment_methods,0.9950277183391584
I want assistance making a complaint against your business,complaint,complaint,0.9931302670486012
help me see in what situations can I request reimbursements,check_refund_policy,check_refund_policy,0.995898647021821
where to notify of issues with a registration,registration_problems,registration_problems,0.996233311483901
i dont know what to do to speak to customer support,contact_customer_service,contact_customer_service,0.9948162827490581
i dont know what i need to do to locate invoice #85632,check_invoice,check_invoice,0.9873784874082302
how do Ispeak with customer service?,contact_customer_service,contact_customer_service,0.9962126892796537
create standard account for wife,create_account,create_account,0.995873293698375
would it be possible to retrieve my user account access key?,recover_password,recover_password,0.9932233836876857
need help to place an oredr,place_order,place_order,0.9670266790477996
new {{Account Category}} account for wife,create_account,create_account,0.994405500550144
I want to buy an article,place_order,place_order,0.9934320493066052
get invoice from nine months ago,get_invoice,get_invoice,0.9782768295509482
is it possible to change to the standard account?,switch_account,switch_account,0.9937283354629689
help me inform of an error with online payment,payment_issue,payment_issue,0.9962269760239614
Ido not know how I can leave a comment,review,review,0.9924466445784352
could you help me cancel purchase {{Order Number}}?,cancel_order,cancel_order,0.9929451043211239
information about opening {{Account Category}} accounts,create_account,create_account,0.9953099341169717
I do not know what to do to chat with an operator,contact_human_agent,contact_human_agent,0.9918546339087033
I want assistance checking how long refunds take,check_refund_policy,check_refund_policy,0.9925616229584152
I need to see the available payment modalities,check_payment_methods,check_payment_methods,0.9962030965288299
correcting purchase {{Order Number}},change_order,change_order,0.989291793472001
I want help to see your payment modalities,check_payment_methods,check_payment_methods,0.9956548972588019
need help informing of rergistration errors,registration_problems,registration_problems,0.9921354850676272
talk with a human agent,contact_human_agent,contact_human_agent,0.9944242261998172
I cannot find the termination penalties,check_cancellation_fee,check_cancellation_fee,0.995403750522622
i dont know what to do to obtain a reimbursement of money,get_refund,get_refund,0.9950013606620937
help me to get in touch with bloody customer support,contact_customer_service,contact_customer_service,0.9906956120448124
i need assistance to set up the new delivery address,set_up_shipping_address,set_up_shipping_address,0.9970128929386819
I don't know how I can track my rebate,track_refund,track_refund,0.9902651350425987
I try to change several bloody items of order {{Order Number}},change_order,change_order,0.9907722653447945
calling customer assistance,contact_customer_service,contact_customer_service,0.9940068596375756
is it possible to order some of ur item,place_order,place_order,0.9914920224019652
I can't talk with a person,contact_human_agent,contact_human_agent,0.9934374515333353
there are issues setting up a secondary shipping address,set_up_shipping_address,set_up_shipping_address,0.9965527244306679
I can't add some items to order {{Order Number}},change_order,change_order,0.9896284008640199
I don't know what to do to remove the platinum account,delete_account,delete_account,0.9943688853911291
where do I check the early termination penalty?,check_cancellation_fee,check_cancellation_fee,0.9950105675665039
need to see in what situations can i ask to be refunded,check_refund_policy,check_refund_policy,0.9950237138138599
i need a {{Account Type}} account could i openm it,create_account,create_account,0.9892271743261923
i dont khow what i need to do to change to the {{Account Type}} account,switch_account,switch_account,0.9949317575766637
order {{Order Number}} status,track_order,track_order,0.9937949970092878
want assistance updating the address,change_shipping_address,change_shipping_address,0.9964172864090806
I don't know what I need to do to order several itmes,place_order,place_order,0.9900864328916906
help seeing order {{Order Number}} status,track_order,track_order,0.9949152398021796
assistance to check the reimbursement status,track_refund,track_refund,0.9941953817005569
i have got to cancel my newsletter subscription,newsletter_subscription,newsletter_subscription,0.995342903355918
"I have got to write a comment about a product, help me",review,review,0.993911565911287
I do not know how to recover the PIN code of my user account,recover_password,recover_password,0.995380650392248
need help acquiring a few of your article,place_order,place_order,0.9939775646778398
I don't know how I can speak with customer support,contact_customer_service,contact_customer_service,0.9940370324071907
how can I check if there is anything new on the restitution?,track_refund,track_refund,0.9949661941415071
check withdrawal charge,check_cancellation_fee,check_cancellation_fee,0.9946013582902115
help to see at what time i  can reach customer assistance,contact_customer_service,contact_customer_service,0.9944936828670201
I cannot swap several articles of order {{Order Number}},change_order,change_order,0.9931267380047544
can ya help me restore my account pass,recover_password,recover_password,0.9937910615570917
how can i inform of problems with online payment,payment_issue,payment_issue,0.99598808951229
help me to check the acceptedpayment modalities,check_payment_methods,check_payment_methods,0.9957600673323882
help correcting the address,change_shipping_address,change_shipping_address,0.9967594499869712
I expect a compensation of {{Currency Symbol}}{{Refund Amount}},track_refund,track_refund,0.9949251360660275
I need help checking the allowed payment methods,check_payment_methods,check_payment_methods,0.9955617833086006
modifu details on freemium account,edit_account,edit_account,0.9950602213291027
i paid {{Refund Amount}} dollars for an article how can i obtain a rebate,get_refund,get_refund,0.9943610070003902
i do not know what to do to correct the shipping address,change_shipping_address,change_shipping_address,0.9954151077122879
want assistance canceling order {{Order Number}},cancel_order,cancel_order,0.9955449446072557
I'm trying to request my money back,get_refund,get_refund,0.9937681736042187
need help switching some articles of order {{Order Number}},change_order,change_order,0.9925910999043962
I don't know what I have to do to report payment problems,payment_issue,payment_issue,0.9918907383350989
i dont know what ihave to do to find my bill #37777,check_invoice,check_invoice,0.9920534998328772
i want help canceling the {{Account Category}} account,delete_account,delete_account,0.9890998191461792
I want help to check how soon can I expect my package,delivery_period,delivery_period,0.995296343060084
can you help me cancel my subscription to the newsletter?,newsletter_subscription,newsletter_subscription,0.9969394029900539
i want help solving a trouble with online paymwnts,payment_issue,payment_issue,0.9919678461704127
I do not know how I can buy some of your article,place_order,place_order,0.9920253319407321
check the ETA of purchase {{Order Number}},track_order,track_order,0.9964041473573645
i do not have a standard account assistance registering,create_account,create_account,0.9803459188138633
I need information about correcting purchase {{Order Number}},change_order,change_order,0.99204704392149
i need assistance cancelling purchase {{Order Number}},cancel_order,cancel_order,0.9937715663646495
i have problems setting up my delivery address,set_up_shipping_address,set_up_shipping_address,0.9949239741253074
i need help seeing ur reimbursement policy,check_refund_policy,check_refund_policy,0.9937066304651182
"I am not happy with your work, I need help making a claim",complaint,complaint,0.9907290295666531
assistance to shop a few of your item,place_order,place_order,0.99454764447536
help me to find my invoice from {{Person Name}},check_invoice,check_invoice,0.9948886859640997
I do not know how to leave some feedback about a product,review,review,0.9951443467447013
"I want to see the early exit penalty, how can I do it?",check_cancellation_fee,check_cancellation_fee,0.9918462714960112
I don't know what I need to do to enter the shipping address,set_up_shipping_address,set_up_shipping_address,0.9938600925061659
need assistance checking my compensation current status,track_refund,track_refund,0.9925009428875962
question about my lost access key,recover_password,recover_password,0.9945978808598377
where to see how long the delivery takes?,delivery_period,delivery_period,0.9929378305432571
can uhelp me downloading the invoice from {{Person Name}},get_invoice,get_invoice,0.9951013718203612
I want assistance to create a pro account,create_account,create_account,0.9961486103569818
want assistance to make a consumer claim against ur business,complaint,complaint,0.9949386274536755
create new platinum account for daughter,create_account,create_account,0.9960452120379278
I need help to submit my delivery address,set_up_shipping_address,set_up_shipping_address,0.9965809538681372
"I have got to call customer support, how could I do it?",contact_customer_service,contact_customer_service,0.990832516948676
update details on {{Account Type}} account,edit_account,edit_account,0.9969655002703766
switch to  {{Account Category}} account,switch_account,switch_account,0.9940681249943957
want asistance to download the bill #85632,get_invoice,get_invoice,0.9950110043538665
"my card was declined, can I report problems with payments?",payment_issue,payment_issue,0.9945869473060451
i do not know how to obtain rebates of money,get_refund,get_refund,0.9955572939665377
assistance to talk to somebody,contact_human_agent,contact_human_agent,0.9937008958631194
I try to change the delivery address,change_shipping_address,change_shipping_address,0.9959033315573759
want assistance to request a restitution of money,get_refund,get_refund,0.9953857820929937
see the early termination charge,check_cancellation_fee,check_cancellation_fee,0.9963482875835377
"I lost my bill from {{Person Name}}, will you show it to me?",check_invoice,check_invoice,0.9158691189165528
can uhelp me downloading my invoice #12588,get_invoice,get_invoice,0.9942195158189829
I'd like to use the premium profile i need assistance,switch_account,switch_account,0.9928412352461559
where can I look for the invoice #12588?,check_invoice,check_invoice,0.9952776188852664
"I am waiting for a compensation of {{Currency Symbol}}{{Refund Amount}}, was it processed",track_refund,track_refund,0.9952463623015887
need to modify my fucking user information how can i do it,edit_account,edit_account,0.9887569597091806
i dont know what i need to do to sign up to the newsletter,newsletter_subscription,newsletter_subscription,0.992125821599544
can you send me my damn invoice from {{Person Name}}?,get_invoice,get_invoice,0.9922926782193037
i want assistance to swap something of purchase {{Order Number}},change_order,change_order,0.992247062385442
assistance to check ur refund pollicy,check_refund_policy,check_refund_policy,0.9938476772932776
could you help me opening a gold account?,create_account,create_account,0.9920923535279617
help touse the pro profile,switch_account,switch_account,0.994547675211758
closing freemium account,delete_account,delete_account,0.9920606586579822
I don't know how I could check my bill #37777,check_invoice,check_invoice,0.9901382842491712
I am trying to see the allowed payment methods,check_payment_methods,check_payment_methods,0.9961712700122306
new platinum acount for wife,create_account,create_account,0.9926726853444802
i do not know what i need to do to remove my {{Account Type}} account,delete_account,delete_account,0.9946370030392345
I am looking for information about my password reset,recover_password,recover_password,0.9931578155140063
assistance using the {{Account Category}} profile,switch_account,switch_account,0.996015824287225
find information about my lost PIN,recover_password,recover_password,0.9931968903796218
how do i use the standard account,switch_account,switch_account,0.992656646009698
i want assistance to see the eta of order {{Order Number}},track_order,track_order,0.9963092164553817
i expect a restitution of {{Currency Symbol}}{{Refund Amount}},track_refund,track_refund,0.996256990743453
i have to set up the delivery  address,set_up_shipping_address,set_up_shipping_address,0.9967575764961532
"I have got to locate bill #85632, how do I do it?",check_invoice,check_invoice,0.9865046667618372
I cannot check your reimbursement policy,check_refund_policy,check_refund_policy,0.9951201028477006
how can I obtain my money back?,get_refund,get_refund,0.994119021444127
I need assistance to earn some articles,place_order,place_order,0.9929745452658368
I don't know what I have to do to chat with an assistant,contact_human_agent,contact_human_agent,0.9901788591978263
want assistance to check the status of purchase {{Order Number}},track_order,track_order,0.9961856121641425
remove {{Account Type}} account,delete_account,delete_account,0.9939013951932901
i have a problem with the termination of my {{Account Type}} account,delete_account,delete_account,0.9958207123211679
do you have a free number to contact customer support?,contact_customer_service,contact_customer_service,0.9950962418193684
how can I find information about changing my address?,change_shipping_address,change_shipping_address,0.9901905425140693
I don't know what to do to contact customer assistance,contact_customer_service,contact_customer_service,0.9932222346048913
cancel purchase00123842,cancel_order,cancel_order,0.9871952626763169
where could I acquire something?,place_order,place_order,0.9917890596866071
I don't know how I can unsubscribe to the newsletter,newsletter_subscription,newsletter_subscription,0.9946183799354619
"you are not helpful, I want assistance talking with someone",contact_human_agent,contact_human_agent,0.9914561066842466
open a {{Account Category}} account for my dad,create_account,create_account,0.9956979888875089
edit information on {{Account Category}} account,edit_account,edit_account,0.9953435324166865
"I do not understand you, could I contact a person?",contact_human_agent,contact_human_agent,0.9903233888607831
help to lodge a customer claim against ur organization,complaint,complaint,0.9967499799481084
i have got to check when my shipment is gonna arrive,delivery_period,delivery_period,0.9942357794018837
i have to delete the fucking freemium account i need help,delete_account,delete_account,0.9912447089388086
want help giving a quick look at my bills from {{Person Name}},check_invoice,check_invoice,0.9947224161586498
I try to see in what cases can I request refunds,check_refund_policy,check_refund_policy,0.9958602322198443
where do i open a standard account,create_account,create_account,0.9942243758486818
how to contact a human agent?,contact_human_agent,contact_human_agent,0.9947776278668704
where to open a {{Account Category}} account?,create_account,create_account,0.9955959574285934
is it possible to check the statsu of order {{Order Number}}?,track_order,track_order,0.9654061345405794
I don't know what to do to delete a freemium account,delete_account,delete_account,0.9924185276503414
how long till I receive my refund of money ?,get_refund,get_refund,0.9945940514729475
i dont know how i can purcase some items,place_order,place_order,0.9882938010900856
I want help downloading bill #00108,get_invoice,get_invoice,0.9938672029958412
need assistance checking the ETA of the purchase {{Order Number}},track_order,track_order,0.9967670787275259
can ya help me seeing the bloody early exit fee,check_cancellation_fee,check_cancellation_fee,0.9871947520397774
I don't know  what to do to retrieve the pwd of my profile,recover_password,recover_password,0.9932984113039679
how to see at what time i can reach customer support,contact_customer_service,contact_customer_service,0.9951721776004474
create gold account,create_account,create_account,0.9932695635062414
I do not know how I can chat with an operator,contact_human_agent,contact_human_agent,0.9909772817474619
i need help to file a consumer complaint,complaint,complaint,0.9954558452930002
seeing biols from {{Person Name}},check_invoice,check_invoice,0.9932033162517024
I have to notify of a sign-up error,registration_problems,registration_problems,0.9952948758076149
i have issues modifying my delivery address,change_shipping_address,change_shipping_address,0.9952842073575267
I try to see the ETA of order {{Order Number}},track_order,track_order,0.9971952041885116
i expect a compensation of {{Currency Symbol}}{{Refund Amount}} was it processed,track_refund,track_refund,0.9958310464637258
what do i have to do to remove a {{Account Category}} account,delete_account,delete_account,0.9925670856995884
help me retrieve the key of my account,recover_password,recover_password,0.9967121128818087
want assistance to update my shipping address,change_shipping_address,change_shipping_address,0.9966216198809085
i do not know how to lodge a consumer cmplaint,complaint,complaint,0.9937913098543354
can ya help me remove some products from order {{Order Number}},change_order,change_order,0.9948973725162497
were could I check your money back policy?,check_refund_policy,check_refund_policy,0.9922037765602001
wanna know more about delivery period find some information,delivery_period,delivery_period,0.9900429281718939
updating details on {{Account Type}} account,edit_account,edit_account,0.9969690561560722
help me to close the platinum account,delete_account,delete_account,0.9955344352015646
"I want to check the available payment methods, help me",check_payment_methods,check_payment_methods,0.9947439728326936
I want help to shop several products,place_order,place_order,0.9945249451948631
"my delivery address changed, help me update it",change_shipping_address,change_shipping_address,0.9959138213834199
how do I use the {{Account Category}} account?,switch_account,switch_account,0.9935872630824996
I want assistance submitting my new shipping address,set_up_shipping_address,set_up_shipping_address,0.9965217935820035
what do I need to do to call cusromer support?,contact_customer_service,contact_customer_service,0.9916577035289363
how can  i purchase something,place_order,place_order,0.9914192048958923
want assistance to make a claim,complaint,complaint,0.9925168378066527
I try to purchase some of your item,place_order,place_order,0.9950100083893219
am I entitled to a reimbursement?,check_refund_policy,get_refund,0.9135684425636335
I need assistance earning several of your product,place_order,place_order,0.9945265852850061
assistance to see the ETA of the purchase {{Order Number}},track_order,track_order,0.9964737410597033
where do I check the ETA of the purchase {{Order Number}}?,track_order,track_order,0.997202873903524
need assistance to download invoice #00108,get_invoice,get_invoice,0.9947219498191692
I want help setting up my secondary delivery address,set_up_shipping_address,set_up_shipping_address,0.9965195622614346
I need help to see what hours I can reach customer service,contact_customer_service,contact_customer_service,0.994929381783121
assistance to submit feedback about a service,review,review,0.9962662969966972
want assistance entering a seconxary shipping address,set_up_shipping_address,set_up_shipping_address,0.9958915520458639
how can I acquire a product?,place_order,place_order,0.9940356142780263
can i check what hours i can contact customer service,contact_customer_service,contact_customer_service,0.9954151843266001
reimburse {{Refund Amount}} dollars,get_refund,get_refund,0.9944771396282812
can you show me what payment options you accept?,check_payment_methods,check_payment_methods,0.9949325551288076
help me to change to the {{Account Category}} account,switch_account,switch_account,0.9964518747773375
I can't change to the damn gold account,switch_account,switch_account,0.9935520067277066
help me check the eta of purchase {{Order Number}},track_order,track_order,0.995596586288146
how do I speak to an assistant?,contact_human_agent,contact_human_agent,0.992944822889033
i need help to update my address,change_shipping_address,change_shipping_address,0.994448153122633
I cannot submit my shipping address,set_up_shipping_address,set_up_shipping_address,0.9955923200777268
locate order {{Order Number}},track_order,track_order,0.9812064600736993
where do I check what damn shipment options are available?,delivery_options,delivery_options,0.9915392182750931
I want assistance to check the bill #85632,check_invoice,check_invoice,0.9938748905208504
I need assistance downloading invoice #00108,get_invoice,get_invoice,0.9938553980941794
clsoe {{Account Category}} account,delete_account,delete_account,0.9902574433474897
help to create a {{Account Category}} account for my fiance,create_account,create_account,0.9967977231615407
is there a section to send feedback about ur products,review,review,0.996510963092711
I have to use the pro account,switch_account,switch_account,0.9961029548127037
wanna see pjrchase {{Order Number}} damn current status,track_order,track_order,0.9942524552689843
can you help me see the termination charge?,check_cancellation_fee,check_cancellation_fee,0.9944788246906299
see what hours customer service available is,contact_customer_service,contact_customer_service,0.9954677605226115
how do i check what goddamn payment methods are lalowed,check_payment_methods,check_payment_methods,0.9880646767717902
assistance checking what payment methods are accepted,check_payment_methods,check_payment_methods,0.9959081817808091
can you help me cancel purchase {{Order Number}}?,cancel_order,cancel_order,0.9940550904179309
I'm trying to inform of an issue with payments,payment_issue,payment_issue,0.9957356423494184
i do not know how to check my compensation status,track_refund,track_refund,0.9934576785422223
do you have a way to submit some feedback for your services?,review,review,0.9952046994784722
cancelling order {{Order Number}},cancel_order,cancel_order,0.9926886163297425
do you have a toll-free number to reach customer support?,contact_customer_service,contact_customer_service,0.9941176278186362
I'm waiting for a  compensation of {{Currency Symbol}}{{Refund Amount}},track_refund,track_refund,0.9952325858762618
I want help to use the bloody {{Account Category}} profile,switch_account,switch_account,0.9936976185890095
how can i get information about  my pro account deletion,delete_account,delete_account,0.9922823832305925
need help seeing in what cases can i ask ofr reimbursements,check_refund_policy,check_refund_policy,0.9951522999593054
I try to check in what situations can I request a refund,check_refund_policy,check_refund_policy,0.9956823143875599
"I have to see my invoice from {{Person Name}}, help me",check_invoice,check_invoice,0.9935399764546168
i have to download my bills from 7 last weeks i need help,get_invoice,get_invoice,0.9928549711024207
I have problems setting a secondary shipping address up,set_up_shipping_address,set_up_shipping_address,0.9965022358204981
i don know what to do to see the payment modalities,check_payment_methods,check_payment_methods,0.9942014377015026
I need help cancelling order {{Order Number}},cancel_order,cancel_order,0.9954493067411793
how do I check the termination charge?,check_cancellation_fee,check_cancellation_fee,0.9949906583926298
ETA of ordr {{Order Number}},track_order,track_order,0.9689664397784518
wanna check at what time i can reach customer assistance,contact_customer_service,contact_customer_service,0.9932282321592057
how to get bill #85632?,get_invoice,get_invoice,0.9948972575653601
information about the cancellation of my {{Account Category}} account,delete_account,delete_account,0.9967695160232131
wanna use theFreemium account i need help,switch_account,switch_account,0.9871366692124481
how do i check  when will my parcel arrive,delivery_period,delivery_period,0.9926895663702565
can you help me deleting my {{Account Type}} account?,delete_account,delete_account,0.9953117509657461
i need assistance to submit feedback about a service,review,review,0.9959848425275469
I want assistance to remove a pro account,delete_account,delete_account,0.9950127532369293
"I need to check your reimbursement policy, will you help me?",check_refund_policy,check_refund_policy,0.9926230051220034
updating {{Account Type}} account,edit_account,edit_account,0.9857955091182756
I am waiting for a rebate of {{Currency Symbol}}{{Refund Amount}},track_refund,track_refund,0.994895436257841
i do not know what i nded to do to edit my delivery address,change_shipping_address,change_shipping_address,0.9932673440549539
i need assistance to switch to the {{Account Type}} account,switch_account,switch_account,0.995597076373679
I need help seeing how soon can I expect my purchase,delivery_period,delivery_period,0.9949218412683386
I need assistance editing the information on my user,edit_account,edit_account,0.9931932511135625
help to leave my goddamn feedback for your company,review,review,0.9948056821102327
canceling order {{Order Number}},cancel_order,cancel_order,0.9928604824877499
supports editing the shipping address,change_shipping_address,change_shipping_address,0.9967002631618899
i have an error trying to change my address,change_shipping_address,change_shipping_address,0.9942197593476244
I have to receive a reimbursement of money,get_refund,get_refund,0.9964248337552893
"I cannot create a user, help to inform of a signup problem",registration_problems,registration_problems,0.9926317009196667
I do not know what to do to send feedback for a product,review,review,0.9939744888164453
assistance to check in which cases can I request a refund,check_refund_policy,check_refund_policy,0.9953553704493453
I want help notifying of a error with a signup,registration_problems,registration_problems,0.9942062098280949
I don't know what I have to do to change to the pro account,switch_account,switch_account,0.9938840138552297
i dont know what i have to do to buy an article,place_order,place_order,0.9908087818965371
i expect a compensation of {{Refund Amount}} dollars,track_refund,track_refund,0.9957282923744737
I am looking for information about the access key retrieval,recover_password,recover_password,0.9935580031398433
where to notify of an error with signup?,registration_problems,registration_problems,0.9957974895010424
need to  locate the bill from {{Person Name}} help me,check_invoice,check_invoice,0.9928842076906808
I want supports editing my address,change_shipping_address,change_shipping_address,0.9966453097880317
how do i check at what time i can call  customer service,contact_customer_service,contact_customer_service,0.9944119119352851
i have a question about creating a {{Account Type}} account,create_account,create_account,0.9954099612470464
change details on platinum account,edit_account,edit_account,0.9942998735518834
need help removing several products from order {{Order Number}},change_order,change_order,0.9948339074899261
help me see the current status of my rebate,track_refund,track_refund,0.9931098904107412
can you help me notifying of troubles with online payment?,payment_issue,payment_issue,0.9944638657302513
can you help me to update order {{Order Number}}?,change_order,change_order,0.9915017547390202
why I cannot set the new shipping address valid up,set_up_shipping_address,set_up_shipping_address,0.9954826340095964
I want assistance to subscribe to your company newsletter,newsletter_subscription,newsletter_subscription,0.9962182441928644
creating new premium account for daughter,create_account,create_account,0.9962641454033117
where can I change to the goddamn {{Account Category}} account?,switch_account,switch_account,0.9936309313712663
i have got to download my invoice #12588 how do i do it,get_invoice,get_invoice,0.9918220824761694
can ya help me checking the cancellation charges,check_cancellation_fee,check_cancellation_fee,0.9927598578765263
I havd problems with a shipping address update,change_shipping_address,change_shipping_address,0.990179883752104
help me receiving your company newsletter,newsletter_subscription,newsletter_subscription,0.9960290440829339
what do I need to do to see the ETA of purchase {{Order Number}}?,track_order,track_order,0.9954096994983456
assistance to report troubles with payments,payment_issue,payment_issue,0.9964224384882528
reimburse {{Refund Amount}} dollar,get_refund,get_refund,0.9948014460706106
can you help me to lodge a claim against your business?,complaint,complaint,0.9940586814520348
wana swap a damn product of order {{Order Number}} help me,change_order,change_order,0.9848296399378599
could you help me to correct my shipping address?,change_shipping_address,change_shipping_address,0.9953926368659217
I do not know how to open a {{Account Type}} account for my daughter,create_account,create_account,0.9958680274416923
help me checking in what cases can i ask for refunds,check_refund_policy,check_refund_policy,0.9953559865690201
I  need assistance to sign up to the newsletter,newsletter_subscription,newsletter_subscription,0.9951491670431633
I don't know what to do to see what shipment methods I have,delivery_options,delivery_options,0.9940094469237001
can you help me to cancel order {{Order Number}} ?,cancel_order,cancel_order,0.9891665037723375
how to delete an article from order {{Order Number}},change_order,change_order,0.9949416770703245
help me to cancel purchase {{Order Number}},cancel_order,cancel_order,0.9962233574686538
do ya have an e-mail to leave a comment for ur products,review,review,0.9950166126045167
there is a trouble modifying the shipping address,change_shipping_address,change_shipping_address,0.9938210302482272
"I do not want this item, cancel order {{Order Number}}",cancel_order,cancel_order,0.9962915759666379
can i order frlm {{Delivery City}},delivery_options,delivery_options,0.9941716109457531
shipments to {{Delivery City}},delivery_options,delivery_options,0.9954589618152707
how to check at what time i can call customer service,contact_customer_service,contact_customer_service,0.9946311678678669
seebills from {{Person Name}},check_invoice,check_invoice,0.9888119532144604
I don't know how to check the available payment methods,check_payment_methods,check_payment_methods,0.9951418559886243
seeing order {{Order Number}} status,track_order,track_order,0.994150205864106
where do i check what hours i can call customer service,contact_customer_service,contact_customer_service,0.9952555873809065
show me ur accepted payment methods,check_payment_methods,check_payment_methods,0.9963848539069806
how do i check what delivery methods are available,delivery_options,delivery_options,0.9942981450033619
getting invoices from {{Person Name}},get_invoice,get_invoice,0.9910329229680036
help to report a registration problem,registration_problems,registration_problems,0.9964133207249298
reporting issue creating account,registration_problems,registration_problems,0.9884864718286557
where do i make a complaint,complaint,complaint,0.9919754015194648
need to modify the details on my user profile how to do it,edit_account,edit_account,0.9951387526906826
there are errors setting up a damn delivery address,set_up_shipping_address,set_up_shipping_address,0.9939163267908094
need help seeing when my shipment is gonna arrive,delivery_period,delivery_period,0.9939034141932866
i need assistance giving a quick look at my bill #00108,check_invoice,check_invoice,0.9940572050907429
is there an e-mail to send feedback about ur services,review,review,0.9943705291809536
I try to retrieve my profile access key,recover_password,recover_password,0.9964123313693869
"I want to file a customer reclamation, can I get some help?",complaint,complaint,0.9933720706430735
i need assistance to cancel order {{Order Number}},cancel_order,cancel_order,0.9955972424335178
where can I see when my package is going to arrive?,delivery_period,delivery_period,0.9947879080707501
i want assistance talking to customer service,contact_customer_service,contact_customer_service,0.995423830344059
"I need to set my shipping address up, how do I do it?",set_up_shipping_address,set_up_shipping_address,0.9953120495680716
need assikstance checking your allowed payment modalities,check_payment_methods,check_payment_methods,0.9949066446747669
need to sign up to the corporate newsletter how can i do it,newsletter_subscription,newsletter_subscription,0.9942532106018707
i have to see the early exit chrge can i get some help,check_cancellation_fee,check_cancellation_fee,0.9878755762143637
how do I use the platinum profile?,switch_account,switch_account,0.994377851331402
edtiing order {{Order Number}},change_order,change_order,0.9242042520809594
where can i get information about the delivery period,delivery_period,delivery_period,0.9883637134460669
what do I need to do to get my goddamn bill from {{Person Name}}?,get_invoice,get_invoice,0.9906996012279867
create pro accountfor wife,create_account,create_account,0.9961092304698919
help me checking what payment options are allowed,check_payment_methods,check_payment_methods,0.9957260553802564
create pro account for wife,create_account,create_account,0.9967542352808207
updating data on premium account,edit_account,edit_account,0.99675480143862
I try to know if there is anything new on my compensation,track_refund,track_refund,0.9946700900901243
unsubscribe to company newsletter,newsletter_subscription,newsletter_subscription,0.99728299474056
supports trying to update my address,change_shipping_address,change_shipping_address,0.9955131954302555
i do not know how i can obtain a restitution of my money,get_refund,get_refund,0.99373673511865
I cannot edit ym address,change_shipping_address,change_shipping_address,0.9937693512043527
I want help ordering several articlers,place_order,place_order,0.9932986919410913
do you have an e-mail address to contact customer support?,contact_customer_service,contact_customer_service,0.9942619626184971
i habe a problem with my pin retrieval,recover_password,recover_password,0.9910548215740485
want help to file a consumer claim,complaint,complaint,0.9955242011446597
I am trying to submit feedback about a product,review,review,0.9954972880627052
i try to niform of issues with a signup,registration_problems,registration_problems,0.9958143958454057
want help to see the cancellation fees,check_cancellation_fee,check_cancellation_fee,0.9949610991996928
information about a PIN recovery,recover_password,recover_password,0.9932479909677285
i do not know what i need to do to open a {{Account Type}} account,create_account,create_account,0.9920589272235768
I need help seeing purchase {{Order Number}} current status,track_order,track_order,0.9945830669336658
i want information about my password retrieval,recover_password,recover_password,0.9950232167578013
help me informing of an issue with payment,payment_issue,payment_issue,0.9955474908487694
I do not know what I need to do to purchase several items,place_order,place_order,0.9912396193225175
I need assistance seeing the compensation current status,track_refund,track_refund,0.990589931272209
can you help me to see your accepted payment modalities?,check_payment_methods,check_payment_methods,0.9957270434426703
I have got to subscribe to the company newsletter,newsletter_subscription,newsletter_subscription,0.9959440388220715
I have to report issues with payments,payment_issue,payment_issue,0.9967333267762467
help me to restore the key of my user,recover_password,recover_password,0.9965079173090222
need help editing m address,change_shipping_address,change_shipping_address,0.9847270055098001
"I paid {{Currency Symbol}}{{Refund Amount}} for a product, where can I get a fucking rebate?",get_refund,get_refund,0.9933541064128905
I need to speak to an operator,contact_human_agent,contact_human_agent,0.9943017802821589
can I check how long reimbursements usually take?,check_refund_policy,check_refund_policy,0.9948073882399311
help me check your refund policy,check_refund_policy,check_refund_policy,0.9956422488072958
I need assistance to submit my feedback for your products,review,review,0.9961428114323745
i dont know how to look for  my invoice #85632,check_invoice,check_invoice,0.9939016665861812
I am calling to make a complaint against your company,complaint,complaint,0.9949151467029157
I'm trying to open a {{Account Category}} account,create_account,create_account,0.9953280163467532
open a damn {{Account Type}} account for my father,create_account,create_account,0.994716397369206
tell me more about correcting the delivery address,change_shipping_address,change_shipping_address,0.9968982461477816
I have got to earn some products,place_order,place_order,0.9917216831426158
"I have got to earn a product, I need help",place_order,place_order,0.9920268435477858
I cannot inform of sign-up issues,registration_problems,registration_problems,0.9947001928946126
I try to retrieve my fucking profile password,recover_password,recover_password,0.9936535378986054
show me how long it takes for the article to arrive,delivery_period,delivery_period,0.9947285466245042
what do I need to do to check the shipment options?,delivery_options,delivery_options,0.9936472025312764
are there early termination penalties,check_cancellation_fee,check_cancellation_fee,0.99556981652414
want assistance cancelling order {{Order Number}},cancel_order,cancel_order,0.9952753149726566
can I modify order {{Order Number}}?,change_order,change_order,0.9931721643730905
how can I check how soon can I expect my item?,delivery_period,delivery_period,0.9948994040295928
edit standard account,edit_account,edit_account,0.9685635475133231
where to submit a new delivery address?,set_up_shipping_address,set_up_shipping_address,0.997108770346371
"I would like to make a complaint, I need assistance",complaint,complaint,0.9873426946144831
I am waiting for a reimbursement of {{Refund Amount}} dollras,track_refund,track_refund,0.9951161178248968
i have to find my invoice #12588 how todo it,check_invoice,check_invoice,0.9936905206175682
I'm trying to correct my shipping address,change_shipping_address,change_shipping_address,0.9963323094395257
"my experience with your brand was bad, lodge a reclamation",complaint,complaint,0.9940932835286981
I'm waiting for a ocmpensation of {{Refund Amount}} dollars,track_refund,track_refund,0.9954074707589532
i have a problem entering a secondary shipping address,set_up_shipping_address,set_up_shipping_address,0.9961923399588063
uhave a free number to talk to customer support,contact_customer_service,contact_customer_service,0.9957165509463635
I want to see at what time I can call customer support,contact_customer_service,contact_customer_service,0.9952476039517157
I need to open a {{Account Type}} account,create_account,create_account,0.9962897417811843
need to chnange to the {{Account Type}} account could i get some help,switch_account,switch_account,0.9876676963266005
i do not know what to do to see what shipping methods i have,delivery_options,delivery_options,0.9932615267319477
i dont know how to switch to the platinum account,switch_account,switch_account,0.9949715712857058
when am i gonna get a reimbursement,get_refund,get_refund,0.9921132496987349
help me earning a few of your product,place_order,place_order,0.9945216685859211
need help obtaining  damn rebates of my money,get_refund,get_refund,0.9953206055723429
I want help to close a standard account,delete_account,delete_account,0.9954828854567538
add several articles to order {{Order Number}},change_order,change_order,0.9934159092735614
edit details on {{Account Category}} account,edit_account,edit_account,0.9959920086317454
"I have to leave a comment for your services, help me",review,review,0.9953217181897694
I don't know what to do to speak with cusstomer service,contact_customer_service,contact_customer_service,0.9928094579638541
i do not have a goddamn pro acciunt yet help to create one,create_account,create_account,0.9909627436722572
I need support with my sign-up,registration_problems,registration_problems,0.9939345661068918
wanna see ur available payment metods i need assistance,check_payment_methods,check_payment_methods,0.9883747713080177
i expect a reimbursement of {{Currency Symbol}}{{Refund Amount}},track_refund,track_refund,0.9951840215075586
can i check what hours i can call customer assitsance,contact_customer_service,contact_customer_service,0.9938882877103862
I need assistance to see your money bac guarantee,check_refund_policy,check_refund_policy,0.9915362794040763
how could I see the shipment options?,delivery_options,delivery_options,0.9940254759495492
I need assistance cancelling purchase {{Order Number}},cancel_order,cancel_order,0.9937715663646495
is it possible to report issues with sin-up?,registration_problems,registration_problems,0.962664271198031
"I want to see how soon can I expect the order, how to do it?",delivery_period,delivery_period,0.9920868917906079
i lost the pass of my user how do i recover it,recover_password,recover_password,0.9949910019482712
help me lodging a customer complaint against your business,complaint,complaint,0.996081308376302
would it be possible to inform of damn errors with payments?,payment_issue,payment_issue,0.9920267506121432
is it possible to locate invoice #37777,check_invoice,check_invoice,0.9884119193363912
open a freemium account,create_account,create_account,0.9933427991402578
how do I report issues with online payment?,payment_issue,payment_issue,0.9962737957703692
"I want to see the termination fee, help me",check_cancellation_fee,check_cancellation_fee,0.9943830962023132
help me see your accepted payment methods,check_payment_methods,check_payment_methods,0.9965946705341281
"I have to check purchase {{Order Number}} status, I need help",track_order,track_order,0.9962705510783544
I don't know how I can change to the standard account,switch_account,switch_account,0.9941971815037148
I can't subscribe to the newsletter,newsletter_subscription,newsletter_subscription,0.995970189324244
how can i notify of errors with a sign-up,registration_problems,registration_problems,0.9947741843132586
how can i set up my new shipping address,set_up_shipping_address,set_up_shipping_address,0.9973061404041346
is it possible to notify of sign-up errors?,registration_problems,registration_problems,0.9924763092729206
i need help calling customer service,contact_customer_service,contact_customer_service,0.992904444446904
can you help me take a quick look at the invoice #00108?,check_invoice,check_invoice,0.9939314459531214
want assistance to get the bills from {{Person Name}},get_invoice,get_invoice,0.9948958021013388
can you help me subscribe to your newsletter?,newsletter_subscription,newsletter_subscription,0.9956806590084543
is it possible to see in what cases can i ask for a refund,check_refund_policy,check_refund_policy,0.9932835048856736
I cannot submit a secondary delivery address,set_up_shipping_address,set_up_shipping_address,0.9968192147187054
where can I see what hours I can reach customer assistance?,contact_customer_service,contact_customer_service,0.9942722558831251
how to list your bloody accepted payment methods?,check_payment_methods,check_payment_methods,0.9945068272667686
assistance to buiy some of your product,place_order,place_order,0.9935499673448213
i have to lodge a complaint against ur business,complaint,complaint,0.9946221713717516
i do not know what i have to do to get my bill #00108,get_invoice,get_invoice,0.9916742818806329
need help acquiring a few of ur product,place_order,place_order,0.9942354905585243
can you show me what hours I can reach customer assistance?,contact_customer_service,contact_customer_service,0.9927023988997185
need help using the gold aaccount,switch_account,switch_account,0.995199386648178
where can I get information about updating my address?,change_shipping_address,change_shipping_address,0.9930722085412277
how to restore the key of my profile,recover_password,recover_password,0.9960499884554936
how can I contact an agent?,contact_human_agent,contact_human_agent,0.9939415326398438
can I remove an article from order {{Order Number}}?,change_order,change_order,0.9943608204215518
wanna send my feedback for ur services,review,review,0.9952446451393596
what do I have to do to close a premium account?,delete_account,delete_account,0.9947685737292935
I want assistance to swap some items of order {{Order Number}},change_order,change_order,0.9922807461881265
"I do not have a freemium account, help me register",create_account,create_account,0.9859002316677538
can you help me sending my feedback for your services?,review,review,0.9953839954394486
I am trying to file a rreclamation against your business,complaint,complaint,0.9932933386881729
I want assistance cancelling purchase {{Order Number}},cancel_order,cancel_order,0.9948284208523113
can i retrieve my prfile pin code,recover_password,recover_password,0.9948894030618103
problem with cancelling purchase {{Order Number}},cancel_order,cancel_order,0.995025048702472
"I no longer need the {{Account Type}} account, I want to delete it",delete_account,delete_account,0.9966057418797124
help with deleting some items from my last order,change_order,change_order,0.9769417712075903
can ya help me checking the early termination  penalties,check_cancellation_fee,check_cancellation_fee,0.9940168638808583
I have got to see what shipment options I can choose,delivery_options,delivery_options,0.9948541852613877
i have got to modify the details on my account help me,edit_account,edit_account,0.9958901999852251
I would like to see in which cases can I ask to be refunded,check_refund_policy,check_refund_policy,0.9923259457426968
I need help cancelling purchase {{Order Number}},cancel_order,cancel_order,0.9948521255631867
see at what time I can get in touch with customer support,contact_customer_service,contact_customer_service,0.995067809833072
what do i have to do to open a {{Account Type}} account,create_account,create_account,0.9944029710225758
want help cancelling purchase {{Order Number}},cancel_order,cancel_order,0.9951090443578238
i need help cancelling puchase {{Order Number}},cancel_order,cancel_order,0.9946859109349643
could you help me update order {{Order Number}}?,change_order,change_order,0.9888545276920123
I need to see the ETA of order {{Order Number}},track_order,track_order,0.9970002075492618
assistance changing to the standard account,switch_account,switch_account,0.9932630140093573
I do not know what to do to change to the {{Account Type}} account,switch_account,switch_account,0.9952445035136748
remove {{Account Category}} accoint,delete_account,delete_account,0.9946988965946651
can you show me the ETA of order {{Order Number}}?,track_order,track_order,0.996005390122091
can ya help me to see what payment options ya accept,check_payment_methods,check_payment_methods,0.9952575755884384
"I made a mistake, I need to correct order {{Order Number}}",change_order,change_order,0.9935552806957014
I have to report troubles with payment,payment_issue,payment_issue,0.9963725799400501
I don't know how I could leave a comment about your company,review,review,0.9927041791526965
can i order from {{Delivery City}},delivery_options,delivery_options,0.9947211120738007
I do not know what I need to do to report payment problems,payment_issue,payment_issue,0.9910065000956602
changkng to {{Account Type}} account,switch_account,switch_account,0.9948654698332193
I do not know what to do to check the termination penalties,check_cancellation_fee,check_cancellation_fee,0.9933181916723713
i haveto get the invoice from {{Person Name}} how can i do it,get_invoice,get_invoice,0.9933516146998754
can ya help me to see what payment option are allowed,check_payment_methods,check_payment_methods,0.9954420262758976
I have got to make a complaint against your company,complaint,complaint,0.9947740002695599
checking order status,track_order,track_order,0.956683449160518
unsubscribe from company newsletter,newsletter_subscription,newsletter_subscription,0.9958123660587387
can uhelp me to contact somebody,contact_human_agent,contact_human_agent,0.9925276246744797
"the new delivery address isn't valid, how to do it?",set_up_shipping_address,set_up_shipping_address,0.9946908752039268
I can't see order {{Order Number}} status,track_order,track_order,0.9947863240955078
need assistance purchasing some of ur article,place_order,place_order,0.9929280896463738
I am trying to recover my user profile PIN,recover_password,recover_password,0.9943599135328052
shipnents to {{Delivery Country}},delivery_options,delivery_options,0.9946884901590788
can you help me make a customer claim against your company?,complaint,complaint,0.9960003518870986
I need to speak with a human agent,contact_human_agent,contact_human_agent,0.9947727084918819
how could I see the cancellation fee?,check_cancellation_fee,check_cancellation_fee,0.993168688553593
where to get a rebate?,get_refund,get_refund,0.9923054352116446
want assistance retrieving the password of my user,recover_password,recover_password,0.9955316587990257
need assistance seeing ur accepted payment modalities,check_payment_methods,check_payment_methods,0.9955678051488763
see your allowed payment options,check_payment_methods,check_payment_methods,0.9968464265236836
cancel {{Account Category}} acount,delete_account,delete_account,0.9913529559566268
see at what time I can reach customer assistance,contact_customer_service,contact_customer_service,0.9947011952805004
I need to lodge a claim against your organization,complaint,complaint,0.9950904549920718
need to write a comment about ur serfices how could i do it,review,review,0.9934282881811662
I want assistance editing purchase {{Order Number}},change_order,change_order,0.9893890180363586
see the available payment options,check_payment_methods,check_payment_methods,0.996598813378666
need to give a quick look at my invoice #85632,check_invoice,check_invoice,0.9951676291976437
help solving a trouble with online payment,payment_issue,payment_issue,0.9944527937991521
reimbursing {{Currency Symbol}}{{Refund Amount}},get_refund,get_refund,0.9936033501389036
i have to check what methods for delivery i have,delivery_options,delivery_options,0.9952520194525641
need help to unsubscribe from your corporate newsletter,newsletter_subscription,newsletter_subscription,0.9950379851255864
update info on {{Account Type}} account,edit_account,edit_account,0.9963014947420591
help me add some articles to purchase {{Order Number}},change_order,change_order,0.9943146551100189
I want support chanigng my delivery address,change_shipping_address,change_shipping_address,0.9838540678932541
how do I report troubles with payments?,payment_issue,payment_issue,0.9958123564872491
I do not know what I have to do to cancel a {{Account Category}} account,delete_account,delete_account,0.9923967837105737
I'm extremely unhapp with ur services help to make a claim,complaint,complaint,0.9929844636018504
get ibll #12588,get_invoice,get_invoice,0.9919492251361843
"I have to receive the newsletter, help me",newsletter_subscription,newsletter_subscription,0.9960248190474713
I don't know how to check the goddamn shipment methods,delivery_options,delivery_options,0.990121199600579
could I contact an operator?,contact_human_agent,contact_human_agent,0.992061262148531
can you help me canceling purchase {{Order Number}}?,cancel_order,cancel_order,0.9939278805581341
could you help me to submit the secondary delivery address?,set_up_shipping_address,set_up_shipping_address,0.9964483662062659
i dont know what i have to do to see the rebate status,track_refund,track_refund,0.9910561687621242
I try to see th accepted payment options,check_payment_methods,check_payment_methods,0.9963488868085019
change to {{Account Category}} account,switch_account,switch_account,0.9930175078374566
I don't know what I need to do to shop some of your article,place_order,place_order,0.992614742742805
how do I check what hours I can ocntact customer service?,contact_customer_service,contact_customer_service,0.9947602170087979
I need help with canceling purchase {{Order Number}},cancel_order,cancel_order,0.995122033428006
i do not know how to send my feedback about a product,review,review,0.9950624020785376
I call to lodge a customer complaint against your company,complaint,complaint,0.9967924723825646
what do I have to do to recover my user PIN?,recover_password,recover_password,0.9938632255125235
can ya help me checking what methds for delivery ya offer,delivery_options,delivery_options,0.9899410712626872
is it possible to remove the standardaccount?,delete_account,delete_account,0.9934940977115372
how could I open a standard account?,create_account,create_account,0.9917376868320228
is it possible to subscribe to your corporate newsletter?,newsletter_subscription,newsletter_subscription,0.9949768202849688
give me information about the deletion of a {{Account Type}} account,delete_account,delete_account,0.9959328325133004
I want help seeing your reimbursement policy,check_refund_policy,check_refund_policy,0.9941114989615553
using gold account,switch_account,switch_account,0.9894415461315954
editing details on {{Account Category}} account,edit_account,edit_account,0.9969653529015972
how do i unsubscribe fromur corporate newsletter,newsletter_subscription,newsletter_subscription,0.9951625112972327
I do not know how I could chat with an agent,contact_human_agent,contact_human_agent,0.9885427640077289
see order {{Order Number}} stats,track_order,track_order,0.9829507062071773
assistance submitting feedback for ur services,review,review,0.9938851606613253
can you show me what shipping options I have?,delivery_options,delivery_options,0.9937852104126778
I have a error changing the delivery address,change_shipping_address,change_shipping_address,0.9949777824799294
"I am looking for the shipping periods, how can I find them ?",delivery_period,delivery_period,0.990476381559824
where can I get information about a {{Account Type}} account deletion?,delete_account,delete_account,0.9923360798753681
is it possible to take a quick look at the invoice #85632?,check_invoice,check_invoice,0.9927086085518302
can I see what hours I can reach customer assistance ?,contact_customer_service,contact_customer_service,0.9944258604059067
I try to chat with an operator,contact_human_agent,contact_human_agent,0.9939706974443032
I do not know how to see what shipment methods I can choose,delivery_options,delivery_options,0.9944888293756219
help to check the ETA of purchase {{Order Number}},track_order,track_order,0.9960234209955002
i need help to see how soon can i expect the parcel,delivery_period,delivery_period,0.9942590972384933
I don't know what I have to do to notify of a payment error,payment_issue,payment_issue,0.993800761316859
wanna check the iwthdrawal penalty,check_cancellation_fee,check_cancellation_fee,0.9922194179194932
how to reset the apssword of my account,recover_password,recover_password,0.9966285365661501
i want assistance checking what paytment methods ya accept,check_payment_methods,check_payment_methods,0.9897259764445564
I am calling to check when my purchase is going to arrive,delivery_period,delivery_period,0.994744734612021
what do i need to do to delete the {{Account Type}} account,delete_account,delete_account,0.9941770456837654
I want help receiving the corporate newsletter,newsletter_subscription,newsletter_subscription,0.9959387796441561
I am waiting for an bloody restitution of {{Refund Amount}} dollars,track_refund,track_refund,0.9945820362980315
can I see how soon can I expect my shipment?,delivery_period,delivery_period,0.9963929583821792
I need to see how long it takes for my item to arrive,delivery_period,delivery_period,0.9937833024640734
wherecan I check the termination charge?,check_cancellation_fee,check_cancellation_fee,0.9956640102969706
how do I check at what time I can call customer support?,contact_customer_service,contact_customer_service,0.9945972179066688
problem with adding some articles to order {{Order Number}},change_order,change_order,0.9938645743935751
want assistance reporting a sign-up issue,registration_problems,registration_problems,0.9946570853167206
need to get the bill from {{Person Name}} can uhelp m,get_invoice,get_invoice,0.993703471963474
could I make a goddamn reclamation?,complaint,complaint,0.9874235378401511
want help checking your available payment methods,check_payment_methods,check_payment_methods,0.9948954678471563
can ya help me list the available payment modalities,check_payment_methods,check_payment_methods,0.9948591619414634
how do I update my personal information?,edit_account,edit_account,0.9926837618530578
i have got to create a platinum account how can i do it,create_account,create_account,0.9843757636255095
i have a problem with creating a freemium account,create_account,create_account,0.9952975838744648
"I would like to contact customer support, could you help me?",contact_customer_service,contact_customer_service,0.9900269263415952
I would like to request a refund,get_refund,get_refund,0.9898034085189128
I want help to set my new delivery address up,set_up_shipping_address,set_up_shipping_address,0.9975069459304008
I do not know how to check how soon can I expect the parcel,delivery_period,delivery_period,0.9936329927261575
I want help listing the accepted payment options,check_payment_methods,check_payment_methods,0.9965976400890707
checking order {{Order Number}} status,track_order,track_order,0.996254448175219
I don't know what I have to do to get the invoice #85632,get_invoice,get_invoice,0.9927078132928391
can I use the {{Account Category}} profile?,switch_account,switch_account,0.995934980114099
how to see order {{Order Number}} fucking current status?,track_order,track_order,0.9949421685226536
can you help me notify of registration problems?,registration_problems,registration_problems,0.9939963134917292
i dont know how i can switch to the freemium account,switch_account,switch_account,0.9938029095270977
assistance to check the termination fee,check_cancellation_fee,check_cancellation_fee,0.994534830746293
help me use the freemium profile,switch_account,switch_account,0.994792603733288
I need assistance locating order {{Order Number}},track_order,track_order,0.991667756609918
get invoice #37777,get_invoice,get_invoice,0.9911288672231356
help talking  with a live agent,contact_human_agent,contact_human_agent,0.9946485932463922
"I want to check the payment modalities, I need  help",check_payment_methods,check_payment_methods,0.9938652985617775
problem with {{Account Type}} acconut removals,delete_account,delete_account,0.995344074364679
i have paid {{Currency Symbol}}{{Refund Amount}} for na article i need to get a rebate,get_refund,get_refund,0.9949669019869597
can you show me the rebate current status?,track_refund,track_refund,0.9938401949282581
want help subscribing to ur companynewsletter,newsletter_subscription,newsletter_subscription,0.9959059276779146
"I purchased some items, I want to cancel order {{Order Number}}",cancel_order,cancel_order,0.9940755392786627
how do I add some articles to purchase {{Order Number}}?,change_order,change_order,0.9937813116959339
i want help making a claim against u company,complaint,complaint,0.9935433806299901
help me check your available payment methods,check_payment_methods,check_payment_methods,0.9956223817783165
is there a e-mail to send some feedback for ur company,review,review,0.9950643536281495
I do not know what to do to get invoice #00108,get_invoice,get_invoice,0.9922280406630181
editing information on {{Account Type}} account,edit_account,edit_account,0.9971598990762004
I want information about updating order {{Order Number}},change_order,change_order,0.992332967301398
i have got to lodge a reclamaion i need help,complaint,complaint,0.9920177172451282
I have to speak with customer support,contact_customer_service,contact_customer_service,0.9964798582662038
i dont know what to do to remove the {{Account Type}} account,delete_account,delete_account,0.9939650500202304
is there a section to leave feedback about a service?,review,review,0.9967110000378957
is it possible to list your payment options?,check_payment_methods,check_payment_methods,0.9946571991215394
help me to retrieve the pwd of my account,recover_password,recover_password,0.9965793470677805
want supports trying to modify the delivery address,change_shipping_address,change_shipping_address,0.9971840282020391
is it possible to order from {{Delivery Country}}?,delivery_options,delivery_options,0.9925097108850828
I can't find the  termination charge,check_cancellation_fee,check_cancellation_fee,0.9950172284213189
where could I inform of issues with a signup?,registration_problems,registration_problems,0.9947743104359761
I do not know what I need to do to remove a pro account,delete_account,delete_account,0.9927468820552807
I am calling to make an customer claim against your company,complaint,complaint,0.9961760513507807
"I need to check the cancellation penalties, help me",check_cancellation_fee,check_cancellation_fee,0.9948861988155754
cani file a customer claim,complaint,complaint,0.9959146767313078
I have problems with canceling purchase {{Order Number}},cancel_order,cancel_order,0.9947118686885058
i need help canceling order {{Order Number}},cancel_order,cancel_order,0.9955724597353047
assistance signing up to your company newxletter,newsletter_subscription,newsletter_subscription,0.9829844333338801
I want assistance to submit a delivery address,set_up_shipping_address,set_up_shipping_address,0.9959679823282287
i have a problem entering the new delivery address,set_up_shipping_address,set_up_shipping_address,0.9966205172238508
show me how long refunds take,check_refund_policy,check_refund_policy,0.9936998069832966
i try to cancel purchase {{Order Number}},cancel_order,cancel_order,0.9949682190250213
I need help earning some articles,place_order,place_order,0.9919175553625067
is it possible to inmform of errors with a registration,registration_problems,registration_problems,0.9940633817982474
need assistance to switch to the {{Account Type}} account,switch_account,switch_account,0.995771143065647
give me information about updating my delivery address,change_shipping_address,change_shipping_address,0.9948335801181503
create new freemium account,create_account,create_account,0.9961126070032268
i dont know what i have to do to delete my {{Account Category}} account,delete_account,delete_account,0.9945011576796965
I want to recover the password of my profile,recover_password,recover_password,0.9958095130049939
"I would like to locate order {{Order Number}}, I need help",track_order,track_order,0.9900158117685565
I want help getting a compensation of my money,get_refund,get_refund,0.9943875940645425
assistance seeing your money back policy,check_refund_policy,check_refund_policy,0.9929586588394242
I want help opening a standard account,create_account,create_account,0.9941806926967821
is it possible to lodge a customer claim,complaint,complaint,0.9941253847735602
wanna see what shipping methods are available how to do it,delivery_options,delivery_options,0.9928928031868886
i need assistance with creating a freemium acount,create_account,create_account,0.9939479604061652
assistance t obtain a refund,get_refund,get_refund,0.994234024657665
there is a problem entering my delivery address,set_up_shipping_address,set_up_shipping_address,0.9895146153734481
I do not knowhow to receive compensations of my money,get_refund,get_refund,0.9960114601790321
need assistance reporting an issue with pyments,payment_issue,payment_issue,0.9654665690020113
what do I need to do to see the terminbation fee?,check_cancellation_fee,check_cancellation_fee,0.9922903797821846
do you have an e-mail to send a comment for your company?,review,review,0.992922180281485
I do not know what I have to do to look for my bill #00108,check_invoice,check_invoice,0.9924193256491245
what do I need to do to demand my money back?,get_refund,get_refund,0.993091368792609
need to restore the pass of my user account,recover_password,recover_password,0.9958601571989658
can you help me see how soon can I expect the order?,delivery_period,delivery_period,0.9933463118456013
I need information about a delivery address update,change_shipping_address,change_shipping_address,0.9923368173011974
could i see the ETA of the purchase {{Order Number}},track_order,track_order,0.9963046706008938
i want help seeing purchase {{Order Number}} current status,track_order,track_order,0.9948553440574551
can i correct order {{Order Number}},change_order,change_order,0.9944133885290349
problem with {{Account Category}} acconut removals,delete_account,delete_account,0.994955755168689
changing to {{Account Category}} account,switch_account,switch_account,0.9914763399469314
i dont know how i can set up a new shipping address,set_up_shipping_address,set_up_shipping_address,0.9951528360174201
where can I notify of problems with payent?,payment_issue,payment_issue,0.990784746060323
transferring to operator,contact_human_agent,contact_human_agent,0.9899413553736643
need help cancelling purchase {{Order Number}},cancel_order,cancel_order,0.9949868273398877
want assistance to check the early exit fee,check_cancellation_fee,check_cancellation_fee,0.9932325914346819
can I list your allowed payment modalities?,check_payment_methods,check_payment_methods,0.9962082604127617
assistance to leave some feedback,review,review,0.996222661146892
help me to check how long it takes for my delivery to arrive,delivery_period,delivery_period,0.9961678865357074
I need to obtain a rebate,get_refund,get_refund,0.9939668955244622
how to open a standard account?,create_account,create_account,0.9951791096397217
i need help to inform of troubles with payment,payment_issue,payment_issue,0.9959725537329053
i dont know how i can locate invoice #85632,check_invoice,check_invoice,0.9894708351746648
I do not know how I can enter another shipping address,set_up_shipping_address,set_up_shipping_address,0.9935502556142062
I do not know how to update my shipping address,change_shipping_address,change_shipping_address,0.9956315947049447
I do not know what I need to do to cancel the gold account,delete_account,delete_account,0.9873002131088239
i dont know how i can ask for compensations of money,get_refund,get_refund,0.9950694140442377
can you help me downloading my bill #85632?,get_invoice,get_invoice,0.9937496015838237
how do I change an article of purchase {{Order Number}}?,change_order,change_order,0.9943844158775242
can you give me information about delivery periods?,delivery_period,delivery_period,0.9916055782185422
how could I check what shipping options are available?,delivery_options,delivery_options,0.993513052247287
notify of online registration issues,registration_problems,registration_problems,0.9922113538011565
can i check when my package is gonna arrive,delivery_period,delivery_period,0.9944005055184282
have a problem with a shpiping address modification,change_shipping_address,change_shipping_address,0.995831783624836
I need help to swap a product of order {{Order Number}},change_order,change_order,0.9937859223043385
assistance to report an issue with a sign-up,registration_problems,registration_problems,0.9953406332314904
is it possible to see ur payment modalities,check_payment_methods,check_payment_methods,0.9940911846211687
how do I chat with a fucking person?,contact_human_agent,contact_human_agent,0.989452783023628
I'm waiting for a refund of {{Refund Amount}} dollars,track_refund,track_refund,0.9952396632388045
someone stole the pin of my user want help restoring it,recover_password,recover_password,0.9949822465501587
"I need to see when will my package arrive, help me",delivery_period,delivery_period,0.9934008226814601
problems with correcting order {{Order Number}},change_order,change_order,0.9888599717978533
"I don't want this item, cancel order {{Order Number}}",cancel_order,cancel_order,0.9963284664183231
I don't know what I have to do to sign up to the newsletter,newsletter_subscription,newsletter_subscription,0.9926111732887378
edit purchase {{Order Number}},change_order,change_order,0.9879800660537321
"I want to see your payment modalities, can I get some help?",check_payment_methods,check_payment_methods,0.9918771978331303
how could I use the {{Account Category}} profile?,switch_account,switch_account,0.9946227465580358
i do not know what i need to do to download my bill #85632,get_invoice,get_invoice,0.9922934659201461
i need help to add a product to order {{Order Number}},change_order,change_order,0.9943169609571262
i try to remove some items from order {{Order Number}},change_order,change_order,0.9943429864121281
how could I swap some products of purchase {{Order Number}}?,change_order,change_order,0.9934230175317036
i do not know how i can report a sign-up error,registration_problems,registration_problems,0.992785367726746
I want help modifying my shipping address,change_shipping_address,change_shipping_address,0.9952780001056288
can you help me seeing in what cases can I request refunds?,check_refund_policy,check_refund_policy,0.9942605177520555
I need help with cancelling order {{Order Number}},cancel_order,cancel_order,0.9951588457263624
I want assistance seeing when my item is going to arrive,delivery_period,delivery_period,0.9930114797385964
help me demand a compensation of money,get_refund,get_refund,0.9962902192078044
how can I write a comment?,review,review,0.9941915331682996
I don't know how I can inform of problems with sign-up,registration_problems,registration_problems,0.992930910248302
I want assistance to change to the gold account,switch_account,switch_account,0.9951445204251376
I want help resetting my access key,recover_password,recover_password,0.9920011560938752
i expect a refund of {{Refund Amount}} dollars has it been processed,track_refund,track_refund,0.9949628518592251
how can I purchase some of your article?,place_order,place_order,0.9937789400191269
i have an issue setting an different shipping address up,set_up_shipping_address,set_up_shipping_address,0.9956070826422178
"I don't understand you, I need to talk to a human agent",contact_human_agent,contact_human_agent,0.9929503826648247
I cannot report a sign-up error,registration_problems,registration_problems,0.9951552755629915
want help to cancel order {{Order Number}},cancel_order,cancel_order,0.9960988303473206
is it possible to talk to a damn assistant?,contact_human_agent,contact_human_agent,0.9884925417898347
what do i have to do to download my invoice #85632,get_invoice,get_invoice,0.9939515696690719
correct data on {{Account Category}} account,edit_account,edit_account,0.9952322185622205
can you help me see how soon can I expect my item?,delivery_period,delivery_period,0.9942775779330186
where could I get information about updating my address?,change_shipping_address,change_shipping_address,0.9914747523089797
need assistance switching to the pro account,switch_account,switch_account,0.993186670286998
I need help calling customer assistance,contact_customer_service,contact_customer_service,0.9891513231042149
i do not know how to lodge a consumer complaint,complaint,complaint,0.9944146852619541
can utell me more about modifying my delivery address,change_shipping_address,change_shipping_address,0.9969482464964603
i need help to obtain compensations,get_refund,get_refund,0.9950291652716161
can you help me get in touch with customer service?,contact_customer_service,contact_customer_service,0.9939636343994996
I want help seeing how soon can I expect the parcel,delivery_period,delivery_period,0.9937144626037865
can you help me setting my delivery address up?,set_up_shipping_address,set_up_shipping_address,0.9941974741649994
help me unsubscribe from your newsletter,newsletter_subscription,newsletter_subscription,0.9948154708418206
new {{Account Category}} account for wife,create_account,create_account,0.994405500550144
wanna check how long the shipment takes i need help,delivery_period,delivery_period,0.9922861619616753
retrieve the key of my user account,recover_password,recover_password,0.99510542655466
where do i check the termination penalty,check_cancellation_fee,check_cancellation_fee,0.9951125074317787
modifying {{Account Category}} account,edit_account,edit_account,0.989548003033422
i want assistance asking for a reimbursement of my money,get_refund,get_refund,0.9945986160675391
help me check in which situations can I request refunds,check_refund_policy,check_refund_policy,0.9960354696451909
I want to unsubscribe from thd company newsletter,newsletter_subscription,newsletter_subscription,0.9958446897472127
can ya help me to check the bill #37777,check_invoice,check_invoice,0.9913277251380435
order  {{Order Number}} status,track_order,track_order,0.9937949970092878
would you give me information about my gold account removal?,delete_account,delete_account,0.9927534807486019
want assistance receiving a refund of money,get_refund,get_refund,0.9950954855066434
help me change to the {{Account Category}} account,switch_account,switch_account,0.9958580941507696
could you show me in what situations can I request refunds?,check_refund_policy,check_refund_policy,0.9934729628663374
want hep receiving a refund of my money,get_refund,get_refund,0.9958051289258942
want assistance to delete a gold account,delete_account,delete_account,0.9932376085994689
could you help me seeing when will my parcel arrive?,delivery_period,delivery_period,0.9917832741410569
would ig be possible to order some bloody articles?,place_order,place_order,0.9851075894857996
modifying information on gold account,edit_account,edit_account,0.9957532148963727
i try to submit my delivery address,set_up_shipping_address,set_up_shipping_address,0.995348893183162
i do not know whzt to do to inform of a problem with payment,payment_issue,payment_issue,0.9937190404277692
I want help to download bill #12588,get_invoice,get_invoice,0.9949248458760209
i dont know how i can report an error with registrations,registration_problems,registration_problems,0.9939036985944476
can uhelp me to submit some feedback about ur products,review,review,0.9942866082660217
help me to use the premium account,switch_account,switch_account,0.9955139758962921
I'm trying to see how long it takes for my product to arrive,delivery_period,delivery_period,0.9948761977756947
can uhelp me receive a rebate of money,get_refund,get_refund,0.9956978291220636
wanna find the invoices from {{Person Name}} how can i do it,check_invoice,check_invoice,0.9884989558094399
how to see what methods for delivery I can choose?,delivery_options,delivery_options,0.9951060981016613
help me setting up the new shipping address,set_up_shipping_address,set_up_shipping_address,0.9968530528571286
seebills from {{Person Name}},check_invoice,check_invoice,0.9888119532144604
i want help listing ur available payment methods,check_payment_methods,check_payment_methods,0.9952408556338582
can ya help mw to solve errors with payment,payment_issue,payment_issue,0.9945797205643565
help me speaking with an assistant,contact_human_agent,contact_human_agent,0.9936734098673771
want assistance signing up to the company newsletter,newsletter_subscription,newsletter_subscription,0.9943390018200481
want help checking ur money back policy,check_refund_policy,check_refund_policy,0.9904383222666852
I cannot speak to a person,contact_human_agent,contact_human_agent,0.993991165271023
help to edit order {{Order Number}},change_order,change_order,0.9963550510607888
remove {{Account Category}} account,delete_account,delete_account,0.9926298754182813
I want help cancelling my corporate newsletter subscription,newsletter_subscription,newsletter_subscription,0.9962982283995935
i dont know what to do to submit feedback about a service,review,review,0.9950095917913128
assistance to acquire some of  ur item,place_order,place_order,0.9949346938481339
i need assistance requesting reimbursements of my money,get_refund,get_refund,0.9942547764125158
I exxpect a rebate of {{Currency Symbol}}{{Refund Amount}},track_refund,track_refund,0.9942679647468845
assistance seeing how soon can i expect the shipment,delivery_period,delivery_period,0.9952548983979121
get invoice #12588,get_invoice,get_invoice,0.9918639873839421
can i switch a product of order {{Order Number}},change_order,change_order,0.993737450965933
help me retrieve my user account PIN,recover_password,recover_password,0.9957364195493311
shipping address not valid,set_up_shipping_address,set_up_shipping_address,0.9514984278824753
"I submitted a wrong address, edit it",change_shipping_address,change_shipping_address,0.994429080216879
"I paid {{Currency Symbol}}{{Refund Amount}} for these items, where can I receive a refund?",get_refund,get_refund,0.9958217464909609
I have to see in which cases can I sak for reimbursements,check_refund_policy,check_refund_policy,0.9945941914314095
"I have to write an opinion, can I get some help?",review,review,0.9906573036104641
I have got to see purchase {{Order Number}} current status,track_order,track_order,0.995166260454145
have a problem with the cancellation of my gold account,delete_account,delete_account,0.9958166737332187
help me ask for a compensation,get_refund,get_refund,0.9942170579322539
I don't know how I can order a few of your article,place_order,place_order,0.9925297136618744
show cancellation penalty,check_cancellation_fee,check_cancellation_fee,0.9905815653239712
can I check if there are any news on my reimbursement?,track_refund,track_refund,0.9956593117748107
"I have to submit my damn secondary delivery address, help me",set_up_shipping_address,set_up_shipping_address,0.9961790745844862
i dont wat order {{Order Number}} cancel it,cancel_order,cancel_order,0.9928389251013584
I try to leave some feedback about your services,review,review,0.9962980341791221
want help to check ur payment methods,check_payment_methods,check_payment_methods,0.9946065262269443
will you show me the accepted payment options?,check_payment_methods,check_payment_methods,0.9957433784656509
what do I need to do to call customer assistance?,contact_customer_service,contact_customer_service,0.9927506961152844
I cannot talk to somebody,contact_human_agent,contact_human_agent,0.9929585310526047
want help submitting another bloody shipping address,set_up_shipping_address,set_up_shipping_address,0.9917937440988308
how to inform of an sign-up error,registration_problems,registration_problems,0.995133296122858
help me see in what situations can I request a refund,check_refund_policy,check_refund_policy,0.9957843169133342
wann locate order {{Order Number}},track_order,track_order,0.9924294418556441
"I want to see the cancellation fees, I need assistance",check_cancellation_fee,check_cancellation_fee,0.9924933592589859
help me checking the current status of purchase {{Order Number}},track_order,track_order,0.9965513161474745
I want help to enter another delivery address,set_up_shipping_address,set_up_shipping_address,0.9959140188489725
can you help me writing an opinion about your products?,review,review,0.9923676442152463
correct info on {{Account Type}} account,edit_account,edit_account,0.9954775951150766
editing {{Account Type}} account,edit_account,edit_account,0.9887971922486476
check bills from {{Person Name}},check_invoice,check_invoice,0.9940639603614683
how can I delete several ites from purchase {{Order Number}}?,change_order,change_order,0.9913678907190598
I need support trying to modify my address,change_shipping_address,change_shipping_address,0.9960141044817542
report issues creating user,registration_problems,registration_problems,0.9943127664593204
where do i notify of a trouble with payments,payment_issue,payment_issue,0.9956655106749355
where can i enter a secondary shipping address,set_up_shipping_address,set_up_shipping_address,0.9967869317893855
i need assistance tospeak with fucking customer support,contact_customer_service,contact_customer_service,0.9934692943039615
what do I need to do to change to the pro account?,switch_account,switch_account,0.9948779264631836
how can i take a quick look at my invoice from {{Person Name}},check_invoice,check_invoice,0.9945062814422326
i have got to change my user info,edit_account,edit_account,0.9764066977207082
I don't know how I can notify of issues with damn sign-up,registration_problems,registration_problems,0.990533772189775
i cannot retrieve the passqord of my profile,recover_password,recover_password,0.9952690102800128
how can i inform of an error with payment,payment_issue,payment_issue,0.9960103485842202
help unsubscribing to ur newsletter,newsletter_subscription,newsletter_subscription,0.9967167933888433
i want help notifying of errors with a signup,registration_problems,registration_problems,0.9939480556011868
I need to lodge a goddamn conplaint against your business,complaint,complaint,0.9907570380656127
help me lodge a customer claim against your business,complaint,complaint,0.9963293937224397
help me checking the status of purchase {{Order Number}},track_order,track_order,0.9968977272273061
is it possible to acquire several of ur article,place_order,place_order,0.9933769076989533
I want assistance to write a review for your company,review,review,0.9946361300895356
i do not know how to enter a delivery address,set_up_shipping_address,set_up_shipping_address,0.9953219904368135
can you show me what shipping options are there?,delivery_options,delivery_options,0.9939852054380588
i want assistance to find the bikll #00108,check_invoice,check_invoice,0.9931449737455121
i have got to send some fedback about ur products,review,review,0.9933777751474602
help to earn several of your item,place_order,place_order,0.9952369898737358
I want to inform of problems with sign-up,registration_problems,registration_problems,0.9945767951117378
i do not know how to download the bills from {{Person Name}},get_invoice,get_invoice,0.9948949277531712
could i list ur accepted payment options,check_payment_methods,check_payment_methods,0.996016023302334
can I open a pro account for my daughter?,create_account,create_account,0.9964632937738633
want help to make a complaint against your business,complaint,complaint,0.9944717995421674
"I can't register, how could I report signup problems?",registration_problems,registration_problems,0.9935680069461047
cdan uhelp me using the platinum account,switch_account,switch_account,0.9939392129116532
help me check in which cases can I ask to be reimbursed,check_refund_policy,check_refund_policy,0.995176635877097
subscription to ur company newsletter,newsletter_subscription,newsletter_subscription,0.9971111381610811
can I see if there is anything new on the refund?,track_refund,track_refund,0.9948428574498983
I try to speak to an assistant,contact_human_agent,contact_human_agent,0.9940653980652517
need assistance submitting some feedback for ur products,review,review,0.9934324924388656
have a problem with a standard account cancellation,delete_account,delete_account,0.99116652168297
i try tosee under what circumstances can i ask for refunds,check_refund_policy,check_refund_policy,0.9940601031905517
help to make a consumer complaint against your business,complaint,complaint,0.9957639552364305
I want assistance to leave feedback about a product,review,review,0.9962879070961762
want help ot write a review for a service,review,review,0.9941939944552876
i need assistance to see how soon can i expect the order,delivery_period,delivery_period,0.9928066658742064
i need assistance to chat with somebody,contact_human_agent,contact_human_agent,0.9926311495910077
i want assistance reporting a problem with sign-up,registration_problems,registration_problems,0.9942704665202506
i try to leave my feedback,review,review,0.9962116846432812
I don't know how I can see the cancellation fee,check_cancellation_fee,check_cancellation_fee,0.9888804829695519
problem updating delivery address,change_shipping_address,change_shipping_address,0.9934931447517988
I cannot talk to an operator,contact_human_agent,contact_human_agent,0.9937791162484425
correct information on standardaccount,edit_account,edit_account,0.9941927405790171
I ned assistance to get my invoice #12588,get_invoice,get_invoice,0.9944453465382792
I want help cancelling purchase {{Order Number}},cancel_order,cancel_order,0.9952650103635913
I don't know how to inform of sign-up errrors,registration_problems,registration_problems,0.994152064177228
update {{Account Type}} account,edit_account,edit_account,0.9897661163069967
see cancellation charge,check_cancellation_fee,check_cancellation_fee,0.9841455284152131
would it be possible to open a {{Account Type}} account for my daughter?,create_account,create_account,0.9941911571098712
I can no longer pay for purchase {{Order Number}},cancel_order,cancel_order,0.9940990232661759
"I am unhappy with your work, how to make a customer claim?",complaint,complaint,0.9950120657550897
I have an error updating my address,change_shipping_address,change_shipping_address,0.9955231472399925
were can i submit some feedback for a product,review,review,0.9950998785445534
could you help me to request a restitution of my money?,get_refund,get_refund,0.995082203127048
need assistance leaving some feedback about your products,review,review,0.9943387530503939
I want help cancellkng purchase {{Order Number}},cancel_order,cancel_order,0.9921597911351837
checkbill #00108,check_invoice,check_invoice,0.9844076279241584
can you help me listing your available payment methods?,check_payment_methods,check_payment_methods,0.9944890946138617
I need to contact someone,contact_human_agent,contact_human_agent,0.9935420210492648
how can I see the allowed payment methods?,check_payment_methods,check_payment_methods,0.9967454619201508
i dnt use my {{Account Category}} account want help to delete it,delete_account,delete_account,0.995029932558229
i expect an rebate of {{Currency Symbol}}{{Refund Amount}},track_refund,track_refund,0.9946508340156375
i want help to recver my user account pwd,recover_password,recover_password,0.9924918369315453
where can i get information about an {{Account Type}} account deletion,delete_account,delete_account,0.9916697213991986
"I want to check my rebate current status, could you help me?",track_refund,track_refund,0.9900756521429077
i have got to update the info included on my user profile,edit_account,edit_account,0.9946821800884017
modify details on standard account,edit_account,edit_account,0.9962717287060735
is it possible to chec my bill #37777,check_invoice,check_invoice,0.9789990387681514
seeing bill from {{Person Name}},check_invoice,check_invoice,0.9887337683832268
change data on {{Account Type}} account,edit_account,edit_account,0.9955876569051041
have problems with canceling purchase {{Order Number}},cancel_order,cancel_order,0.9947553868273458
I'm trying to check how long reimbursements take,check_refund_policy,check_refund_policy,0.9943698628626567
I'm trying to enter an shipping address,set_up_shipping_address,set_up_shipping_address,0.993563608674593
can i swap a product of purchase {{Order Number}},change_order,change_order,0.9948391712033514
find information about the delivery period,delivery_period,delivery_period,0.9925547023062188
review,review,review,0.9938320764047223
I'm trying to see my refund current status,track_refund,track_refund,0.9929660456337155
"I want to enter the delivery address, how to do it?",set_up_shipping_address,set_up_shipping_address,0.9935644301006518
need help tyo obtain fucking compensations,get_refund,get_refund,0.9924962269147971
"I can't open a profile, I want to report signup problems",registration_problems,registration_problems,0.991907071132888
check in what cases can I request to be reimbursed,check_refund_policy,check_refund_policy,0.995454219872198
I cannot reset the key of my account,recover_password,recover_password,0.9957393205517243
wanna look for my bill #85632 could i get some help,check_invoice,check_invoice,0.9817828842799777
give me information about a delivery address modification,change_shipping_address,change_shipping_address,0.9953919651542872
help me see in what cases can I request a reimbursement,check_refund_policy,check_refund_policy,0.995542934741923
editing information on standard account,edit_account,edit_account,0.9959868039795247
help me informing of sign-up issues,registration_problems,registration_problems,0.9949952024210686
in which situations can I request the damn refunds?,check_refund_policy,check_refund_policy,0.9942629232489568
i lost the invoices from {{Person Name}} can ufind them for me,check_invoice,check_invoice,0.9912963895965813
i need assistance to get my invoices  from {{Person Name}},get_invoice,get_invoice,0.9946929743603414
how do i obtain a rebate of money,get_refund,get_refund,0.9953952322272878
help checking your accepted payment options,check_payment_methods,check_payment_methods,0.996302918693979
help reporting troubles with payments,payment_issue,payment_issue,0.9961207167247874
assistance to speak to a live agent,contact_human_agent,contact_human_agent,0.9948472879442763
what do I have to do to cancel a premium account?,delete_account,delete_account,0.9937938421532317
I call to check the shipment options,delivery_options,delivery_options,0.995235458023814
I need assistance seeing the early termination penalties,check_cancellation_fee,check_cancellation_fee,0.9945784579317536
how can I check how soon can I expect the article?,delivery_period,delivery_period,0.9948441983751263
can ya help me set up a shipping address,set_up_shipping_address,set_up_shipping_address,0.9954643147036452
where do I inform of problems with registrations?,registration_problems,registration_problems,0.9947826387806161
I need assistance retsoring the fucking key of my user,recover_password,recover_password,0.9875558105588461
i do not know what to do to check the shipping options,delivery_options,delivery_options,0.9937332988966752
opening {{Account Type}} account for wife,create_account,create_account,0.9956466402792472
will you tell me what hours I can call customer service ?,contact_customer_service,contact_customer_service,0.9944205581586095
"I have got to see how long refunds take, I need help",check_refund_policy,check_refund_policy,0.9923926867665297
can you help me to list your accepted payment modalities?,check_payment_methods,check_payment_methods,0.99591084924506
"I paid {{Currency Symbol}}{{Refund Amount}} for this order, help me to get a rebate",get_refund,get_refund,0.9961791990401809
I have to cancel order {{Order Number}},cancel_order,cancel_order,0.9963701976691736
how can I get information about my {{Account Category}} account removal?,delete_account,delete_account,0.9933830554256415
I don't know what I have to do to cancel my {{Account Type}} account,delete_account,delete_account,0.9938206180788751
I want help to set up my delivery address,set_up_shipping_address,set_up_shipping_address,0.9969207432712968
i dont know what i need to do to call customer assistance,contact_customer_service,contact_customer_service,0.9906439725584151
I want to know more about editng my address,change_shipping_address,change_shipping_address,0.995603380065836
I am trying to cancel my subscription to your newsletter,newsletter_subscription,newsletter_subscription,0.9957241648019708
I want help to use the standard account,switch_account,switch_account,0.9934603114384738
"I lost the PIN of my profile, I want help restoring it",recover_password,recover_password,0.9945562409066517
help me notifying of an error with a sign-up,registration_problems,registration_problems,0.9938294265248837
where to list your allowed payment options?,check_payment_methods,check_payment_methods,0.9966344343455513
can I open a {{Account Type}} account for my daughter?,create_account,create_account,0.9966563666751388
seebill from {{Person Name}},check_invoice,check_invoice,0.9896330468372415
how to use the premium profile,switch_account,switch_account,0.9959667303443319
I don't know how to check the early termination charge,check_cancellation_fee,check_cancellation_fee,0.9947527312112245
need help giving a quick look at my invouce from {{Person Name}},check_invoice,check_invoice,0.9948952314232352
i cant swap an item of order {{Order Number}},change_order,change_order,0.9932604504675105
I need help to receive restitutions of money,get_refund,get_refund,0.996044315481519
what do I have to do to see the early exit charge?,check_cancellation_fee,check_cancellation_fee,0.9922955707161157
i want help talking with an agent,contact_human_agent,contact_human_agent,0.9939118866590714
I am trying to check what shipping methods are there,delivery_options,delivery_options,0.9943690282218828
i have a question about opening a premium account,create_account,create_account,0.9940162733702174
want help asking for reimbursements,get_refund,get_refund,0.9867861616743422
where can i find information about a {{Account Type}} account deletion,delete_account,delete_account,0.9920454319727833
there are issues setting up the delivery address,set_up_shipping_address,set_up_shipping_address,0.9952190754361588
how do I switch to the {{Account Category}} account?,switch_account,switch_account,0.9958206414618891
is it possible to order a few of your product?,place_order,place_order,0.9927523472900898
new freemium account for wife,create_account,create_account,0.9922848199022501
canuhelp me to get the bills from {{Person Name}},get_invoice,get_invoice,0.9955337339845381
"I have entered a wrong delivery address, help me changing it",change_shipping_address,change_shipping_address,0.9960185099892831
where can I receive the corporate newsletter?,newsletter_subscription,newsletter_subscription,0.9965263679158399
I want assistance to inform of an issue with a signup,registration_problems,registration_problems,0.995086691934874
where could I inform of issues with payment?,payment_issue,payment_issue,0.9955784084021418
i have to inform of problems with signup can i get some help,registration_problems,registration_problems,0.9908818462902297
need assistance to see your accepted payment options,check_payment_methods,check_payment_methods,0.99634893549204
"I want to check your reimbursement policy, help me",check_refund_policy,check_refund_policy,0.9949157031791006
I don't know how I can request a rebate,get_refund,get_refund,0.9912049750395991
I have to inform of an issje with a sign-up,registration_problems,registration_problems,0.9942424413958911
"I have got to see the shipment options, I need help",delivery_options,delivery_options,0.9926373685524852
I don't knoq how I can inform of an issue with payment,payment_issue,payment_issue,0.9941145036130075
I want help creating a pro account,create_account,create_account,0.9929092505898515
editing details on freemium account,edit_account,edit_account,0.9966529161108415
I can no longer pay for purchase {{Order Number}},cancel_order,cancel_order,0.9940990232661759
assistance to make a caim against ur business,complaint,complaint,0.9902260023185362
cnange info on {{Account Type}} account,edit_account,edit_account,0.993016524735035
can I leave some feedback about a product?,review,review,0.9953006397992512
i dont know how to request a refund,get_refund,get_refund,0.9922800806853381
I'm trying to list the available payment modalities,check_payment_methods,check_payment_methods,0.9956536122909684
help to call customer support,contact_customer_service,contact_customer_service,0.9965424969935922
consumer reclamation,complaint,complaint,0.9949518499464642
could you help me shop a few of your article?,place_order,place_order,0.9929551690523026
"I need to unsubscribe from the newsletter, can yyou help me?",newsletter_subscription,newsletter_subscription,0.9944755513575351
I need assistance retrieving the access key of my account,recover_password,recover_password,0.9961770985822079
need help cancelling order {{Order Number}},cancel_order,cancel_order,0.9955557160323112
want help opening a pro account for my daughter,create_account,create_account,0.9958938927537089
I try to change the address,change_shipping_address,change_shipping_address,0.9946260078746302
I do not know how I can cancel order {{Order Number}},cancel_order,cancel_order,0.9934028525054438
I need help seeing the cancellation fee,check_cancellation_fee,check_cancellation_fee,0.9932700015919598
how can i know if there is anything wrong with my refund,track_refund,track_refund,0.993291720778929
how do I sign up to the newsletter?,newsletter_subscription,newsletter_subscription,0.9949541872468225
edit data on platinum account,edit_account,edit_account,0.9960258995499798
I want to know more about a delivery address change,change_shipping_address,change_shipping_address,0.9963164883500587
I'd like to modify the details on my user how can i do it,edit_account,edit_account,0.9918114497900263
troubles setting up a delivery address,set_up_shipping_address,set_up_shipping_address,0.995324956145779
"I do not want my last bloody item, cancel order {{Order Number}}",cancel_order,cancel_order,0.9914168616490971
I want assistance talking with customer service,contact_customer_service,contact_customer_service,0.9952621317869315
I have troubles modifying the fucking shipping address,change_shipping_address,change_shipping_address,0.9928528345975072
how could I write a review?,review,review,0.9919213983741662
i want assistance seting my new delivery address up,set_up_shipping_address,set_up_shipping_address,0.991066766512953
help to remove several articles from purchase {{Order Number}},change_order,change_order,0.9946062217065116
how to submit another shipping address,set_up_shipping_address,set_up_shipping_address,0.9965644001596058
where do i check what hours i can call customer assistance,contact_customer_service,contact_customer_service,0.9944596758027334
I need help reporting a problem with payment,payment_issue,payment_issue,0.995167866968098
how do i use the {{Account Category}} profile,switch_account,switch_account,0.9957131580033468
assistance to check the eta of the purchase {{Order Number}},track_order,track_order,0.9964512734777654
I want assistance to check the methods for delivery,delivery_options,delivery_options,0.9945207212590885
I don't know what I need to do to chat with a person,contact_human_agent,contact_human_agent,0.9912840651179563
where could I see how soon can I expect the product ?,delivery_period,delivery_period,0.9939011172102338
I have got to download my goddamn invoice from {{Person Name}},get_invoice,get_invoice,0.9932214031472225
is it possible to list ur accepted payment modalities,check_payment_methods,check_payment_methods,0.9952266271307287
help me reset my PIN,recover_password,recover_password,0.9942310406110112
can uhelp me canceling my subscription to ur newsletter,newsletter_subscription,newsletter_subscription,0.9953079920227216
I cannot check the ETA of the order {{Order Number}},track_order,track_order,0.9959802429584365
could I check if there is anything new on the compensation?,track_refund,track_refund,0.9944165180112078
where can I see how soon can I expect my item?,delivery_period,delivery_period,0.9953846696013152
i want help speaking to someone,contact_human_agent,contact_human_agent,0.9913342422956329
i want assistance to track order {{Order Number}},track_order,track_order,0.9939009975506953
cancelling {{Account Category}} account,delete_account,delete_account,0.99294246644244
can I download my invoice from {{Person Name}}?,get_invoice,get_invoice,0.9953851859355632
I have to acquire a product,place_order,place_order,0.9939545207674261
can you help me checking when will my parcel arrive?,delivery_period,delivery_period,0.9917350141412372
"I would like to create a pro account, how do I do it?",create_account,create_account,0.9895336283959124
checking bill from {{Person Name}},check_invoice,check_invoice,0.9926329428904491
help to speak with a human agent,contact_human_agent,contact_human_agent,0.9952489318544201
"someone stole my PIN, I want assistance to restore it",recover_password,recover_password,0.992128290941151
I don't know what to do to speak with customer assistance,contact_customer_service,contact_customer_service,0.9933371102077547
show status of refund,track_refund,track_refund,0.9902727670167858
how do I inform of an issue with a signup?,registration_problems,registration_problems,0.9949991106883974
I need to notify of problems with payments,payment_issue,payment_issue,0.9962301488681469
i dont know what to do to obtain rebates of money,get_refund,get_refund,0.9952592412989075
I want help checking when will my article arrive,delivery_period,delivery_period,0.9928701459593522
how can I get in touch with customer support?,contact_customer_service,contact_customer_service,0.9938130960031266
refunding {{Refund Amount}}  dollars,get_refund,get_refund,0.9945733057321228
I need assistance with canceling purchase {{Order Number}},cancel_order,cancel_order,0.9947488649264459
help to leave feedback for a product,review,review,0.9971506380078917
need to give a quick look at the invoice #85632,check_invoice,check_invoice,0.9951231655083818
I want help to change the delivery address,change_shipping_address,change_shipping_address,0.9949604901775219
I am calling to check what methods for delivery are there,delivery_options,delivery_options,0.9952431081597689
where to notify of problems with an sign-up,registration_problems,registration_problems,0.9944782078355022
"I cannot make a transfer, notify of payment issues",payment_issue,payment_issue,0.9942956154090673
can you help me see the damn withdrawal charge?,check_cancellation_fee,check_cancellation_fee,0.9922615239967367
need to see what hours i can reach customer support,contact_customer_service,contact_customer_service,0.9951162436966144
can I use the freemium profile?,switch_account,switch_account,0.9949991705701638
I don't know what I have to do to do a pucrhase,place_order,place_order,0.9652954134569547
help me check in which cases can i ask for reimbursements,check_refund_policy,check_refund_policy,0.9957043063685402
"I can't afford purchase {{Order Number}}, I need help canceling it",cancel_order,cancel_order,0.9956803442565453
want assistance notifying of an error with payments,payment_issue,payment_issue,0.9951743211461638
"I want to see the cancellation charges, how do I do it?",check_cancellation_fee,check_cancellation_fee,0.991722535800446
"I expect a bloody rebate of {{Currency Symbol}}{{Refund Amount}}, was it processed already",track_refund,track_refund,0.9927027718458395
"I bought some articles, help me to cancel order {{Order Number}}",cancel_order,cancel_order,0.996050620633024
could you help me to speak to customer support?,contact_customer_service,contact_customer_service,0.9951757868954195
i need assistance checking the payment modalities,check_payment_methods,check_payment_methods,0.9927493816626075
can you help me check your goddamn reimbursement policy?,check_refund_policy,check_refund_policy,0.9906353515703109
can you tell me more about updating my delivery address?,change_shipping_address,change_shipping_address,0.9968563856530959
assistance notifying of an issue with payments,payment_issue,payment_issue,0.9946451182293575
is it possible to get rebates of my money,get_refund,get_refund,0.9948121700429091
I don't know how I can see the available payment modalities,check_payment_methods,check_payment_methods,0.9946486270286888
can you help me checking when will my purchase arrive?,delivery_period,delivery_period,0.9917958111298502
i have got to file a claim against ur business,complaint,complaint,0.9922032677522226
can I order from {{Delivery Country}}?,delivery_options,delivery_options,0.9953660386473171
I do not knoe how I can see when will my package arrive,delivery_period,delivery_period,0.992412665330091
I have errors editing the shipping address,change_shipping_address,change_shipping_address,0.9959433933972025
need to check what methods for delivery i can choose help me,delivery_options,delivery_options,0.994395017703455
i expect a reimbursxement of {{Currency Symbol}}{{Refund Amount}},track_refund,track_refund,0.9955492384265864
assistance to see thd early termination fee,check_cancellation_fee,check_cancellation_fee,0.9954239543621618
i have to rewet my fucking user pin i need assistance,recover_password,recover_password,0.9483302434742314
i want help  to close the {{Account Category}} account,delete_account,delete_account,0.9941071884504993
what do i have to do to locate purchase {{Order Number}},track_order,track_order,0.9932978726035135
i aint registered yet assistance creating a {{Account Type}} account,create_account,create_account,0.9959386550369903
what do i need to do to find my bill #37777,check_invoice,check_invoice,0.9928965492341364
i want assistance to inform of problems with sign-up,registration_problems,registration_problems,0.9943821192259343
assistance reporting a registration error,registration_problems,registration_problems,0.9956831627770503
contact live agent,contact_human_agent,contact_human_agent,0.994259208138966
i do not know what to do to download the invoice #85632,get_invoice,get_invoice,0.9937272634509254
can I add several articles to order {{Order Number}}?,change_order,change_order,0.9942191343247283
I can no longer pay for order {{Order Number}},cancel_order,cancel_order,0.992863411583517
help to leave damn feedback for ru products,review,review,0.9955686021646001
I have a problem trying to edit my shipping address,change_shipping_address,change_shipping_address,0.9960255056894134
edit details oon {{Account Type}} account,edit_account,edit_account,0.9956429799097862
i dont know how to see ur available payment modalities,check_payment_methods,check_payment_methods,0.9949621537661475
i expect a reimbursement of {{Currency Symbol}}{{Refund Amount}},track_refund,track_refund,0.9951840215075586
would it be possible to check the early termination charge?,check_cancellation_fee,check_cancellation_fee,0.9922631170326062
issues updating shipping address,change_shipping_address,change_shipping_address,0.990746393749019
can i use the freemium rpofile,switch_account,switch_account,0.9946063462766489
how can I sign up to the newsletter?,newsletter_subscription,newsletter_subscription,0.9952760662454918
why I can't set up a secondary delivery address valid,set_up_shipping_address,set_up_shipping_address,0.9964919606228594
I need help with opening my {{Account Category}} account,create_account,create_account,0.9950607779138342
need help to see in what cases can I request my money back,check_refund_policy,check_refund_policy,0.9949599580448547
i have got to create a {{Account Type}} account for my dad,create_account,create_account,0.9964456366049342
help me to open a premium account for my daughter,create_account,create_account,0.9967826319337062
check under which circumstances can I request my money back,check_refund_policy,check_refund_policy,0.9946828351068024
get bill fromMr. Jones,get_invoice,get_invoice,0.9923742137843526
refund {{Refund Amount}} dollars,get_refund,get_refund,0.9938530458455733
"I need to see the methods for shipping, how to do it?",delivery_options,delivery_options,0.9944693807869434
"I want to see your payment methods, how to do it?",check_payment_methods,check_payment_methods,0.9943396630338789
I would like to list the payment modalities,check_payment_methods,check_payment_methods,0.9935996556065941
can i call customer assistance,contact_customer_service,contact_customer_service,0.9955647597654448
can uhelp me seeing the withdrawal charge,check_cancellation_fee,check_cancellation_fee,0.993750757742442
I do not know what to do to inform of a sign-up issue,registration_problems,registration_problems,0.9936230788282702
need assistance downloading the invoice from {{Person Name}},get_invoice,get_invoice,0.9952117740638032
I need help to check your allowed payment options,check_payment_methods,check_payment_methods,0.996073724398235
editting details on {{Account Category}} account,edit_account,edit_account,0.9950866510873108
wanna find the bills from {{Person Name}} could i get somw help,check_invoice,check_invoice,0.9440118181404548
wanna submit some feedback for a service how can i do it,review,review,0.9924290288421647
i have got to get in touch with customerservice,contact_customer_service,contact_customer_service,0.9917783496974378
i wanmt help trying to change my shipping address,change_shipping_address,change_shipping_address,0.9965094354693956
tell me more about opening gold accounts,create_account,create_account,0.9947308862304397
I need help with cancelling purchase {{Order Number}},cancel_order,cancel_order,0.9948233863470403
uare not being helpful help me speak to an operator,contact_human_agent,contact_human_agent,0.9930277872863235
how to swap some articles of order {{Order Number}}?,change_order,change_order,0.9944787563464249
can i check theearly exit penalty,check_cancellation_fee,check_cancellation_fee,0.994027805521544
i expect a compensqtion of {{Refund Amount}} dollars,track_refund,track_refund,0.9958793962573035
adsistance earning several of your product,place_order,place_order,0.9952542442625152
"the address changed, can you help me change it?",change_shipping_address,change_shipping_address,0.9918921361464642
need assistance reporting errors with a registration,registration_problems,registration_problems,0.9944230009371103
updating details on pro account,edit_account,edit_account,0.9969174702844376
i do not know how i could report signup issues,registration_problems,registration_problems,0.9902145825408629
do you shp to {{Delivery City}}?,delivery_options,delivery_options,0.9949659366284876
where can i find information about my gold account deletion,delete_account,delete_account,0.9946702770396962
need to create an {{Account Type}} account,create_account,create_account,0.9963398235454096
i want assistance to inform of problwms with payment,payment_issue,payment_issue,0.9961517092704565
new {{Account Type}} account for wife,create_account,create_account,0.9955392090031082
switching to {{Account Category}} account,switch_account,switch_account,0.9945456099617744
is it possible to place a goddamn order from {{Delivery Country}},delivery_options,delivery_options,0.9907071765729478
I want to know about modifying the delivery address,change_shipping_address,change_shipping_address,0.9973323033346931
I need assistance to check when will my article arrive,delivery_period,delivery_period,0.9937910213591312
deliveries to {{Delivery City}},delivery_options,delivery_options,0.9951307782679676
can i place an oeder from {{Delivery City}},delivery_options,delivery_options,0.9947009918904355
how can I report a trouble with online payment?,payment_issue,payment_issue,0.9958032546761949
i do not know what i have to do to request refunds of money,get_refund,get_refund,0.9937846032044787
i try to reoprt issues with sign-up,registration_problems,registration_problems,0.9950105188307994
there is an issue setting up a shipping address,set_up_shipping_address,set_up_shipping_address,0.9954564448900168
open pro cacount for wife,create_account,create_account,0.9939431155064539
help me check when my fucking package is going to arrive,delivery_period,delivery_period,0.9926511255942124
I want assistance checking the available payment options,check_payment_methods,check_payment_methods,0.9950392820018207
want assistance checking how soon can i expect the delivery,delivery_period,delivery_period,0.9948948456091339
wanna check how soon can i expect my article,delivery_period,delivery_period,0.9945680767312565
help checking in which situations can i ask to be erimbursed,check_refund_policy,check_refund_policy,0.9939136776730102
tell me about cancel my company newsletter subscription,newsletter_subscription,newsletter_subscription,0.9968123018086542
check order {{Order Number}} current status,track_order,track_order,0.996770536063465
"I can't afford order {{Order Number}}, I need help to cancel it",cancel_order,cancel_order,0.9956824559515418
edit info on {{Account Category}} accunt,edit_account,edit_account,0.9961119307878361
help me download the invoice #12588,get_invoice,get_invoice,0.9959552828775683
"the shipping address has changed, can you correct it?",change_shipping_address,change_shipping_address,0.9964773595698307
help me checking the ETA of purchase {{Order Number}},track_order,track_order,0.996783523602912
I have errors signing up,registration_problems,registration_problems,0.9902864066314784
is it possible to chat with a human  agent?,contact_human_agent,contact_human_agent,0.9919305583124255
checking invoice #85632,check_invoice,check_invoice,0.9936922169911927
I want assistance downloading boll #37777,get_invoice,get_invoice,0.99237473443707
i dont know what i need to do to chat with an agent,contact_human_agent,contact_human_agent,0.9908254818748986
I have to report signup errors,registration_problems,registration_problems,0.9954077867922226
show me ETA of purchase {{Order Number}},track_order,track_order,0.9885321047012091
can you help me to restore the pass of my account?,recover_password,recover_password,0.9956048338321896
I need assistance seeing what payment options are allowed,check_payment_methods,check_payment_methods,0.9951012735763086
need help canging to the {{Account Category}} account,switch_account,switch_account,0.987803258145742
i need help requesting rebates of money,get_refund,get_refund,0.9958291214034785
help me listing your available payment methods,check_payment_methods,check_payment_methods,0.9954250368426892
information about updating the shipping address,change_shipping_address,change_shipping_address,0.9961903811778686
help to get my invoices from {{Person Name}},get_invoice,get_invoice,0.995810839322551
where can i shop some articles,place_order,place_order,0.993927653459726
shiping to {{Delivery City}},delivery_options,delivery_options,0.9938288439653697
editing {{Account Type}}  account,edit_account,edit_account,0.9887971922486476
want assistance to fid my invoice from {{Person Name}},check_invoice,check_invoice,0.9300141068164808
i dont know what i need to do to close the {{Account Category}} account,delete_account,delete_account,0.9918131941079286
find my bilps from {{Person Name}},check_invoice,check_invoice,0.9948255742411204
where to see purchase {{Order Number}} status?,track_order,track_order,0.9972029867170148
is it possible to place an order from {{Delivery Country}},delivery_options,delivery_options,0.9931471798929165
help checking in which situations can I ask for a refund,check_refund_policy,check_refund_policy,0.9952939079882045
I have an issue submitting the secondray delivery address,set_up_shipping_address,set_up_shipping_address,0.9963973512611051
i want assistance reporting a problem with payment,payment_issue,payment_issue,0.9949085246487345
there are troubles setting up another shipping address,set_up_shipping_address,set_up_shipping_address,0.9951702444763537
i have to recover my avcount pin code,recover_password,recover_password,0.9962655103555232
I want help to check in which cases can I ask for refunds,check_refund_policy,check_refund_policy,0.9949677072995858
i want help changing to the gold account,switch_account,switch_account,0.9935412641421851
can i write a review for ur company,review,review,0.9945780578760647
"I want to send my feedback, I need assistance",review,review,0.992716059572201
i dont understand a word ya say how to chat with a person,contact_human_agent,contact_human_agent,0.9921043240838378
check in which cases can i request refunds,check_refund_policy,check_refund_policy,0.9959971982378804
I want to know about a bloody shipping address modification,change_shipping_address,change_shipping_address,0.9941220816715729
i want help to see at what time i can reach customer service,contact_customer_service,contact_customer_service,0.9944447362991422
assistance recovering the access key of my user profile,recover_password,recover_password,0.9956853094045081
where do I order an article?,place_order,place_order,0.9931473916144453
hep using the {{Account Category}} profile,switch_account,switch_account,0.9962460795165086
I expect a refund of {{Currency Symbol}}{{Refund Amount}},track_refund,track_refund,0.9951928577023922
i have a issue entering my secondary delivery address,set_up_shipping_address,set_up_shipping_address,0.9960834176335526
assistance to file a reclamation against your business,complaint,complaint,0.9952350459192418
check invoice from {{Person Name}},check_invoice,check_invoice,0.9941367364948936
see my bills from {{Person Name}},check_invoice,check_invoice,0.99098900656782
talk to person,contact_human_agent,contact_human_agent,0.993893830523564
Iwant assistance canceling order {{Order Number}},cancel_order,cancel_order,0.9956602062425813
I want assistance to notify of an error with sign-up,registration_problems,registration_problems,0.9947793347255233
what do i need to do to swigch to the standard account,switch_account,switch_account,0.9900278950581797
I need help to check when my purchase is going to arive,delivery_period,delivery_period,0.993367320154462
help me see the status of purchase {{Order Number}},track_order,track_order,0.9959839122962623
i need help to talk to someone,contact_human_agent,contact_human_agent,0.9931904613073982
can ya help me speaking with an assistant,contact_human_agent,contact_human_agent,0.9921215146333245
i dont know wha to do to check the status of order {{Order Number}},track_order,track_order,0.99667816146642
correcting information on freemium account,edit_account,edit_account,0.9946949790470905
I want assistance to switch to the {{Account Category}} account,switch_account,switch_account,0.9958583896930052
I need assistance to earn an item,place_order,place_order,0.9920683927461672
can ya show me at what time customer service available is,contact_customer_service,contact_customer_service,0.9931099106921258
"I need to see the cancellation penalties, will you help me?",check_cancellation_fee,check_cancellation_fee,0.9929285453309968
wanna lodge a consumer reclamation against ur company,complaint,complaint,0.9951676209283468
could you help me seeing how soon can I expect the product ?,delivery_period,delivery_period,0.9921892652397867
where can I cancel my subscription to the newsletter?,newsletter_subscription,newsletter_subscription,0.997413709096579
where to see hwen my delivery is going to arrive?,delivery_period,delivery_period,0.9936185807572753
I need assistance to edit the personal details,edit_account,edit_account,0.9935173287756397
i do not know what i have to do to close the {{Account Category}} accont,delete_account,delete_account,0.9925238985115369
I need assistance to switch to a new account,switch_account,switch_account,0.9773243044322006
I have to acquire some of your article,place_order,place_order,0.9951943898772603
help me to check what hours i can call customerr service,contact_customer_service,contact_customer_service,0.9944547905059485
mail me bill #37777,get_invoice,get_invoice,0.9947424299850903
notifying of problems creating user account,registration_problems,registration_problems,0.9921102777186844
close pro account,delete_account,delete_account,0.9955008778016974
assistance to list the payment options,check_payment_methods,check_payment_methods,0.9967992273325592
see in what cases can I request a reimbursement,check_refund_policy,check_refund_policy,0.9949119035597755
i dont know how i can check what delivery methods i have,delivery_options,delivery_options,0.9924988256379131
where do I sign up to your company newsletter?,newsletter_subscription,newsletter_subscription,0.9959649559203668
hsipping to {{Delivery Country}},delivery_options,delivery_options,0.9942327043814562
i wan assistance checking how soon can i expect the purchase,delivery_period,delivery_period,0.9921235838496131
"I no longer use my {{Account Type}} account, I need help removing it",delete_account,delete_account,0.9960257593680972
help me to use the {{Account Category}} profile,switch_account,switch_account,0.9967431992402322
help me to check ur allowed payment options,check_payment_methods,check_payment_methods,0.9961471477514755
I expect a restitution of {{Currency Symbol}}{{Refund Amount}},track_refund,track_refund,0.996256990743453
i dont know how to cancel purchase {{Order Number}},cancel_order,cancel_order,0.9954514501756916
wanna get reimbursements,get_refund,get_refund,0.9858458713267529
registration issue,registration_problems,registration_problems,0.9963012943427633
how can i chat with a live agent,contact_human_agent,contact_human_agent,0.9943751891526323
wanna order a few of ur article,place_order,place_order,0.9929495536515557
cn I place an order from {{Delivery City}}?,delivery_options,delivery_options,0.9948590609667963
I am trying to lodge a complaint against your organization,complaint,complaint,0.9949995288997634
how do I earn several of your article?,place_order,place_order,0.9943782193071989
close gold account,delete_account,delete_account,0.9932891962536576
have a problem with the termination of a {{Account Type}} account,delete_account,delete_account,0.9944661596768052
I have a problem with opening a premium account,create_account,create_account,0.9950469449950403
i have a question about the forgotten pin code,recover_password,recover_password,0.9935006933671623
I'm waiting for a restitution of {{Currency Symbol}}{{Refund Amount}},track_refund,track_refund,0.9960757281909981
I do not know what I need to do to talk with an assistant,contact_human_agent,contact_human_agent,0.9899005628063581
want help notifying of troubles with online payments,payment_issue,payment_issue,0.9954481048487079
acquire an item,place_order,place_order,0.9933593340414436
help correcting order {{Order Number}},change_order,change_order,0.9936550884994583
update details on {{Account Category}} account,edit_account,edit_account,0.9966884362689555
where can I cancel purchase {{Order Number}}?,cancel_order,cancel_order,0.9944666533074692
I do not know what I have to do to cal customer assistance,contact_customer_service,contact_customer_service,0.9891029730063495
can uhelp me use the {{Account Category}} profile,switch_account,switch_account,0.9944204846038853
I need to file a customer complaint against your company,complaint,complaint,0.9966833215918419
I do not know what to do to inform of errors with signup,registration_problems,registration_problems,0.9937036732649022
have a problem with cancelling order {{Order Number}},cancel_order,cancel_order,0.9946445511880215
need assistance speaking to a hujan agent,contact_human_agent,contact_human_agent,0.99211655325323
"I have to sign up to your corporate newsletter, I need help",newsletter_subscription,newsletter_subscription,0.9949041837500178
want help using the {{Account Type}} account,switch_account,switch_account,0.9952533642891778
i want help to see the early termination charge,check_cancellation_fee,check_cancellation_fee,0.9957505333452875
how to se your available payment modalities?,check_payment_methods,check_payment_methods,0.996080136196233
need to change something of order {{Order Number}},change_order,change_order,0.9961432424220661
I am waiting for a compensation of {{Refund Amount}} doolars,track_refund,track_refund,0.9953546983467024
wanna cancel the companynewsletter subscription,newsletter_subscription,newsletter_subscription,0.9968872582722713
can i place an order frim {{Delivery Country}},delivery_options,delivery_options,0.9948460503581583
i dont know what i have to do to receive a reimbursement,get_refund,get_refund,0.992606002515095
i have glt to receive the newsletter help me,newsletter_subscription,newsletter_subscription,0.9955779631422335
leaving review,review,review,0.9930628018263027
changing details on {{Account Category}} account,edit_account,edit_account,0.9947215177962981
I do not know how I can recover my user key,recover_password,recover_password,0.9922743242864569
I need assistance to solve a trouble with online paymentsd,payment_issue,payment_issue,0.9936015289899561
shipments to {{Delivery Country}},delivery_options,delivery_options,0.9958288791782448
i need help seeing the canclelation charge,check_cancellation_fee,check_cancellation_fee,0.9929969852816073
contact somebodh,contact_human_agent,contact_human_agent,0.9938094873968168
"I would like to list the accepted payment options, help me",check_payment_methods,check_payment_methods,0.9948844547208409
"I have to see when my item is going to arrive, help me",delivery_period,delivery_period,0.9936782440963317
I need a user,create_account,switch_account,0.5421213779876202
i need help checking when my package is gonna arrive,delivery_period,delivery_period,0.992953345412548
I have issues modifying the delivery address,change_shipping_address,change_shipping_address,0.9953588213397166
can you help me to speak to customer assistance?,contact_customer_service,contact_customer_service,0.994748043880414
hwere to see the ETA of the order {{Order Number}},track_order,track_order,0.9971702272518003
I would like to submit a secondary delivery address,set_up_shipping_address,set_up_shipping_address,0.9956793109464046
want assistance to send my feedback about a product,review,review,0.9959731821019945
can i correct the data on my user account,edit_account,edit_account,0.9966022187477677
want assistance purchasing an article,place_order,place_order,0.9910111933926379
"I want to see the methods for delivery, how could I do it?",delivery_options,delivery_options,0.9908866464153889
i dont know how to see the shipping options,delivery_options,delivery_options,0.9941398772301175
I don't kmow how I can make a claim,complaint,complaint,0.9872137839336254
modify data on {{Account Type}} account,edit_account,edit_account,0.9969796824779807
can ya help me to see the ETA of purchase {{Order Number}},track_order,track_order,0.9955403448979836
I don't know how to retrieve my goddamn user PIN code,recover_password,recover_password,0.9923258304117226
where to earn several of your article?,place_order,place_order,0.9958620615759918
help to swap an item of purchase {{Order Number}},change_order,change_order,0.9954829956454597
want help seeing in which cases can I ask for a refund,check_refund_policy,check_refund_policy,0.9952371247892561
help top speak with customer assistance,contact_customer_service,contact_customer_service,0.9955869738391613
where can I see the early termination penalty?,check_cancellation_fee,check_cancellation_fee,0.9955991668199511
need to cancel my subscription to the company newsletter,newsletter_subscription,newsletter_subscription,0.9977875800252866
"the secondary shipping address is not valid, help me",set_up_shipping_address,set_up_shipping_address,0.9960977399720653
I want assistance canceling order {{Order Number}},cancel_order,cancel_order,0.995672698385868
I have got to obtain a compensation of money,get_refund,get_refund,0.9961076177244926
want help to know if there is anything wrong with the refund,track_refund,track_refund,0.9940462963649058
help me see in what cases can I ask for a refund,check_refund_policy,check_refund_policy,0.9958062262992687
I don't know how to chat with an operator,contact_human_agent,contact_human_agent,0.9926773598223554
I need assistance notifying of a problem with online payment,payment_issue,payment_issue,0.9941579587685975
how can i leave a comment,review,review,0.9949354353278714
"I have to see the ETA of the order {{Order Number}}, how to do it?",track_order,track_order,0.9949353795235317
"I need to submit the goddamn shipping address, how to do it?",set_up_shipping_address,set_up_shipping_address,0.9922122998567254
i have got to switch to the {{Account Category}} account help me,switch_account,switch_account,0.9949330018065358
"I expect a rebate of {{Currency Symbol}}{{Refund Amount}}, was it processed",track_refund,track_refund,0.9949884340734362
"I have ordered some item, cancel purchase {{Order Number}}",cancel_order,cancel_order,0.9897867149273348
see in whnich situations can I request my money back,check_refund_policy,check_refund_policy,0.9928316256102913
I want to check what methods for delivery you offer,delivery_options,delivery_options,0.9950599934353358
show me what hours I can call customer support,contact_customer_service,contact_customer_service,0.9955304562989379
need help changing to the standard account,switch_account,switch_account,0.9937720731741483
assistance taking a quick look at the bill #00108,check_invoice,check_invoice,0.99486217702508
"I would like to send my goddamn feedback, help me",review,review,0.9834333622552949
"I have to purchase an article, how can I do it?",place_order,place_order,0.988592456466035
assistance to see the delivery methods,delivery_options,delivery_options,0.9951697328678035
can ushowme in which situations can i ask for reimbursements,check_refund_policy,check_refund_policy,0.995423778266611
i want help canceling purchase {{Order Number}},cancel_order,cancel_order,0.9954582054272111
i dont know how i can leave feedback,review,review,0.9930231833675703
I have problems with deleting an item from order {{Order Number}},change_order,change_order,0.9938332343143093
sign up to your company newsletter,newsletter_subscription,newsletter_subscription,0.9966277865291757
"I do not need my {{Account Category}} account, I want help to delete it",delete_account,delete_account,0.9939125074959909
"I cannot pay for the last purchase I have made, cancel it",cancel_order,cancel_order,0.9894622427288188
there is an issue with my online registration,registration_problems,registration_problems,0.9950070097166149
assistance to report errors with sign-up,registration_problems,registration_problems,0.995002124495052
is it possible to place a goddamn order from {{Delivery Country}},delivery_options,delivery_options,0.9907071765729478
how can I check my fucking bill from {{Person Name}}?,check_invoice,check_invoice,0.9937554750854921
assistance with canceling order {{Order Number}},cancel_order,cancel_order,0.9954909780113391
I do not know what to do to get the invoice #12588,get_invoice,get_invoice,0.993316892376082
want help to submit some feedback about your services,review,review,0.9959080441507339
i cant pay i need help reporting problems with payments,payment_issue,payment_issue,0.9903320852217822
can you help me leaving my feedback for a product?,review,review,0.9954134202001939
I need assistance canceling ordr {{Order Number}},cancel_order,cancel_order,0.9938367200594408
I need assistance to enter a secondary shipping address,set_up_shipping_address,set_up_shipping_address,0.9967512855276573
how do i check what hours i can call customer support,contact_customer_service,contact_customer_service,0.9949551231504773
is it possible to ask for an rebate of my money,get_refund,get_refund,0.9951324533174727
I have got to notify of issues wit payments,payment_issue,payment_issue,0.9926974232918204
"I want to see how long refunds take, how to do it?",check_refund_policy,check_refund_policy,0.9935497445120358
I want to modify my delivery address,change_shipping_address,change_shipping_address,0.9964748164696756
would it be possible to report problems with a sign-up?,registration_problems,registration_problems,0.9899078396444487
how to check the  status of order {{Order Number}}?,track_order,track_order,0.9966610503359133
how to get the invoices from {{Person Name}},get_invoice,get_invoice,0.9957977244607669
ya are not helpful could i speak with a fucking human agent,contact_human_agent,contact_human_agent,0.9904029767903407
cancel purchase113542617735902,cancel_order,cancel_order,0.7792149814169281
I need assistance to check what shipment options are there,delivery_options,delivery_options,0.9946705377149371
"I have got to check your payment methods, I need assistance",check_payment_methods,check_payment_methods,0.9931436248195857
find inormation about creating standard accounts,create_account,create_account,0.9956499113847578
I need help to see what payment methods are accepted,check_payment_methods,check_payment_methods,0.9966908726110632
refund  {{Currency Symbol}}{{Refund Amount}},get_refund,get_refund,0.9936201916511028
i dont know what i have to do to lodge a consumer complaint,complaint,complaint,0.9932149427115154
password recovery,recover_password,recover_password,0.9940868289962267
can you help me restore my fucking profile password?,recover_password,recover_password,0.9915884430233298
want assistance notifying of issues with a registration,registration_problems,registration_problems,0.9946633869123765
i do not know what to do to get my bills from {{Person Name}},get_invoice,get_invoice,0.9931411744836188
"I have to correct purchase {{Order Number}}, can you help me?",change_order,change_order,0.9920866889921838
i want help seeing the bill from {{Person Name}},check_invoice,check_invoice,0.9944620500541222
i have to unsubscribe to ur corporate newsletter,newsletter_subscription,newsletter_subscription,0.9963680924057178
I don't know what I need to do to report registration errors,registration_problems,registration_problems,0.9928200314059304
I want help to give a quick look at the invoice #85632,check_invoice,check_invoice,0.9951286146945284
I have to check how long it takes for the purchase to arrive,delivery_period,delivery_period,0.9939260396660644
how can I lodge a customer reclamation against your company?,complaint,complaint,0.9966910177667939
i want assistance cancelling order {{Order Number}},cancel_order,cancel_order,0.995436663166046
assistance seeing when my purchase is going to arrive,delivery_period,delivery_period,0.9941733699191614
is it possible to ordet from {{Delivery Country}},delivery_options,delivery_options,0.9917831071017326
I do not know how to get refunds of my money,get_refund,get_refund,0.9956694080910854
help to contact damn customer support,contact_customer_service,contact_customer_service,0.9952160236429255
I want help to check what shipping methods you offer,delivery_options,delivery_options,0.99496274808213
I need help to notify of troubles with payment,payment_issue,payment_issue,0.9959380884279443
I do not know what I have to do to talk to customer suppory,contact_customer_service,contact_customer_service,0.9936162991236347
help setting up my new delivery address,set_up_shipping_address,set_up_shipping_address,0.9968895095823448
want assistance notifying of problems with a registration,registration_problems,registration_problems,0.993662775236238
modifying info on {{Account Type}} account,edit_account,edit_account,0.9970366207429869
I am trying to change to the {{Account Category}} account,switch_account,switch_account,0.9960244519628736
"I paid {{Currency Symbol}}{{Refund Amount}} for this item, want help to get a rebate",get_refund,get_refund,0.9953036636612492
I need ehlp seeing the termination fees,check_cancellation_fee,check_cancellation_fee,0.9947627777440808
need help to list your available payment modalities,check_payment_methods,check_payment_methods,0.99610115406927
help me find my invoices from {{Person Name}},check_invoice,check_invoice,0.9944345496688382
need assistance to write a comment for ur services,review,review,0.9953096005165821
I try to track purchase {{Order Number}},track_order,track_order,0.9965112009802498
where to check the invoice from three last purchases?,check_invoice,check_invoice,0.9927293259291234
i do not know whgat to do to set my shipping address up,set_up_shipping_address,set_up_shipping_address,0.9941692626763835
i want help to see  ur allowed payment options,check_payment_methods,check_payment_methods,0.9958104272825863
I want to see in which cases can I ask for my money back,check_refund_policy,check_refund_policy,0.9945482752187772
I'm waiting for a ocmpensation of {{Refund Amount}} dollars,track_refund,track_refund,0.9954074707589532
need assistance to receive compensations of my money,get_refund,get_refund,0.9965671795536339
how do I use the {{Account Type}} profile?,switch_account,switch_account,0.9962966692569006
changing info on gold account,edit_account,edit_account,0.9930453536079056
how to see if there is anything wrong with my compensation,track_refund,track_refund,0.9947033568860818
"you aren't helpful at all, help me speaking to a person",contact_human_agent,contact_human_agent,0.9925047856146353
I have a problem with cancelling purchase {{Order Number}},cancel_order,cancel_order,0.9945244823956693
I want to know more about creating a standard account,create_account,create_account,0.9950772553472901
I have an issue trying to modify my address,change_shipping_address,change_shipping_address,0.9954008033006359
send me bill #00108,get_invoice,get_invoice,0.9944830880949453
i cannot make a  payment where do i report an error,payment_issue,payment_issue,0.9936926045450286
i want assistance to list the accepted payment methods,check_payment_methods,check_payment_methods,0.9967438731912467
I have got to add an article to order {{Order Number}},change_order,change_order,0.9935244171150942
assistance using the platinum account,switch_account,switch_account,0.9948177132456578
"you are not helpful, help talking to an operator",contact_human_agent,contact_human_agent,0.9925010118522491
I want help notifying of troubles with online paymnet,payment_issue,payment_issue,0.9939475403595349
I do not know how to leave a review about a product,review,review,0.9941580216163198
want help to change to the {{Account Type}} account,switch_account,switch_account,0.996597324109464
i want assistance contacting somebody,contact_human_agent,contact_human_agent,0.992389710505175
what do I have to do to change to the gold account?,switch_account,switch_account,0.9940718033593211
need to order a few of ur item,place_order,place_order,0.9940187933791345
help recovering my profile access key,recover_password,recover_password,0.9949226300409423
cancel {{Account Category}} account,delete_account,delete_account,0.9921863438814299
help me shop some of your item,place_order,place_order,0.9941790065972965
i need information about correcting purchase {{Order Number}},change_order,change_order,0.99204704392149
"I cannot remember my account PIN, I would like to recover it",recover_password,recover_password,0.9934502429138266
i want help acquiring an article,place_order,place_order,0.9922790101937181
I do not know what I need to do to buy a few of your item,place_order,place_order,0.9913518177356103
I don't know what I need to do to check my invoice #00108,check_invoice,check_invoice,0.9921156615028469
I need to see what delivery methods you offer,delivery_options,delivery_options,0.9946557497897892
I can't see the status of order {{Order Number}},track_order,track_order,0.9967253572013096
do ya ship toFinland,delivery_options,delivery_options,0.9904323214161797
assistance using the {{Account Type}} profile,switch_account,switch_account,0.9964580866953202
i want assikstance notifying of problems with a registration,registration_problems,registration_problems,0.9939688734637273
can you help me to create a freemium account?,create_account,create_account,0.9947199135418643
i need assistance to inform of errors with signup,registration_problems,registration_problems,0.9945458721737483
where can I see when my item is going to arrive?,delivery_period,delivery_period,0.9946640319110248
assistance to acquire several products,place_order,place_order,0.9951022774258078
I do not know what to do to delete a pro account,delete_account,delete_account,0.9928505083215048
help cancelling my subscription to your corporate newsletter,newsletter_subscription,newsletter_subscription,0.9969385950566215
I do not know what to do to speak with customer service,contact_customer_service,contact_customer_service,0.9948507140814753
assistance to solve troubles with payments,payment_issue,payment_issue,0.9951562865772517
i want help to cancel purchase {{Order Number}},cancel_order,cancel_order,0.9962775326524372
i want assistance trying to change ym shipping address,change_shipping_address,change_shipping_address,0.994917632384206
I need help buying several of your article,place_order,place_order,0.9941304894255364
help me reset my user profile password,recover_password,recover_password,0.9952826005391552
I want help checking when my shipment is going to arrive,delivery_period,delivery_period,0.9927564164003878
I'm trying to switch to the premium account,switch_account,switch_account,0.9948282023836864
what shipping methods do I have?,delivery_options,delivery_options,0.99454406169763
need help leaving an opinion for a product,review,review,0.9945363598980593
I need assistance to cancel purchase {{Order Number}},cancel_order,cancel_order,0.9954030176289876
tell me more about unsubscribing from your newsletter,newsletter_subscription,newsletter_subscription,0.9936966961379302
want help talking to customer service,contact_customer_service,contact_customer_service,0.9956788003949321
i try to see how soon can i expect my shipment,delivery_period,delivery_period,0.9961440783004872
y i cannot submit the new shipping address  valid,set_up_shipping_address,set_up_shipping_address,0.9971237378056091
I want assistance changing to the standard account,switch_account,switch_account,0.9936268852173239
mail me my invoices from {{Person Name}},get_invoice,get_invoice,0.991824867884822
i need assistance checking the ETA of the purchase {{Order Number}},track_order,track_order,0.9967106256126194
I am calling to check when my order is going to arrive,delivery_period,delivery_period,0.9947809232898067
what are the payment payment modalities allowed?,check_payment_methods,check_payment_methods,0.9917037252395645
I'm trying to check the status of purchase {{Order Number}},track_order,track_order,0.9957441118859792
problem with switching a bloody product of order {{Order Number}},change_order,change_order,0.9906518870692583
"my experience with your brand was bad, make a consumer claim",complaint,complaint,0.9941930814458835
i need assistance to check the eta of the order {{Order Number}},track_order,track_order,0.9961616580568466
i dont know what to do ti download my invoice #12588,get_invoice,get_invoice,0.9935438507999272
want  help adding an item to purchase {{Order Number}},change_order,change_order,0.9929842776018556
how to talk with an operator?,contact_human_agent,contact_human_agent,0.9948185427534023
I would like to see in which cases can I request a refund,check_refund_policy,check_refund_policy,0.9934639483378911
I want assistance to speak with a human agent,contact_human_agent,contact_human_agent,0.9942314864743546
problems with my standard account removal,delete_account,delete_account,0.9956002459552452
can you help me to inform of a trouble with payment?,payment_issue,payment_issue,0.9956080265646019
see your payment modalities,check_payment_methods,check_payment_methods,0.9967241992010126
i want help checking when my item is gonna arrive,delivery_period,delivery_period,0.9929998978632076
"I don't understand you, can you help me talk with an agent?",contact_human_agent,contact_human_agent,0.9922089715115439
I want assistance updating my delivery address,change_shipping_address,change_shipping_address,0.9956993107481106
I'm trying to acquire some of ur item,place_order,place_order,0.9943379901389559
how do i submit some goddamn feedback for a product,review,review,0.9908062484967172
where could I submit a different delivery address?,set_up_shipping_address,set_up_shipping_address,0.9948385497654922
reimbursing {{Refund Amount}} dollars,get_refund,get_refund,0.9935986035188215
"I have got to talk with customer assistance, how to do it?",contact_customer_service,contact_customer_service,0.9932445305361713
I don't know what I need to do to demand a rebate,get_refund,get_refund,0.9911142987167162
i expect a damn restitution of {{Currency Symbol}}{{Refund Amount}},track_refund,track_refund,0.9955397205811142
do you have an address to leave feedback for your services?,review,review,0.9961002299791756
where to see the status of my rebate,track_refund,track_refund,0.9910953924726943
I don't know how I can download my bill #12588,get_invoice,get_invoice,0.9929047589308547
could i place an orde from {{Delivery Country}},delivery_options,delivery_options,0.9935520177276101
how can i get information about the options for delivery,delivery_options,delivery_options,0.9882153178034958
get bill fromAnna Freeman,get_invoice,get_invoice,0.9898862985509572
want help restoring the pin code of my user account,recover_password,recover_password,0.9962286939477649
create another {{Account Category}} account for mum,create_account,create_account,0.9957531567505985
what options for shipment are available?,delivery_options,delivery_options,0.9957524879961513
i cannot see if there is anything new on my refund,track_refund,track_refund,0.994950234054547
can yoj help me to make a complaint against your company?,complaint,complaint,0.995157286877404
I'm trying to set another delivery address up,set_up_shipping_address,set_up_shipping_address,0.9952256329871937
get invoice from November,get_invoice,get_invoice,0.9910029386890392
want assistance trying to update my shipping address,change_shipping_address,change_shipping_address,0.9972385418555598
how to see order {{Order Number}} current status?,track_order,track_order,0.9960940737857363
assistance seeing at what time customer support available is,contact_customer_service,contact_customer_service,0.9940188241514788
I call to make a consumer claim against your company,complaint,complaint,0.9956918504432033
help me to see at what time I can reach customer assistance,contact_customer_service,contact_customer_service,0.9942316186279836
remove premium account,delete_account,delete_account,0.9933146405819198
can you help me to delete something from order {{Order Number}}?,change_order,change_order,0.993683946558944
there are errors trying to update my shipping address,change_shipping_address,change_shipping_address,0.9965253951757357
i dont know what to do to correct the delivery address,change_shipping_address,change_shipping_address,0.9952207611199236
open freemium account for wife,create_account,create_account,0.9950433246121588
i need assistance to notify of a registration problem,registration_problems,registration_problems,0.9949295358200926
under which circumstances can I request refunds?,check_refund_policy,check_refund_policy,0.9929296795387703
where to receive rebates of money,get_refund,get_refund,0.9966329362179307
how to receive restitutions of money?,get_refund,get_refund,0.9961814212731491
chatting with human agent,contact_human_agent,contact_human_agent,0.9919538297936938
can I talk with customer service?,contact_customer_service,contact_customer_service,0.9963522497993922
I have a trouble correcting the address,change_shipping_address,change_shipping_address,0.9960085331869566
mail me the invoice from {{Person Name}},get_invoice,get_invoice,0.9936894029244061
editing data on {{Account Category}} acocunt,edit_account,edit_account,0.99535551525853
"I have got to submit the new shipping address, I need help",set_up_shipping_address,set_up_shipping_address,0.9964779418947596
check the available options for shipping,delivery_options,delivery_options,0.9949378632156515
can I delete an item from purchase {{Order Number}} ?,change_order,change_order,0.9915020555761762
want assistance to solve a payment problem,payment_issue,payment_issue,0.9936122116232821
want help to enter my secondary shipping address,set_up_shipping_address,set_up_shipping_address,0.9975400315824485
can you help me ask for refunds?,get_refund,get_refund,0.9896510446171165
another {{Account Type}} account for father,create_account,create_account,0.9950131424672394
is it possible to send some feedback abouta product?,review,review,0.9936726853495612
error opening user profile,registration_problems,registration_problems,0.9814324106214105
help me checking purchase {{Order Number}} current status,track_order,track_order,0.9959011807989014
help to see how soon can I expect the article,delivery_period,delivery_period,0.9956249706693638
i try to recover my account pass,recover_password,recover_password,0.9956574866945572
i do not kno what to do to locate purchase {{Order Number}},track_order,track_order,0.9931019447918601
change data on {{Account Type}} account,edit_account,edit_account,0.9955876569051041
check in which cases can I ask to be refunded,check_refund_policy,check_refund_policy,0.995316657960985
I have to report payment issues,payment_issue,payment_issue,0.995781925289842
what is order {{Order Number}} current status?,track_order,track_order,0.9962831391099577
help me switch an item of order {{Order Number}},change_order,change_order,0.9938225527108712
i do not know how to obtain a compensation,get_refund,get_refund,0.9932739727062723
i have ot change to the standard account how do i do it,switch_account,switch_account,0.9928707858638965
I don't know what to do to talk with someone,contact_human_agent,contact_human_agent,0.9920734093044273
i have to download the invoices from {{Person Name}},get_invoice,get_invoice,0.9957518939861508
reimbursing {{Refund Amount}} ddollars,get_refund,get_refund,0.9935282667831161
I have to submit my shipping address,set_up_shipping_address,set_up_shipping_address,0.9968071216010861
get inviice from {{Person Name}},get_invoice,get_invoice,0.9942792575361686
i exepct a restitution of {{Currency Symbol}}{{Refund Amount}},track_refund,track_refund,0.9953131380405198
"I have to see the bloody status of the refund, how to do it?",track_refund,track_refund,0.9853307928235505
I need assistance listing the allowed payment modalities,check_payment_methods,check_payment_methods,0.995132416922659
I need help with cancellng order {{Order Number}},cancel_order,cancel_order,0.9852370329214294
i do not know how to report an issue wiht a sign-up,registration_problems,registration_problems,0.9926502346533944
I don't know what to do to look for bill #37777,check_invoice,check_invoice,0.992584209546266
i dont khow how to cancel order {{Order Number}},cancel_order,cancel_order,0.9960635692631176
"I can't remember the PIN of my account, how do I reset it?",recover_password,recover_password,0.9928697497882367
how long until I obtain a restitution of money?,get_refund,get_refund,0.9955000693674334
"I have to set a shipping address up, how can I do it?",set_up_shipping_address,set_up_shipping_address,0.9953907640192993
I have to make a complaint against your company,complaint,complaint,0.9953181628029903
change to freemium acount,switch_account,switch_account,0.9894245113441303
how can I get my invoices from {{Person Name}}?,get_invoice,get_invoice,0.99191073713264
could you help me check my invoices from {{Person Name}}?,check_invoice,check_invoice,0.9920574319777699
what do i have to do to createa premium account,create_account,create_account,0.9921076772884466
I need help speaking to a person,contact_human_agent,contact_human_agent,0.9928189157631803
could ya help me to unsubscribe from ur company newsletter,newsletter_subscription,newsletter_subscription,0.9939088751895474
make complaint against your organization,complaint,complaint,0.9941231936006036
i do not know what to do to cdheck my bill #85632,check_invoice,check_invoice,0.9895126770403473
what do i have to do to give a quick look at the bill #37777,check_invoice,check_invoice,0.9933593595894115
I have got to cancel the subscription to the newsletter,newsletter_subscription,newsletter_subscription,0.996765587628453
is it possible to place an order from {{Delivery City}}?,delivery_options,delivery_options,0.9924299842904943
i dont know what to do to delete my platinum account,delete_account,delete_account,0.9945575122574323
I am waiting for a refnd of {{Refund Amount}} dollars,track_refund,track_refund,0.9949498021188976
need to check how long refunds take how can i do it,check_refund_policy,check_refund_policy,0.9924180313357153
assistance lodging a customer complaint against your company,complaint,complaint,0.9963682517422249
how to check how long it takes for my delivery to arrive,delivery_period,delivery_period,0.9961223576489925
I  have got to lodge a consumer complaint,complaint,complaint,0.9949740492664412
I need help with cancelling purchase {{Order Number}},cancel_order,cancel_order,0.9948233863470403
what do I have to do to check your rfund policy?,check_refund_policy,check_refund_policy,0.9907662483040808
i cant register how to inform of a damn sign-up issue,registration_problems,registration_problems,0.9950544846314847
send me mybill from {{Person Name}},get_invoice,get_invoice,0.9954966625634604
problem with cancelling order {{Order Number}},cancel_order,cancel_order,0.9951046631566993
want  assistance chatting with somebody,contact_human_agent,contact_human_agent,0.9928865507495152
how do I see when will my product arrive?,delivery_period,delivery_period,0.9946943823886037
correcting info on {{Account Type}} aqccount,edit_account,edit_account,0.9956711088886765
"I haven't signed up yet, I have got to open a pro account",create_account,create_account,0.9942001456678374
need assistance solving an issue with online paymenst,payment_issue,payment_issue,0.994316700856776
where to purchase an article?,place_order,place_order,0.9937616953841969
I don't know how to get a reimbursement of my money,get_refund,get_refund,0.9955125950747545
need help checking what shipment methods I can choose,delivery_options,delivery_options,0.9949361146728122
I cannot recover my user PIN,recover_password,recover_password,0.9952786809076001
I have a problem trying to correct the shipping address,change_shipping_address,change_shipping_address,0.9956941430675924
help to notify of an error with signup,registration_problems,registration_problems,0.9950019958986106
i have got to reset the pwd of my user,recover_password,recover_password,0.9948985553327944
want assistance to change to the freemium account,switch_account,switch_account,0.9953228749523081
I need assistance cancelling my {{Account Type}} account,delete_account,delete_account,0.9938042486841981
I don't know how to buy some articles,place_order,place_order,0.9928422560249753
I do not know how to speak with an agent,contact_human_agent,contact_human_agent,0.9938042742059565
i cannot pseak to an operator,contact_human_agent,contact_human_agent,0.9928454122550812
need to create an {{Account Category}} account,create_account,create_account,0.9954523510854975
how can I find information about a shipping address update?,change_shipping_address,change_shipping_address,0.9928997580583925
how to get my bill #85632,get_invoice,get_invoice,0.9955256064053947
how can i see order {{Order Number}} status,track_order,track_order,0.9961170032791603
I do not know what I need to do to egt the bill #85632,get_invoice,get_invoice,0.7404056405635556
i dont know how i can download my invoice #00108,get_invoice,get_invoice,0.9930781599410166
what do i need to do to check the payment methods,check_payment_methods,check_payment_methods,0.992503858565415
I have to check when my package is going to arrive,delivery_period,delivery_period,0.9943856053141058
I don't know what I have to do to check the withdrawal fees,check_cancellation_fee,check_cancellation_fee,0.9918723597278056
I do not know how I can take a quick look at my bill #12588,check_invoice,check_invoice,0.9918844444291078
idont use my {{Account Category}} account want assistance to remove it,delete_account,delete_account,0.9947683555197725
want assistance submitting my feedback for a service,review,review,0.9946080492322493
I don't know how I can ask for a rebate,get_refund,get_refund,0.9911346014051872
can ya help me to request a refund of my money,get_refund,get_refund,0.9955003421820962
updating {{Account Type}} account,edit_account,edit_account,0.9857955091182756
wanna see the bill from {{Person Name}},check_invoice,check_invoice,0.9919352984810291
need assistance using the {{Account Type}} profile,switch_account,switch_account,0.9960051494999996
assistance correcting the damn data on my user account,edit_account,edit_account,0.9959182842921982
help filing a reclamation against your business,complaint,complaint,0.995402517629454
need assistance to take a quick look at the bill #12588,check_invoice,check_invoice,0.9937003168191564
"I want to check when will my product arrive, how do I do it?",delivery_period,delivery_period,0.9920176288574996
i want assistance seeing the compensation current status,track_refund,track_refund,0.9912502807234476
how do I locate order {{Order Number}}?,track_order,track_order,0.9904402005511613
is it possible to order from {{Delivery City}},delivery_options,delivery_options,0.991950803265968
want assistance to receive an refund of my money,get_refund,get_refund,0.9957297206641206
where can I see your available payment modalities?,check_payment_methods,check_payment_methods,0.9960231598385553
swap several articles of order {{Order Number}},change_order,change_order,0.9896343364091399
"I have to see the status of the rebate, will you help me?",track_refund,track_refund,0.9914636931838764
i do not know what to do toi inform of payment problems,payment_issue,payment_issue,0.9937748737139782
want assistance leaving some feedback about a service,review,review,0.9957664083537036
I'm trying to swap an item of purchase {{Order Number}},change_order,change_order,0.9949525685831598
help seeing the delivery options,delivery_options,delivery_options,0.9938044952981234
how can i purchase some of ur product,place_order,place_order,0.9936989972463484
where do I see what hours I can reach customer assistance?,contact_customer_service,contact_customer_service,0.9941146106911134
need to leave a review about ur products how can i do it,review,review,0.9936968197325431
do you shp to {{Delivery City}}?,delivery_options,delivery_options,0.9949659366284876
i cannot sign up need helpto report sign-up problems,registration_problems,registration_problems,0.9945521907128376
where can I resety my user profile pwd?,recover_password,recover_password,0.993439151598014
assisance seeing in what cases can i request a refund,check_refund_policy,check_refund_policy,0.9945492567775843
i have got to file a customer claim,complaint,complaint,0.995159283164726
get invoice #00108,get_invoice,get_invoice,0.9908204767948833
i cant make a payment where can i notify of an error,payment_issue,payment_issue,0.9940288390584229
help me see how long it takes for my article to arrive,delivery_period,delivery_period,0.9946869329132687
I would like information about my gold account cancellation,delete_account,delete_account,0.9899727581459318
i have to see ur reimbursement policy i need assistance,check_refund_policy,check_refund_policy,0.993393666531956
I need help to enter the delivery adress,set_up_shipping_address,set_up_shipping_address,0.9957920418039681
"I would like to see your damn refund policy, I need help",check_refund_policy,check_refund_policy,0.9882806884393142
how to see the options for shipping?,delivery_options,delivery_options,0.9956127528298969
i dont know what to do tgo download the bill #12588,get_invoice,get_invoice,0.9936651535393679
can ya help me receive ur company newsletter,newsletter_subscription,newsletter_subscription,0.9951567975608105
i have to update some of the goddamn details on my user,edit_account,edit_account,0.9895557361750505
i have to correct order {{Order Number}},change_order,change_order,0.9949917442558197
I expect a reufnd of {{Currency Symbol}}{{Refund Amount}},track_refund,track_refund,0.995010931221351
where to lodge a customer complaint,complaint,complaint,0.9966459105728788
help me notifying of a sign-up problem,registration_problems,registration_problems,0.9948783296207419
closing gold account,delete_account,delete_account,0.9928774044540365
getting billsfrom {{Person Name}},get_invoice,get_invoice,0.9941363270299656
I want assistance earning some of your product,place_order,place_order,0.9943689425343035
I need assistance modifying my bloody user account,edit_account,edit_account,0.9869035170439098
have a question about my pin code recovery,recover_password,recover_password,0.9939553970074139
i dont know what i have to do to download the invoice #37777,get_invoice,get_invoice,0.9933520164145531
updating platinum accojnt,edit_account,edit_account,0.9921733233039282
I don't know what to do to delete the freemium account,delete_account,delete_account,0.9935280388414113
I have troubles trying to updste my delivery address,change_shipping_address,change_shipping_address,0.9832290327862162
I do not know how I can check bill #12588,check_invoice,check_invoice,0.9916820760116424
i cannot unsubacribe to ur company newsletter,newsletter_subscription,newsletter_subscription,0.995842551558523
"I have to check the termination fees, help me",check_cancellation_fee,check_cancellation_fee,0.9949084411447443
i try to create a damn {{Account Category}} account,create_account,create_account,0.9941996033721119
"my card did not work, help to inform of payment issues",payment_issue,payment_issue,0.9948999945928804
i do not know how i can chat with an operator,contact_human_agent,contact_human_agent,0.9909772817474619
where do i inform of payment problems,payment_issue,payment_issue,0.9954439375512174
I do not know how to open a {{Account Type}} account for my daughter,create_account,create_account,0.9958680274416923
I do not know how  I can reset my access key,recover_password,recover_password,0.9903859657511744
I don't know how to restore my user account pwd,recover_password,recover_password,0.9940986187552325
could i check ur  accepted payment modalities,check_payment_methods,check_payment_methods,0.995509252151745
help me speaking to an assistant,contact_human_agent,contact_human_agent,0.9922397026047015
how do I use the premium profile?,switch_account,switch_account,0.994780084817477
refunding{{Currency Symbol}}{{Refund Amount}},get_refund,get_refund,0.9938199671830779
I need help to demand a compensation of money,get_refund,get_refund,0.9960198926918099
I want to obtain a reimbursement of money,get_refund,get_refund,0.995594002816488
I need help to see what payment methods are allowed,check_payment_methods,check_payment_methods,0.9963782238251307
could i file an customer claim,complaint,complaint,0.9923092464425483
how to lodge a consumer complaint against your business?,complaint,complaint,0.9956548758122614
I habe got to file a complaint,complaint,complaint,0.9927316298669365
I need to inform of damn issues with online payment,payment_issue,payment_issue,0.9955658782100588
I don't know what I need to do to speak with a human agent,contact_human_agent,contact_human_agent,0.9919611490046746
where to check when will my product arrive?,delivery_period,delivery_period,0.9952364711035028
how can I set my new shipping address up?,set_up_shipping_address,set_up_shipping_address,0.9972519504346044
I need help to close a {{Account Category}} account,delete_account,delete_account,0.9946359967093157
is it possible to shop some of your item?,place_order,place_order,0.9918021285327381
I am waiting for a compensation of {{Refund Amount}} dollars,track_refund,track_refund,0.9955762495742494
information about cancel the company newsletter subscription,newsletter_subscription,newsletter_subscription,0.9969757619218441
I'm trying to recover my account key,recover_password,recover_password,0.9950142695999274
how do I see the goddamn ETA of order {{Order Number}}?,track_order,track_order,0.9941480807198745
I don't know what I need to do to make a consumer claim,complaint,complaint,0.9911656425925873
can uhelp me filing a reclamation,complaint,complaint,0.9937702322910799
assistance deleting the secondary account,delete_account,delete_account,0.9853555015079438
I want help seeing your payment methods,check_payment_methods,check_payment_methods,0.9944689812388848
i need help seeing ur payment methods,check_payment_methods,check_payment_methods,0.9954837301862978
can you help me seeing the ETA of the order {{Order Number}}?,track_order,track_order,0.9962973763883586
want assistance speaking with a live agent,contact_human_agent,contact_human_agent,0.9937057547817735
want assistance to see how soon can i expect the shipment,delivery_period,delivery_period,0.9957576104852427
i want help to add an item to purchase {{Order Number}},change_order,change_order,0.9944339969777336
support setting up my delivery address,set_up_shipping_address,set_up_shipping_address,0.9946063226991457
I want help to ask for compensations,get_refund,get_refund,0.9956079064129226
i have got to buy some items how can i do it,place_order,place_order,0.9882626381484917
need assistance to see my invoices from {{Person Name}},check_invoice,check_invoice,0.9949912071438943
deliveries to {{Delivery Country}},delivery_options,delivery_options,0.9956281729571673
can I see the early termination fee?,check_cancellation_fee,check_cancellation_fee,0.9959055385606336
"I cannot pay, help reporting goddamn problems with payments",payment_issue,payment_issue,0.9936544363955387
I am waiting for a compensation of {{Currency Symbol}}{{Refund Amount}},track_refund,track_refund,0.9951343624929274
getting invoices from eight months ago,get_invoice,get_invoice,0.9848929197246168
help to give a quick look at my invoice #37777,check_invoice,check_invoice,0.9955984064423133
could i recover  my damn profile key,recover_password,recover_password,0.9907708414870519
wanna see in which cases can i ask for a reimbursement,check_refund_policy,check_refund_policy,0.995174037044985
i do not know how to speak with an opeator,contact_human_agent,contact_human_agent,0.9876499990840327
can I get my invoice from {{Person Name}}?,get_invoice,get_invoice,0.9938973127681007
I am trying to lodge a customer complaint,complaint,complaint,0.99599071113736
modify info on pro account,edit_account,edit_account,0.9963574086997916
I want help seeing the available payment options,check_payment_methods,check_payment_methods,0.9958219410837336
I want to report signup errors,registration_problems,registration_problems,0.9954211936190517
can uhelp me checking the payment optgions,check_payment_methods,check_payment_methods,0.9831427457151324
I want to send my feedback about a product,review,review,0.9961747236101419
contact a fucking live agent,contact_human_agent,contact_human_agent,0.9912339456835387
i have to check the early exit fee will uhelp me,check_cancellation_fee,check_cancellation_fee,0.9913152034344165
i have to check how long reimbursements take i need help,check_refund_policy,check_refund_policy,0.9933465574905966
I would like to check if there are any news on the refund,track_refund,track_refund,0.9936513642977548
correct order {{Order Number}},change_order,change_order,0.9926041537633733
could you help me to notify of an issue with payments?,payment_issue,payment_issue,0.9944508818076683
need help to receive ur company newsletter,newsletter_subscription,newsletter_subscription,0.9961620006318124
can i take a quick look at my invoicr #00108,check_invoice,check_invoice,0.9938177232705678
i dont know how to talk to someone,contact_human_agent,contact_human_agent,0.9919967999819258
I don't knowhow to cancel purchase {{Order Number}},cancel_order,cancel_order,0.9958814448664013
tell me about signingup to ur corporate newsletter,newsletter_subscription,newsletter_subscription,0.9936789918275136
help me submit some feedback for a service,review,review,0.995954024013297
want assistace seeing my bill #12588,check_invoice,check_invoice,0.993675942010734
I don't know how I can change to the {{Account Category}} account,switch_account,switch_account,0.9950672331267829
help to ssee in what situations can i ask for reimbursements,check_refund_policy,check_refund_policy,0.9959836023834662
assistance ordering some bloodyproducts,place_order,place_order,0.9891066547892219
can I update order00004587345?,change_order,change_order,0.9159110268250288
how to purchase an item?,place_order,place_order,0.987651168116605
notify of payment issue,payment_issue,payment_issue,0.9961075942157502
how do I cancel purchae {{Order Number}}?,cancel_order,cancel_order,0.9931952861743713
could i file a revlamation against ur organization,complaint,complaint,0.9931770533068828
I don't know how I could report errors with a registration,registration_problems,registration_problems,0.9919614740047713
trouble entering a new shipping address,set_up_shipping_address,set_up_shipping_address,0.996239550564216
I want assistance seeing when will my parcel arrive,delivery_period,delivery_period,0.9916653639550193
need help to file a damn claim against your organization,complaint,complaint,0.9940503046936254
what is your damn customer assistance number?,contact_customer_service,contact_customer_service,0.9919732458276477
lodge customer complaint against your organization,complaint,complaint,0.9959117775890011
i do not know how to inform of a trouble withpayments,payment_issue,payment_issue,0.9940656848932177
how to use the gold profile?,switch_account,switch_account,0.995326626762917
I submitted a wrong shipping address,change_shipping_address,change_shipping_address,0.8717959158808437
"I have to check my bill from {{Person Name}}, how can I do it?",check_invoice,check_invoice,0.9914056120131051
help to change to the standard account,switch_account,switch_account,0.995529507038055
ya arent helpful at all how can i chat with somebody,contact_human_agent,contact_human_agent,0.9931866509640335
"my credit card was declined, I have to report payment errors",payment_issue,payment_issue,0.9932240982051183
help me to see how long it takes for my delivery to arrive,delivery_period,delivery_period,0.9959829883280387
i want assistance opening a {{Account Type}} account for my dad,create_account,create_account,0.996534666699158
check in which situations can i ask for a reimbursement,check_refund_policy,check_refund_policy,0.9957782836355329
I have errors with my registration,registration_problems,registration_problems,0.9940397683589746
add item to order {{Order Number}},change_order,change_order,0.9910834864948125
si it possible to add some products to order {{Order Number}},change_order,change_order,0.9947601919027876
neerd help buying some bloody products,place_order,place_order,0.9893949978879197
help me see in what cases can I reuest my money back,check_refund_policy,check_refund_policy,0.9957826975363724
how do I edit my address?,change_shipping_address,change_shipping_address,0.9942940052005729
i want assistance to see how soon can i expect the item,delivery_period,delivery_period,0.9948000578100585
I want help talking with an assistant,contact_human_agent,contact_human_agent,0.9930639160756063
I want help checking the methods for shipping,delivery_options,delivery_options,0.9946924013772022
is it possible to file a customer complaint?,complaint,complaint,0.9940588730550668
can you help me seeing your accepted payment options?,check_payment_methods,check_payment_methods,0.9957107778991442
I don't know what to do to create a {{Account Type}} account,create_account,create_account,0.9949017957569476
can you help me getting a reimbursement?,get_refund,get_refund,0.9238270500435117
how to retrieve the PIN code of myuser?,recover_password,recover_password,0.9959832115950662
"I have to order some of your article, how can I do it?",place_order,place_order,0.9926428197610241
want assistance to talk with a live agent,contact_human_agent,contact_human_agent,0.9943422802404264
my secondary delivery address isnt valid help me,set_up_shipping_address,set_up_shipping_address,0.9953716892826919
could I make a customer claim against your organization?,complaint,complaint,0.9954822376344321
editing details on {{Account Category}} account,edit_account,edit_account,0.9969653529015972
want help signing up to ur newsletter,newsletter_subscription,newsletter_subscription,0.9928704362103377
"I want to use the {{Account Type}} profile, how to do it?",switch_account,switch_account,0.9953214239049305
where to inform of a fucking sign-up problem?,registration_problems,registration_problems,0.9927457580130389
editing information on gold account,edit_account,edit_account,0.9966241520562766
i cannot find bill #85632 can usendit to me,get_invoice,get_invoice,0.7701831491352719
"I ain't happy with your work, I need to make a reclamation",complaint,complaint,0.9919889737553533
I want to see how long it takes for my product to arrive,delivery_period,delivery_period,0.9951118110957523
troubles setting the new delivery address up,set_up_shipping_address,set_up_shipping_address,0.9959868649635952
how can i get information about pro account cancellations,delete_account,delete_account,0.9938000776796162
can you tell me about my newsletter subscription?,newsletter_subscription,newsletter_subscription,0.9961381974579014
i do not use my {{Account Category}} account i try to close it,delete_account,delete_account,0.9948837797797268
I don't know how to notify of a problem with sign-up,registration_problems,registration_problems,0.9936734694582491
assistance canceling the corporate newsletter subscription,newsletter_subscription,newsletter_subscription,0.9966700910748881
i want help to check my bill fom {{Person Name}},check_invoice,check_invoice,0.995562372227034
want assistance to leave a comment about ur services,review,review,0.9957151353133794
how long until I receive areimbursement of money?,get_refund,get_refund,0.9950789449875943
"I cannot make payments, could I report a problem?",payment_issue,payment_issue,0.9930754605911418
I want help getting bill #85632,get_invoice,get_invoice,0.9929678675257052
I am trying to unsubscribe from your company newsletter,newsletter_subscription,newsletter_subscription,0.9956299058336086
can uhelp me swap something ofpurchase {{Order Number}},change_order,change_order,0.99288357430708
"I have bought some items, help canceling purchase {{Order Number}}",cancel_order,cancel_order,0.995505047320766
I am trying to change to the standard account,switch_account,switch_account,0.9945967591452517
check the early termination charges,check_cancellation_fee,check_cancellation_fee,0.9962155863015741
"I want to check what payment methods are allowed, help me",check_payment_methods,check_payment_methods,0.9958209403530697
i cannot chat with an assistant,contact_human_agent,contact_human_agent,0.9920653884109457
need asistance filing a consumer claim against your business,complaint,complaint,0.9944770279204201
I'm waiting for a compensation of {{Refund Amount}} dollars,track_refund,track_refund,0.9956483801168755
need assistance resetting my account pin code,recover_password,recover_password,0.9949435259729588
I have to see how soon can I expect the goddamn order,delivery_period,delivery_period,0.9925117032998226
help speaking to customer service,contact_customer_service,contact_customer_service,0.9962024034319633
how do I see the current status of the refund?,track_refund,track_refund,0.9900101423304504
how to change something of order {{Order Number}},change_order,change_order,0.9965229680853391
where to check at what time I can reach customer support?,contact_customer_service,contact_customer_service,0.9949574919704579
leave review,review,review,0.9946371823527818
I don't know how I can inform of errors with sign-up,registration_problems,registration_problems,0.9937010233189311
I do not know how I can set up my shipping address,set_up_shipping_address,set_up_shipping_address,0.9946705353292667
I do not know what I have to do to report payment issues,payment_issue,payment_issue,0.9924490443580879
i need assistance tracking purchase {{Order Number}},track_order,track_order,0.9922131813494736
can ushow me the status of purchase {{Order Number}},track_order,track_order,0.9963026268361492
i have got to update the info included on my account,edit_account,edit_account,0.9949588948558019
can I see at what time I can contact customer assistance?,contact_customer_service,contact_customer_service,0.994533157626492
"I have to speak with customer support, how to do it?",contact_customer_service,contact_customer_service,0.9954874027337656
"I can't make payments, assistance informing of problems",payment_issue,payment_issue,0.9931396987233737
"I want to see when will my product arrive, how can I do it?",delivery_period,delivery_period,0.9927421578073355
I'm trying to speak to a person,contact_human_agent,contact_human_agent,0.9944372949070702
I want help to open a premium account for my dad,create_account,create_account,0.9965277578088937
making customer claim against your company,complaint,complaint,0.9961429743845324
can uhelp me to talk to a person,contact_human_agent,contact_human_agent,0.9928941237377639
want assistance taking aquick look at my bill from {{Person Name}},check_invoice,check_invoice,0.9944775134537212
I am looking for information about opening a {{Account Type}} account,create_account,create_account,0.9949404721298721
I have to submit a different delivery address,set_up_shipping_address,set_up_shipping_address,0.9964594663646911
I do not know what I need to do to ask for a compensation,get_refund,get_refund,0.9924373277669448
I need to see how long it takes for the purchase to arrive,delivery_period,delivery_period,0.9935732385819472
changing purchase {{Order Number}},change_order,change_order,0.9881168884985619
I want to see at what time I can call customer service,contact_customer_service,contact_customer_service,0.994929015226321
I cannot retrieve my account key,recover_password,recover_password,0.9958009319835934
I don't know what  to do to find the bills from {{Person Name}},check_invoice,check_invoice,0.991831877653754
I need to update order {{Order Number}},change_order,change_order,0.9933719995153277
ihave to locate purchase {{Order Number}} help me,track_order,track_order,0.9947282108741891
I need help to check the cancellation charge,check_cancellation_fee,check_cancellation_fee,0.9944102143129284
I want help opening a standard account for my daughter,create_account,create_account,0.9956049643962134
where to notify of errors with sign-up?,registration_problems,registration_problems,0.9958064222682985
can you help me sign up to the company newsletter?,newsletter_subscription,newsletter_subscription,0.996205365050716
what do i need to do to check the cancellation charges,check_cancellation_fee,check_cancellation_fee,0.9934413674609152
how can I reset my profile access key?,recover_password,recover_password,0.9946553982902581
show me estimated time of arrival of order {{Order Number}},track_order,track_order,0.8866353825767067
"I have to submit a shipping address, how do I do it?",set_up_shipping_address,set_up_shipping_address,0.9943008617590087
"someone has stolen my user PIN code , how can I reset it?",recover_password,recover_password,0.9932465743118021
I do not know what to do to remove my standard account,delete_account,delete_account,0.9944908432432876
"I want to set up a secondary delivery address, how to do it?",set_up_shipping_address,set_up_shipping_address,0.9962073071542782
i do not know what to do to report an issue withpayment,payment_issue,payment_issue,0.9781516241444921
I don't know what to do to recover my account key,recover_password,recover_password,0.9926602202979299
need to modify the user details how can i do it,edit_account,edit_account,0.9920018188637677
could I receive your fucking corporate newsletter?,newsletter_subscription,newsletter_subscription,0.9930988236527515
i try to cancel the subscription to ur company newsletter,newsletter_subscription,newsletter_subscription,0.9973187822712474
I want to cancel purchase {{Order Number}},cancel_order,cancel_order,0.996192982168767
I don't know how I can see the termination fee,check_cancellation_fee,check_cancellation_fee,0.9917415113338769
is it possible to order from {{Delivery City}},delivery_options,delivery_options,0.991950803265968
can you help me seeing the ETA of purchase {{Order Number}}?,track_order,track_order,0.9948509920695257
help me change the address,change_shipping_address,change_shipping_address,0.9945290416965729
I do not know what I need to do to check your refund policy,check_refund_policy,check_refund_policy,0.9918062342754369
I do not know how I can leave a comment about your products,review,review,0.9933611666432943
I want assistance to solve a problem with payment,payment_issue,payment_issue,0.9937068445299385
can I lodge a customer claim against your company?,complaint,complaint,0.99656248309642
show me at what time I can reach customer assistance,contact_customer_service,contact_customer_service,0.9941640679991434
i need assistance demanding compensations of my money,get_refund,get_refund,0.9959875751895995
could you help me to use the standard profile?,switch_account,switch_account,0.9936029896361341
I don't knos how to check when my package is going to arrive,delivery_period,delivery_period,0.9938604160870201
where doi check how soon can i expect my article,delivery_period,delivery_period,0.9950684229264741
show me the bill #12588,check_invoice,check_invoice,0.9924077907458063
I try to see whne will my item arrive,delivery_period,delivery_period,0.9932617420632521
helpme check your refund policy,check_refund_policy,check_refund_policy,0.9953812132720742
I have to see in what cases can I request my money back,check_refund_policy,check_refund_policy,0.9953732549985279
"I have to sign up to your newsletter, could I get some help?",newsletter_subscription,newsletter_subscription,0.9884415181554901
i expect an refund of {{Currency Symbol}}{{Refund Amount}} has it been processed,track_refund,track_refund,0.9947222026302421
where could I take a quick look at invokce #37777?,check_invoice,check_invoice,0.9907846737779212
help looking for the bill #00108,check_invoice,check_invoice,0.9943956849151813
i need assistance removing my pro account,delete_account,delete_account,0.9946731540346798
need assistance unsubscribing from ur newsletter,newsletter_subscription,newsletter_subscription,0.9945018645724956
i dont know what to do to reset my account key,recover_password,recover_password,0.9912532545544853
could ya help me inform of troubles with payments,payment_issue,payment_issue,0.993953087267899
could I cancel my corporate newsletter subscription?,newsletter_subscription,newsletter_subscription,0.9966883121861452
I have got to see in which cases can I request my money back,check_refund_policy,check_refund_policy,0.994954396761562
I don't know what I need to do to close the {{Account Type}} account,delete_account,delete_account,0.993388038530655
help me seeing if there is anything new on the reimbursement,track_refund,track_refund,0.9944809732477936
could I leave a bloody comment about a service?,review,review,0.9925440484435902
where do i retrieve my profile key,recover_password,recover_password,0.994680969277051
I want help to leave a goddamn comment about your company,review,review,0.9936401680021788
how do i see how long it takes for my delivery to arrive,delivery_period,delivery_period,0.9953439026451613
I would like information about the deletion of my {{Account Type}} acount,delete_account,delete_account,0.9949583791721569
check purchase {{Order Number}} status,track_order,track_order,0.9975738558634056
solve payment error,payment_issue,payment_issue,0.9909008788822584
i dont know how i can talk to customer service,contact_customer_service,contact_customer_service,0.9943654221077501
where to leave a comment for your services?,review,review,0.9962653877887515
I am waiting for an refund of {{Currency Symbol}}{{Refund Amount}},track_refund,track_refund,0.9949604554200987
want assistance giving a quick look at the bill #85632,check_invoice,check_invoice,0.9945487545230268
can I place an order from {{Delivery City}}?,delivery_options,delivery_options,0.9948178499944484
I do not know how I can buy several items,place_order,place_order,0.9900896301393062
i want assistance cancelling order {{Order Number}},cancel_order,cancel_order,0.995436663166046
i try to correct the address,change_shipping_address,change_shipping_address,0.9962482368470905
need assistance to obtain a refund of money,get_refund,get_refund,0.9955448051387007
i do not know what i need to do to remove a {{Account Type}} account,delete_account,delete_account,0.9912934614093006
i dont know what i have to do to speak with an assistant,contact_human_agent,contact_human_agent,0.9912511260075315
problems wiuth changing order {{Order Number}},change_order,change_order,0.9936971308261837
how to check ur refund policy,check_refund_policy,check_refund_policy,0.9954634453474139
upddate order {{Order Number}},change_order,change_order,0.8599675823635535
I need to see how long it takes for the shipment to arrive,delivery_period,delivery_period,0.9959134737902403
can I speak with a live agent?,contact_human_agent,contact_human_agent,0.9948287918527724
problem with the removal of my {{Account Category}} account,delete_account,delete_account,0.9962019873348081
can you help me resetting the password of my profile?,recover_password,recover_password,0.9939445656702807
can I leave a review about your products?,review,review,0.9954962238885775
assistance requesting a compensation of money,get_refund,get_refund,0.9957594176374692
i cant notifyof a registration issue,registration_problems,registration_problems,0.996183262142076
"I have to earn several products, how can I do it?",place_order,place_order,0.992560006101952
is it possible to enter my delivery address,set_up_shipping_address,set_up_shipping_address,0.9948865923208504
can ya help me subscribing to ur company newsletter,newsletter_subscription,newsletter_subscription,0.996006394404687
I try to inform of registration issues,registration_problems,registration_problems,0.9955465196765609
I want assistance to contact customer support,contact_customer_service,contact_customer_service,0.9959002986418154
i have got to report an error with a sign-up,registration_problems,registration_problems,0.9947835651244789
I want assistance getting the bill from {{Person Name}},get_invoice,get_invoice,0.9945949566841694
I want help seeing the status of order {{Order Number}},track_order,track_order,0.9971538355715243
delivery period,delivery_period,delivery_period,0.9917433579557008
"I can't pay, assistance notifying of an issue with payment",payment_issue,payment_issue,0.9948302465146354
help to edit the information on my user profile,edit_account,edit_account,0.9955747538403411
I dp not know how to cancel order {{Order Number}},cancel_order,cancel_order,0.9956314466797238
ido not know what i need to do to get the invoice #37777,get_invoice,get_invoice,0.9929057160569622
I want help acquiring a product,place_order,place_order,0.99250685623587
help to locate purchaes {{Order Number}},track_order,track_order,0.991747930629778
where to check the withdrawal penalty?,check_cancellation_fee,check_cancellation_fee,0.9947140305915237
i have a damn registration issue,registration_problems,registration_problems,0.9937006245186883
changing to standard account,switch_account,switch_account,0.9860666945627555
can uhelp me check the bloody allowed paymentmethods,check_payment_methods,check_payment_methods,0.9901630629526363
help to set up an delivery address,set_up_shipping_address,set_up_shipping_address,0.9969050908351408
i get an error when i try to make a transfer report it,payment_issue,payment_issue,0.9567608042859517
I do not know what to do to check your reimbursement policy,check_refund_policy,check_refund_policy,0.9929107508927716
I need to see in which situations can I ask for a refund,check_refund_policy,check_refund_policy,0.9956836111649158
i want assistance to send my feedback for ur company,review,review,0.995812778892642
i cannot inform of a isgnup issue,registration_problems,registration_problems,0.9689079316075246
I exxpect a rebate of {{Currency Symbol}}{{Refund Amount}},track_refund,track_refund,0.9942679647468845
find information about the shipping methods,delivery_options,delivery_options,0.9929698272977833
I do not know what to do to speak to an agent,contact_human_agent,contact_human_agent,0.9917934036918868
I need assistance seeing how soon can I expect the purchase,delivery_period,delivery_period,0.9925581207455255
help me retrieve my account password,recover_password,recover_password,0.9963133936337009
help me lodging a customer complaint against ur business,complaint,complaint,0.9960146023280991
I need help to submit a new delivery address,set_up_shipping_address,set_up_shipping_address,0.9970768182102435
track order {{Order Number}},track_order,track_order,0.9897386056732839
I do not know what I need to do to send my feedback,review,review,0.9879893978743778
assistance canceling the last order,cancel_order,cancel_order,0.9646634134900892
updating details on {{Account Type}} account,edit_account,edit_account,0.9969690561560722
what do I have to do to cancel purchase {{Order Number}}?,cancel_order,cancel_order,0.994082139843175
how could I edit my goddamn account?,edit_account,edit_account,0.9893683015653553
what do i need to do to notify fo an issue with sign-up,registration_problems,registration_problems,0.9932627413734753
shipnents to {{Delivery Country}},delivery_options,delivery_options,0.9946884901590788
do you deliver to {{Delivery City}}?,delivery_options,delivery_options,0.994923928965295
I need to receive a refund of my money,get_refund,get_refund,0.996537779787125
ineed assistance receiving ur company newsletter,newsletter_subscription,newsletter_subscription,0.9950711412082432
how to locate my bill #12588?,check_invoice,check_invoice,0.9918739676278546
modifying order {{Order Number}},change_order,change_order,0.9871202711858104
"I can't afford order {{Order Number}}, could you cancel it?",cancel_order,cancel_order,0.9945754697100959
what do i need to do to reover my account pin,recover_password,recover_password,0.9897498529906553
I don't know how to shop some items,place_order,place_order,0.992311163212006
can I use the standard account?,switch_account,switch_account,0.9929787048486977
I have got to chaneg to the {{Account Category}} account,switch_account,switch_account,0.9914485368938557
i need information about my standard account deletion,delete_account,delete_account,0.9959291072560491
I need help to enter my new delivery address,set_up_shipping_address,set_up_shipping_address,0.997459413424723
can you help me checking the cancellation fees?,check_cancellation_fee,check_cancellation_fee,0.9933191060757777
I need assistance changing the address,change_shipping_address,change_shipping_address,0.992535704717472
I don't know what to do to cancel my {{Account Category}} account,delete_account,delete_account,0.9940858968290308
I do not know how I can check the status of my rebate,track_refund,track_refund,0.989596203429819
I need assistamce to inform of a payment issue,payment_issue,payment_issue,0.9954200958434614
help me to speak with a live agent,contact_human_agent,contact_human_agent,0.9952420627300151
where can I notify of issues with online payment?,payment_issue,payment_issue,0.996511643933724
how to reset the access key of my account,recover_password,recover_password,0.9972192009427997
help to see at what time i can reach customer support,contact_customer_service,contact_customer_service,0.9953350205324991
can I send feedback for a service?,review,review,0.9958071086680329
I'm trying to check ur accepted payment otions,check_payment_methods,check_payment_methods,0.9922067023230382
cancel freemium account,delete_account,delete_account,0.9887597336129786
what do i need to do to create a {{Account Category}} account,create_account,create_account,0.9942637190152229
help using the {{Account Category}} profile,switch_account,switch_account,0.9963624736969313
help using the {{Account Category}} profile,switch_account,switch_account,0.9963624736969313
I need assistance using the {{Account Category}} profile,switch_account,switch_account,0.9954511732201494
Iexpect a restitution of {{Refund Amount}} dollars,track_refund,track_refund,0.9958659702025746
I do not know what I have to do to cancel a {{Account Category}} account,delete_account,delete_account,0.9923967837105737
what are the withdrawal charged?,check_cancellation_fee,check_cancellation_fee,0.9947697383824793
I need help speaking to somebody,contact_human_agent,contact_human_agent,0.9919220148337108
I do not know what I need to do to chat with someone,contact_human_agent,contact_human_agent,0.9900814071302392
can you help me check the status of my compensation?,track_refund,track_refund,0.994185138427479
editing informaqtion on pro account,edit_account,edit_account,0.9965060349751931
what do I have to do to see my compensation current status?,track_refund,track_refund,0.9936598312257408
is there a section to submit my feedback for ur products,review,review,0.9969465475784555
can uhelp me to see te early exit charges,check_cancellation_fee,check_cancellation_fee,0.992793056234011
where can I check if there are any news on the rebate?,track_refund,track_refund,0.9952977454877648
find the bills from {{Person Name}},check_invoice,check_invoice,0.9906420273841522
I don't know what to do to notify of registration issues,registration_problems,registration_problems,0.9941339320789715
want assistance downloading the bill #12588,get_invoice,get_invoice,0.9948021876988387
I need assistance to file a reclamation against your company,complaint,complaint,0.9953788491414697
need help to speqk with an operator,contact_human_agent,contact_human_agent,0.9941141654707897
"my delivery address is not valid, what should I do?",set_up_shipping_address,set_up_shipping_address,0.9927514610505094
"I have to talk to an assistant, help me",contact_human_agent,contact_human_agent,0.9928707872116261
can ya help me to open a gold account for my dad,create_account,create_account,0.9952262904928055
I cannot see the current status of purchase {{Order Number}},track_order,track_order,0.9960803512933415
assistance to check order {{Order Number}} current status,track_order,track_order,0.9965032056832038
i do not know what to do to talk to an assistant,contact_human_agent,contact_human_agent,0.9896681133837744
wjen am i getting a compensation of money,get_refund,get_refund,0.9945653961058477
what do I need to do to download the bill #00108?,get_invoice,get_invoice,0.9936978036956208
I need to reocver my pass,recover_password,recover_password,0.9923063462478611
where do i report an issue with a registration,registration_problems,registration_problems,0.9951661215231251
"I have got to see when will my package arrive, I need help",delivery_period,delivery_period,0.9921572047292798
I missed some products in order {{Order Number}},change_order,change_order,0.9868400083454919
I am trying to see in what cases can I request a refund,check_refund_policy,check_refund_policy,0.9952585214118553
new bloody pro account,create_account,create_account,0.9838680026639431
need assistance seeing how soon can i expect my article,delivery_period,delivery_period,0.9936625681324976
would it be possible to obtain a reimbursement of my money,get_refund,get_refund,0.9927738642649949
can you show me in which situations can I ask for refunds?,check_refund_policy,check_refund_policy,0.9947375380765942
want help to check in what situations can i ask for refunds,check_refund_policy,check_refund_policy,0.9953071871894345
i want assistance notifying of an registration issue,registration_problems,registration_problems,0.9948321506185618
do ya deliver to {{Delivery City}},delivery_options,delivery_options,0.9947656049026593
help me check at what time customer assistance available is,contact_customer_service,contact_customer_service,0.994255069477955
I am trying to find information about modifying the address,change_shipping_address,change_shipping_address,0.995128693076276
I want assistance to see the status of the compensation,track_refund,track_refund,0.9921313473720693
"I want to update order {{Order Number}}, how do I do it?",change_order,change_order,0.9885404493088386
I want help to report payment problems,payment_issue,payment_issue,0.9949043319928292
where is purechase {{Order Number}},track_order,track_order,0.7380262252441141
I need assistance to earn na item,place_order,place_order,0.9919196136471239
i have paid {{Currency Symbol}}{{Refund Amount}} for an item i have to obtain a refund,get_refund,get_refund,0.9939729905033134
I don't know how I can make a customer complaint,complaint,complaint,0.9936210466723776
can you help me to recober the PIN of my account?,recover_password,recover_password,0.9942928158294447
I don't know what I need to do to cancel a platinum account,delete_account,delete_account,0.99153414373685
switching to standard account,switch_account,switch_account,0.9931625811037915
updating user profile,edit_account,edit_account,0.7751868158652274
i have to reset my user account pwd how cn i do it,recover_password,recover_password,0.9927534477464284
where do I check when will my purchase arrive?,delivery_period,delivery_period,0.9920531184384259
need to report an issue with signup,registration_problems,registration_problems,0.9956407927658165
is there a method to leave a review for a product?,review,review,0.995293609156843
i dont know how to acquire an article,place_order,place_order,0.993527593705133
i do not know how i could notify of a sign-up error,registration_problems,registration_problems,0.9912227102272565
where do i see if there are any news on the rebate,track_refund,track_refund,0.9952295822491032
i expect a rebate of {{Currency Symbol}}{{Refund Amount}},track_refund,track_refund,0.9949148200593066
help me cancelling my newsletter subscription,newsletter_subscription,newsletter_subscription,0.9950527010895905
couldyou help me to cancel the goddamn {{Account Type}} account?,delete_account,delete_account,0.9910258836962894
"I never use my pro account, I do not know how to remove it",delete_account,delete_account,0.9949768857299478
help me canceling the {{Account Category}} account,delete_account,delete_account,0.9872675212919398
I can't find the early terminatuon penalty,check_cancellation_fee,check_cancellation_fee,0.9948772574455745
need assistance to make a consumer claim against ur business,complaint,complaint,0.9948343002046985
can I place an order from {{Delivery Country}}?,delivery_options,delivery_options,0.9954095071713344
can I ordrr from {{Delivery City}}?,delivery_options,delivery_options,0.9940802965374677
i have got to write a review about ur company how do i do it,review,review,0.9932786395337105
I have to see what hours I can reach customer support,contact_customer_service,contact_customer_service,0.9951179217947415
show me at what time I can call customer service,contact_customer_service,contact_customer_service,0.995352179554717
want help to see ur money back policy,check_refund_policy,check_refund_policy,0.9931055455067993
help me see in what cases can i request to be  reimbursed,check_refund_policy,check_refund_policy,0.995435262790051
I expect a restitution of {{Refund Amount}} dollars,track_refund,track_refund,0.9964982955423128
how do I acquire several of your item?,place_order,place_order,0.9940380268405757
help me informing of a problem with signup,registration_problems,registration_problems,0.9931061738468472
where to filr a consumer complaint?,complaint,complaint,0.995489985321865
I want help to chat with a live agent,contact_human_agent,contact_human_agent,0.9944178007543144
i try to see how long it takes for the purchase to arrive,delivery_period,delivery_period,0.992533410662289
can I leave a damn opinion about a product?,review,review,0.9925830191066666
can uhelp me see what hours i can contact customer service,contact_customer_service,contact_customer_service,0.9950846243352149
I want help to check how long reimbursements take,check_refund_policy,check_refund_policy,0.9943637303972253
help me to cancel purchase {{Order Number}},cancel_order,cancel_order,0.9962233574686538
"my experience with you was terrible, help me lodging a claim",complaint,complaint,0.9931488541768073
open platinum cacount for wife,create_account,create_account,0.9941138758154361
assistance lodging a customer reclamation against ur copany,complaint,complaint,0.9959664147096214
need assistance notifying of an issue with sign-up,registration_problems,registration_problems,0.9926044170009681
i have to notify of errors with online payment,payment_issue,payment_issue,0.9960719664333658
have problems with a {{Account Type}} account removal,delete_account,delete_account,0.9900205657853554
do ya ship to {{Delivery Country}},delivery_options,delivery_options,0.9959057432084976
canceling order {{Order Number}},cancel_order,cancel_order,0.9928604824877499
modifying information on freemium account,edit_account,edit_account,0.9962229751809382
where could I set the new shipping address up?,set_up_shipping_address,set_up_shipping_address,0.9959376152104708
help seeing in what cases can i request refunds,check_refund_policy,check_refund_policy,0.995512367917145
can you help me leave a review about your company?,review,review,0.9944917521299489
i expect an rebate of {{Currency Symbol}}{{Refund Amount}},track_refund,track_refund,0.9946508340156375
help seeing what hours i can call customer support,contact_customer_service,contact_customer_service,0.9952972837182038
"I want to see the allowed payment methods, can you help me?",check_payment_methods,check_payment_methods,0.9948617535557274
how to check the early termination penalty?,check_cancellation_fee,check_cancellation_fee,0.9960201478070418
I need help to speak to someond,contact_human_agent,contact_human_agent,0.9930106027163027
I don't know what to do to correct my shipping address,change_shipping_address,change_shipping_address,0.9953476170700347
assistance with canceling purchase {{Order Number}},cancel_order,cancel_order,0.9954036217901173
"I entered a wrong address, update it",change_shipping_address,change_shipping_address,0.9952554610722678
how to see order {{Order Number}} status?,track_order,track_order,0.996566711139109
have a question about creating fucking {{Account Type}} accounts,create_account,create_account,0.9935282355429863
is it possible to check if there are any news on my rebate?,track_refund,track_refund,0.9938184966698564
wann open a premium account how can i do it,create_account,create_account,0.987339918914974
modifying data on freemium account,edit_account,edit_account,0.9964325594089297
can uhelp me swap some items of order {{Order Number}},change_order,change_order,0.9923701333671352
what d i need to do to report a problem with sign-up,registration_problems,registration_problems,0.9943163783926786
how do i submit my feedback for ur products,review,review,0.9955844160331214
how do i set up my newshipping address,set_up_shipping_address,set_up_shipping_address,0.9962400909230523
i want assistance creating a standard account fr my fiance,create_account,create_account,0.9951620789638643
where can i send some feedback for ur company,review,review,0.9961357674980632
uhave an method to submit some feedback about ur products,review,review,0.9948554759047821
where could I shop several of your item?,place_order,place_order,0.9934634922503763
need help requesting a compensation of money,get_refund,get_refund,0.9962563222471413
I need assistance to talk to somebody,contact_human_agent,contact_human_agent,0.992901061664492
help me to  lodge a customer claim against ur organization,complaint,complaint,0.9966438937216097
how to use the {{Account Category}} profile?,switch_account,switch_account,0.9965481018113739
i cant subscribe to the newsletter,newsletter_subscription,newsletter_subscription,0.9967250525363386
solve a damn error with online payments,payment_issue,payment_issue,0.9942601673294066
what do I need to do to request a rebate?,get_refund,get_refund,0.9927627980214302
create new {{Account Category}} account,create_account,create_account,0.9966230745781544
i want help reporting an issue with online payments,payment_issue,payment_issue,0.9954121613656697
I need assistance to notify of an error with online payments,payment_issue,payment_issue,0.9958108095058761
assistance giving aquick look at invoice #85632,check_invoice,check_invoice,0.9929933029253348
I don't know what I need to do to get the invoice #12588,get_invoice,get_invoice,0.9927442272566284
what do I need to do to get my last bills?,get_invoice,get_invoice,0.9806718187017566
where do I inform of an issue with a signup?,registration_problems,registration_problems,0.9954742960451454
help seeing what shipping options you offer,delivery_options,delivery_options,0.9948829996077792
"I can't pay, help to inform of issues with payment",payment_issue,payment_issue,0.9959761201699203
"I need to check your refund policy , how to do it?",check_refund_policy,check_refund_policy,0.9936789109789151
"I have to check when will my package arrive, help me",delivery_period,delivery_period,0.9935329990912822
check delivery options,delivery_options,delivery_options,0.9952362672544935
i try to talk to a perrson,contact_human_agent,contact_human_agent,0.9939637074145106
"I have to see in what cases can I request refunds, help me",check_refund_policy,check_refund_policy,0.995063075924916
"you aren't helpful, assistance chatting with an operator",contact_human_agent,contact_human_agent,0.9928494615810908
another {{Account Type}} account,create_account,create_account,0.9827969665165616
need help to make an order,place_order,place_order,0.9895165924466024
there are errors setting the secondary delivery address up,set_up_shipping_address,set_up_shipping_address,0.9956581385832658
where could I see if there is anything new on my refund?,track_refund,track_refund,0.993250367645136
where do i track order {{Order Number}},track_order,track_order,0.9954644277388472
I want help to inform of an issue with a sign-up,registration_problems,registration_problems,0.9952042353760687
can you help me modifying my delivery address?,change_shipping_address,change_shipping_address,0.9964106737801529
problems with my password recovery,recover_password,recover_password,0.9934420998458332
I need assistance checking the goddamn early exit penalty,check_cancellation_fee,check_cancellation_fee,0.9893006483826864
"I cannot open a user account, can I report a sign-up error?",registration_problems,registration_problems,0.9948643928283532
I call to check when my article is going to arrive,delivery_period,delivery_period,0.9951870507024271
can you help me to acquire an few of your product?,place_order,place_order,0.9944268492068676
"I would like to edit my personal information, I need help",edit_account,edit_account,0.9924822533999805
notify of problems creating user,registration_problems,registration_problems,0.9885416389734827
do you deliver to {{Delivery City}}?,delivery_options,delivery_options,0.994923928965295
I'd like to make a customer reclamation against ur business,complaint,complaint,0.9954490526092793
i cannot remove an article from purchase {{Order Number}},change_order,change_order,0.9928845892695488
is it possible to notify of problems with sign-up?,registration_problems,registration_problems,0.9926027928322857
I need assistance to inform of a problem with payments,payment_issue,payment_issue,0.9945738858021701
seeing invoice #37777,check_invoice,check_invoice,0.9925470932542101
i do not know what  i need to do to receive the newsletter,newsletter_subscription,newsletter_subscription,0.9920916043381239
modifying info on {{Account Category}} account,edit_account,edit_account,0.996721359361656
i want help trying to change the address,change_shipping_address,change_shipping_address,0.9909273377033468
need assistance to see if there is anything new on my rebate,track_refund,track_refund,0.9942350021877022
is it possible to unsubscribe from the company newsletter,newsletter_subscription,newsletter_subscription,0.9948345554518503
editing order {{Order Number}},change_order,change_order,0.9825143421086079
wanna see ur refund polcy,check_refund_policy,check_refund_policy,0.989428202888805
ya have an address to submit my feedback for ur products,review,review,0.9974147390668606
checking invoices from {{Person Name}},check_invoice,check_invoice,0.9923958210466619
cancelling order {{Order Number}},cancel_order,cancel_order,0.9926886163297425
can you help me make a clain against your business?,complaint,complaint,0.9928503322722283
I have got to leave my feedback about a service,review,review,0.9960434283102227
is there an address to send feedback for ur products,review,review,0.9974399041757946
"I need to see the termination penalty, how can I do it?",check_cancellation_fee,check_cancellation_fee,0.9926153362414077
"I ain't happy with your work, I need to make a claim",complaint,complaint,0.9908395250048789
i have to sign up to the corporae newsletter help me,newsletter_subscription,newsletter_subscription,0.9956775730638983
how to see ur allowed payment modalities,check_payment_methods,check_payment_methods,0.9960105178317757
i need assistance to speak with customer service,contact_customer_service,contact_customer_service,0.9958478447613723
where do I check the reimbursement current status?,track_refund,track_refund,0.992548195445259
where to  see how soon can I expect my order?,delivery_period,delivery_period,0.9957697738875485
I need to file a complaint,complaint,complaint,0.9947154979320407
I am trying to inform of a trouble with online payment,payment_issue,payment_issue,0.9956989447318244
"I expect a restitution of {{Currency Symbol}}{{Refund Amount}}, was it processed",track_refund,track_refund,0.9956634973324663
i have got to swap  an item of order {{Order Number}},change_order,change_order,0.9944929614784636
i do not know how to close my {{Account Type}} account,delete_account,delete_account,0.9954239474134693
i do not know how to edit my delivery address,change_shipping_address,change_shipping_address,0.9939227801432411
assistance to check hw soon can i expect the order,delivery_period,delivery_period,0.9941062453881377
help to check how long it takes for the package to asrrive,delivery_period,delivery_period,0.9936258564991486
can you help me to check what shipment methods I have?,delivery_options,delivery_options,0.9950260331133552
chcek order {{Order Number}} current status,track_order,track_order,0.9957547373243422
would it be possible to notify of a fucking signup error?,registration_problems,registration_problems,0.9853678290290143
I don't know what I need to do to check the invoice #37777,check_invoice,check_invoice,0.9900664097193018
chnaging order {{Order Number}},change_order,change_order,0.9321888299909413
change to the gold account,switch_account,switch_account,0.9961519181561678
is it possible toi chat with somebody?,contact_human_agent,contact_human_agent,0.9909398550493703
"I have got to earn several of your item, can you help me?",place_order,place_order,0.9925664778973187
need to edit the personal data could i get some help,edit_account,edit_account,0.9874721816009902
I want help to lodge a claim against your company,complaint,complaint,0.9954348569911158
I'd like to acquire some of ur item how do i do it,place_order,place_order,0.9899493108287577
how can i add an item to purchase {{Order Number}},change_order,change_order,0.9945833606166916
edit info on {{Account Category}} account,edit_account,edit_account,0.9957634812414936
can you help me making a complaint?,complaint,complaint,0.9911331897599607
how could I get information aout an address update?,change_shipping_address,change_shipping_address,0.9820177197483503
i mised some items in purchase {{Order Number}} can i add them,change_order,change_order,0.9842753155554677
will you show me how soon can I expect my purchase?,delivery_period,delivery_period,0.9933137785065762
switch to freemium account,switch_account,switch_account,0.9927949348918302
I want help checking how long the shipment takes,delivery_period,delivery_period,0.992270275447269
how to use the pro profile?,switch_account,switch_account,0.99576566286981
i cannot find the withdrawal prnalties,check_cancellation_fee,check_cancellation_fee,0.9942278467900582
I do not know what to do to notify of a signup error,registration_problems,registration_problems,0.992938867770255
want assistance ot close my standard account,delete_account,delete_account,0.9950378436279855
switch to {{Account Type}} account,switch_account,switch_account,0.9949999008500812
can you help me open a platinum account for my dad?,create_account,create_account,0.995511250027418
whzt do i need to do to ask for reimbursements of money,get_refund,get_refund,0.994561639926557
could you help me creating a new bloody freemium account?,create_account,create_account,0.9920163940718002
what do i need to do to get in touch with customer support,contact_customer_service,contact_customer_service,0.9915490310557568
I want to know more about opening a standard account,create_account,create_account,0.9949125288351547
opening new premium account for daughter,create_account,create_account,0.996025967600208
I need help to retrieve my user PIN code,recover_password,recover_password,0.9964585486836478
locate order {{Order Number}},track_order,track_order,0.9812064600736993
I need assistance retreiving my profile key,recover_password,recover_password,0.9898824905951272
what do I have to do to see the withdrawal charge?,check_cancellation_fee,check_cancellation_fee,0.9934693864577696
assistance to list your fucking accepted payment modalities,check_payment_methods,check_payment_methods,0.9953613995742435
I want assistance reporting an issue with a signup,registration_problems,registration_problems,0.9944840537565174
can you help me receiving your fucking corporate newslettee?,newsletter_subscription,newsletter_subscription,0.9918705042997122
need help to see how long it takes for my parcel to arrive,delivery_period,delivery_period,0.995197857669349
I don't know how I can correct the address,change_shipping_address,change_shipping_address,0.9954891729333076
what are the penalties for breaking the contract?,check_cancellation_fee,check_cancellation_fee,0.9925049883578588
"I paid {{Currency Symbol}}{{Refund Amount}} for this purchase, I have to get a damn refund",get_refund,get_refund,0.9948940431062135
open a {{Account Category}} account,create_account,create_account,0.9933068289979182
I do not know what todo to chat with a live agent,contact_human_agent,contact_human_agent,0.992091496440841
I need to  obtain a compensation of money,get_refund,get_refund,0.9963696276753614
i try to send some feedback for a product,review,review,0.99595073861279
update information on pro account,edit_account,edit_account,0.9958946118117553
ETA of purchase {{Order Number}},track_order,track_order,0.9254290360732836
change information on Freemiumaccount,edit_account,edit_account,0.9944361228819325
editting details on {{Account Type}} account,edit_account,edit_account,0.9949729699059825
I call to check how long it takes for the delivery to arrive,delivery_period,delivery_period,0.9963829609972676
I don't know how I can create a premium account,create_account,create_account,0.9936740044678031
can uhelp me canceling purchase {{Order Number}},cancel_order,cancel_order,0.9942012982625998
I want assistance checking the early exit fee,check_cancellation_fee,check_cancellation_fee,0.9916676540314989
new {{Account Type}} account,create_account,create_account,0.9901552942169589
ETA of purchase {{Order Number}},track_order,track_order,0.9254290360732836
I want assistance locating bill #12588,check_invoice,check_invoice,0.977756583590995
cancel my newsletter subscription,newsletter_subscription,newsletter_subscription,0.9971799939079705
help changing to the {{Account Type}} account,switch_account,switch_account,0.9954683284862065
I don't know what I have to do to download my invoice #12588,get_invoice,get_invoice,0.9929541422413269
download bill #00108,get_invoice,get_invoice,0.9951706077244543
want assistance to chat with a person,contact_human_agent,contact_human_agent,0.9941612263249548
need to see at what time customer assistance available is,contact_customer_service,contact_customer_service,0.9939531758254042
i cannot see the status of order {{Order Number}},track_order,track_order,0.9967639879468311
there are problems trying to update my shipping address,change_shipping_address,change_shipping_address,0.9966120256040392
I need help with canceling purchase {{Order Number}},cancel_order,cancel_order,0.995122033428006
I don't know what to do to get my bills from {{Person Name}},get_invoice,get_invoice,0.9934095288262342
could uhelp me switch  some articles of order {{Order Number}},change_order,change_order,0.9919696279082978
need assistance seeing ur money back guarantee,check_refund_policy,check_refund_policy,0.9920621184195234
I want help trying to correct my shipping address,change_shipping_address,change_shipping_address,0.9972320520228024
could you help me speak to somebody?,contact_human_agent,contact_human_agent,0.9914313764621735
I have to get compensations of money,get_refund,get_refund,0.9960474149692167
i expect a refund of {{Refund Amount}} dollars,track_refund,track_refund,0.9956864149387085
lodging consumer reclamation against urcompany,complaint,complaint,0.9952738034760801
customer complaint against your business,complaint,complaint,0.9956610904215673
seeing bills from {{Person Name}},check_invoice,check_invoice,0.9876005972330878
I have entered a wrong shipping address by mistae,change_shipping_address,change_shipping_address,0.9793843375951278
can you help me adding an itm to order {{Order Number}}?,change_order,change_order,0.986860568620099
do ya deliver to {{Delivery City}},delivery_options,delivery_options,0.9947656049026593
help me reporting problems with online payment,payment_issue,payment_issue,0.9958737893246846
i want assistance to talk to a person,contact_human_agent,contact_human_agent,0.993810380016547
want help updating the address,change_shipping_address,change_shipping_address,0.9961156976007056
help to swap an article of order {{Order Number}},change_order,change_order,0.9949227075077651
help lodging a customer complaint,complaint,complaint,0.9955489547617451
"I want to correct the info on my account, how do I do it?",edit_account,edit_account,0.9935736647582892
where can I acquire some products?,place_order,place_order,0.9948876048492097
"the damn shipping address has changed, can I correct it?",change_shipping_address,change_shipping_address,0.9957911511613972
where to acquire a few of ur item,place_order,place_order,0.9945668578201619
could you help me to change to the {{Account Category}} account?,switch_account,switch_account,0.9949151388064598
see bill from {{Person Name}},check_invoice,check_invoice,0.9919396612400898
can you help me see purchase {{Order Number}} status?,track_order,track_order,0.995137905747657
y i cant set the delivery adress valid up,set_up_shipping_address,set_up_shipping_address,0.9932206621027163
I need help trying to change my shipping address,change_shipping_address,change_shipping_address,0.996512352899375
I don't know what I need to do to change to the pro account,switch_account,switch_account,0.9938162181186154
"I do not need the {{Account Category}} account, help to delete it",delete_account,delete_account,0.995474146372964
where can i enter a secondary shipping adcress,set_up_shipping_address,set_up_shipping_address,0.9937394987002408
how can i get a refund,get_refund,get_refund,0.9908120959049227
notifying of payment problem,payment_issue,payment_issue,0.9949461844363569
i dont know how i can speak to customer support,contact_customer_service,contact_customer_service,0.9942221187999004
where do I see what hours I can contact customer service?,contact_customer_service,contact_customer_service,0.9958087666249628
where can I notify of problems with sign-up?,registration_problems,registration_problems,0.9949894820299011
want assistance to cancel order  {{Order Number}},cancel_order,cancel_order,0.9960735499724293
"I can't remember the PIN of my user, help restoring it",recover_password,recover_password,0.9947964406794103
i have chosen a wrong bloody delivery address by mistale,change_shipping_address,change_shipping_address,0.9910912230856544
want assistance to switch to the premium account,switch_account,switch_account,0.9955069282903809
I want assistancesubmitting the bloody new shipping address,set_up_shipping_address,set_up_shipping_address,0.9947145910185169
need hepl recovering my user profile PIN,recover_password,recover_password,0.9907291499801257
wanna obtain a reimbursement of money,get_refund,get_refund,0.9951309254063593
how to reset my account pwd,recover_password,recover_password,0.9960831846361381
i ahve got to shop an article will uhelp me,place_order,place_order,0.9810987423998626
I try to set  up my goddamn shipping address,set_up_shipping_address,set_up_shipping_address,0.9955966967996526
notify of issue with ergistration,registration_problems,registration_problems,0.9921556633920341
I would like to see how long reimbursements take,check_refund_policy,check_refund_policy,0.9922135193701044
i try to inform of troubles with online payments,payment_issue,payment_issue,0.9960007713690345
show me how long it normally takes for my item to arrive,delivery_period,delivery_period,0.9916206472423862
I don't know what I need to do to downloa the invoice #00108,get_invoice,get_invoice,0.9851437552637026
I don't know what to do to unsubscribe from the newslwtter,newsletter_subscription,newsletter_subscription,0.9914068962023316
help me check at what time i can contact cuswtomer support,contact_customer_service,contact_customer_service,0.9937429391270509
"I need to check the termination charge, how to do it?",check_cancellation_fee,check_cancellation_fee,0.9933681921816735
is it possible to place an order from {{Delivery City}}?,delivery_options,delivery_options,0.9924299842904943
can uhelp me to leave fedeback for ur company,review,review,0.9941012691240169
help checking the ETA o the purchase {{Order Number}},track_order,track_order,0.9960595685696351
help to see your money back policy,check_refund_policy,check_refund_policy,0.9944588371813384
I need assistance to make a complaint,complaint,complaint,0.9927430790238349
modify info on {{Account Category}} account,edit_account,edit_account,0.9961958846960672
i need help to delete an article from order {{Order Number}},change_order,change_order,0.9935864514952623
help me to check the withdrawal penalties,check_cancellation_fee,check_cancellation_fee,0.9951816575798192
I have a problem submitting the secondary delivery address,set_up_shipping_address,set_up_shipping_address,0.9968875785365646
want help to check when will my article arrive,delivery_period,delivery_period,0.9944312560969105
"I want to order a product, I need help",place_order,place_order,0.991156173558525
can you help me earning something?,place_order,place_order,0.9894805008016387
help to see if there is anything wrong with my restitution,track_refund,track_refund,0.9949477663914853
i do not know how to recover the pin code of my user profile,recover_password,recover_password,0.9947705159166507
assistance recovering my user account PIN,recover_password,recover_password,0.9946288135048914
help to reset my user account ipn code,recover_password,recover_password,0.9945467647104534
"I have to speak with customer support, how can I do it?",contact_customer_service,contact_customer_service,0.9944400601365584
"I would like to download my invoices from {{Person Name}}, help me",get_invoice,get_invoice,0.9922366816890479
how do I add several articles to purchase {{Order Number}}?,change_order,change_order,0.991770568905058
get invoice from {{Person Name}},get_invoice,get_invoice,0.9908399634633898
I want help to get compensations,get_refund,get_refund,0.989797556813563
informing of registration error,registration_problems,registration_problems,0.9961469864989678
want assistance to report an issue with sign-up,registration_problems,registration_problems,0.9950001195179446
help me create a {{Account Type}} account,create_account,create_account,0.9969948045354511
how do I check the accepted payment methods?,check_payment_methods,check_payment_methods,0.996303856893414
could you help me to send feedback about your company?,review,review,0.9945856183771199
can you help me talk with customer support?,contact_customer_service,contact_customer_service,0.9956420214034628
I want to leave an opniion for your company,review,review,0.9954889853946871
delieries to {{Delivery City}},delivery_options,delivery_options,0.9945732375766935
want assistance to create an standard account,create_account,create_account,0.9945138767758963
I do not know how I can enter a different shipping address,set_up_shipping_address,set_up_shipping_address,0.9939581085014977
I try to see the status of my newsletter subscription,newsletter_subscription,newsletter_subscription,0.989917882289198
wanna update the details on my account,edit_account,edit_account,0.9961126658708955
"I cannot afford order {{Order Number}}, I need help canceling it",cancel_order,cancel_order,0.9958529231540502
see the status of my newsletter subscription,newsletter_subscription,newsletter_subscription,0.9955564726742283
want assistance deleting some items from order {{Order Number}},change_order,change_order,0.9932280649452324
do you deliver to {{Delivery City}} ?,delivery_options,delivery_options,0.99490879902857
modifying details on pro account,edit_account,edit_account,0.996689928209843
editing data on standard account,edit_account,edit_account,0.9962658381742022
I want assistance changing to the pro account,switch_account,switch_account,0.9939046252615653
can uhelp me to reoort a trouble with payments,payment_issue,payment_issue,0.9935616197372886
can uhelp me to get the invoice #12588,get_invoice,get_invoice,0.9950058744184668
I want assistance to remove the standard account,delete_account,delete_account,0.9958165050828484
will you show me the termination charge?,check_cancellation_fee,check_cancellation_fee,0.9930121607050149
I do not know what I need to do to talk with a person,contact_human_agent,contact_human_agent,0.9913262503712571
"I want to see when my shipment is going to arrive, help me",delivery_period,delivery_period,0.9936050807669529
could ya help me checking the current status of my refund,track_refund,track_refund,0.9887241915381515
where could I inform of bloody issues with payment?,payment_issue,payment_issue,0.9938834569714707
I want help getting my invoices from {{Person Name}},get_invoice,get_invoice,0.9946274999379879
is it possible to talk to customer assistance?,contact_customer_service,contact_customer_service,0.9933980418791174
I want to send feedback,review,review,0.9940818077425773
what do i have to do to report errors with payments,payment_issue,payment_issue,0.9952154666724528
I need help making a claim against your business,complaint,complaint,0.9933767593834513
can uhelp me retrieving my user password,recover_password,recover_password,0.9950113428195114
need help to see at what time i can call customer support,contact_customer_service,contact_customer_service,0.9952840257089427
I don't know what I have to do to obtain a compensation,get_refund,get_refund,0.9921067744471689
I have an error changing the delivery address,change_shipping_address,change_shipping_address,0.9950042369493538
I need to notify of a bloody signup problem,registration_problems,registration_problems,0.991685507662538
help me seeing if there are any news on my reimbursement,track_refund,track_refund,0.9954590247411633
"I want to update the damn user data, how could I do it?",edit_account,edit_account,0.9887672722255045
I don't know how to cancel the {{Account Type}} account,delete_account,delete_account,0.99394560417277
how to cancel the subscriptipn to ur company newsletter,newsletter_subscription,newsletter_subscription,0.9968627228143712
want help seeing what delivery options are there,delivery_options,delivery_options,0.9934773053890869
I want assistance to request reimbursements of money,get_refund,get_refund,0.9949857655096777
want help seeing how long it takes for my order to arrive,delivery_period,delivery_period,0.9936490786055524
where do i see ur accepted payment options,check_payment_methods,check_payment_methods,0.9964189939189957
I want to see at what time I can contact customer assistance,contact_customer_service,contact_customer_service,0.9940192627478203
need to reset the password  of my user account,recover_password,recover_password,0.9962141971842557
"I am looking for shipping period, will you help me?",delivery_period,delivery_period,0.990271584066698
I want to know about editing the shipping address,change_shipping_address,change_shipping_address,0.9964870879607446
help me solve a trouble with online payments,payment_issue,payment_issue,0.9944010839621301
where can I check how soon can I expect the item?,delivery_period,delivery_period,0.9953577666564923
assistance seeing what shipping methods are there,delivery_options,delivery_options,0.9940985907248566
want assistance to file a complaint against ur company,complaint,complaint,0.9948672977762284
I need help reporting errors with a signup,registration_problems,registration_problems,0.9943809743805504
I want help checking the withdrawal penalty,check_cancellation_fee,check_cancellation_fee,0.9933771427721129
need to check in what cases can i request to be refunded,check_refund_policy,check_refund_policy,0.9953225663896305
I want  a {{Account Category}} account,create_account,create_account,0.9578765717218114
I'm very unhappyt with ur service i need to file a complaint,complaint,complaint,0.9942919609531891
I want assistance to see my invoices from {{Person Name}},check_invoice,check_invoice,0.9952880311823112
checking bill #37777,check_invoice,check_invoice,0.9935815730684862
how can i see the status of purchase {{Order Number}},track_order,track_order,0.9959811212283839
"I want to see when will my package arrive, can you help me?",delivery_period,delivery_period,0.9922543466254578
remove standard account,delete_account,delete_account,0.9926327897331015
sign up to the newsletter,newsletter_subscription,newsletter_subscription,0.9965151186140124
I don't know what to do to download my bill #12588,get_invoice,get_invoice,0.9935681510048333
help me filing a reclamation against your business,complaint,complaint,0.9954079983281526
what do i need to do to correct my shipping address,change_shipping_address,change_shipping_address,0.9946531831769194
modifying premium account,edit_account,edit_account,0.9915022418437411
I have to check the termination fees,check_cancellation_fee,check_cancellation_fee,0.9951871675302906
want assistance getting a rebate,get_refund,get_refund,0.8019444261719603
problems with cancelling purchase {{Order Number}},cancel_order,cancel_order,0.994828626565397
can I check what hours I can reach customer support?,contact_customer_service,contact_customer_service,0.9951564085639711
wanna download invoice #37777 could ya help me,get_invoice,get_invoice,0.9910142951489046
check cancellation fee,check_cancellation_fee,check_cancellation_fee,0.9901351173255639
I try to see in which situationscan I ask for refunds,check_refund_policy,check_refund_policy,0.9955005478148972
there are problems entering my delivery address,set_up_shipping_address,set_up_shipping_address,0.9915855205626224
i need assistance to enter m secondary delivery address,set_up_shipping_address,set_up_shipping_address,0.996608132480396
how can I earn some of your article?,place_order,place_order,0.9942555220585082
can you help me to use the {{Account Type}} profile?,switch_account,switch_account,0.996294380148289
any news on my bloody reimbursement,track_refund,track_refund,0.8938236076613709
I am trying to see when will my item arrive,delivery_period,delivery_period,0.9941558861623894
have problems with the removal of a {{Account Type}} account,delete_account,delete_account,0.995173298229142
I need help seeing a what time customer service available is,contact_customer_service,contact_customer_service,0.9928579144765322
I don't know how I could check my bill from {{Person Name}},check_invoice,check_invoice,0.9909302122481041
how can i remove some articles from purchase {{Order Number}},change_order,change_order,0.9943384809038992
ser the bill #37777,check_invoice,check_invoice,0.9035934921178678
I want help to download the invoice #85632,get_invoice,get_invoice,0.9956447315282099
i do notknow what i have to do to get the bill #85632,get_invoice,get_invoice,0.9921851364720582
update data on {{Account Type}} account,edit_account,edit_account,0.9971075742209795
I need assistance listing the available payment methods,check_payment_methods,check_payment_methods,0.9955453510966658
how do i edit purchase {{Order Number}},change_order,change_order,0.9937374630303268
could you help me to sign up to the corporate newsletter?,newsletter_subscription,newsletter_subscription,0.9949606815323676
help to see your accepted payment options,check_payment_methods,check_payment_methods,0.9968924731091081
I am calling to see how soon can I expect the shipment,delivery_period,delivery_period,0.9939993839339937
I have errors trying to modify my delivery address,change_shipping_address,change_shipping_address,0.9963757532867324
i need assistance reporting payment  problems,payment_issue,payment_issue,0.9934357889900253
shipments to {{Delivery City}},delivery_options,delivery_options,0.9954589618152707
report registration problem,registration_problems,registration_problems,0.9965264543378703
see under what circumstances can I ask for a refund,check_refund_policy,check_refund_policy,0.9941597591476864
check invoices from eleven months ago,check_invoice,check_invoice,0.9893835112210357
downloading bills from {{Person Name}},get_invoice,get_invoice,0.9928964997321695
wanna set my secondary delivery address up,set_up_shipping_address,set_up_shipping_address,0.996331508326997
i have paid {{Currency Symbol}}{{Refund Amount}} for this item i wanna obtai a rebate,get_refund,get_refund,0.9938634303124032
I have problems setting a new delivery address up,set_up_shipping_address,set_up_shipping_address,0.9958525838571467
I need to check at what time I can reach custome assistance,contact_customer_service,contact_customer_service,0.9925203519042851
tell me at what time I can reach customer support,contact_customer_service,contact_customer_service,0.9948680314822064
i have to shop several of ur article how to do it,place_order,place_order,0.9928434603518496
help me recover my user password,recover_password,recover_password,0.9961880531366313
assistance to see in which situations can i request refunds,check_refund_policy,check_refund_policy,0.9959374447084081
can i submit the secondary delivery address,set_up_shipping_address,set_up_shipping_address,0.9972202645292181
i want help taking a quick look at the bill #85632,check_invoice,check_invoice,0.9944976866598823
I do not know what to do to remove a {{Account Type}} account,delete_account,delete_account,0.9927271191833692
how could I cancel purchase {{Order Number}}?,cancel_order,cancel_order,0.9910588180411432
what do I need to do to check your money back guarantee?,check_refund_policy,check_refund_policy,0.9922502534550683
I want assistance to talk with a human agent,contact_human_agent,contact_human_agent,0.9940039317848193
i have to open a platinum account,create_account,create_account,0.9952334517548423
I need help seeing your payment options,check_payment_methods,check_payment_methods,0.9949025196040596
what do i need to do to report prbolems with payment,payment_issue,payment_issue,0.9945613881737353
I do not know how to see the early termination penalty,check_cancellation_fee,check_cancellation_fee,0.9944612321268549
problems entering my delivery address,set_up_shipping_address,set_up_shipping_address,0.9930078544559274
want assistance to check in what casew can I request refunds,check_refund_policy,check_refund_policy,0.9890102127154551
where to see if there are any updates on my restitution,track_refund,track_refund,0.9956251718672413
assistance checking how long the delivery takes,delivery_period,delivery_period,0.9875165027639691
"I want to file a customer reclamation, how do I do it?",complaint,complaint,0.9943288099209439
I would like to see the termination fee,check_cancellation_fee,check_cancellation_fee,0.9916970545711029
i need assistance talking to an assistant,contact_human_agent,contact_human_agent,0.9906587762110194
can uhelp me change the data on my profile,edit_account,edit_account,0.99082762558144
help me to see in what cases can i ask for my money back,check_refund_policy,check_refund_policy,0.9948370153855426
I am trying to sign up to the newsletter,newsletter_subscription,newsletter_subscription,0.9948758108193857
I do not know how I can sign up to the newsletter,newsletter_subscription,newsletter_subscription,0.9926025374511976
want assistance lising your accepted payment methods,check_payment_methods,check_payment_methods,0.994100113618941
I'm trying to see the early termination charge,check_cancellation_fee,check_cancellation_fee,0.9952465148742652
i need help to see my bill from {{Person Name}},check_invoice,check_invoice,0.9953400527733641
"I have to submit my new delivery address, will you help me?",set_up_shipping_address,set_up_shipping_address,0.9959033058417311
show me your allowed payment options,check_payment_methods,check_payment_methods,0.996351790517228
how do I check the methods for shipping?,delivery_options,delivery_options,0.9955650287567394
where could i see the eta of order {{Order Number}},track_order,track_order,0.9966591296940709
I try to talk to a live agent,contact_human_agent,contact_human_agent,0.9946442494209541
change information on pro account,edit_account,edit_account,0.9949661089319791
withdrawal hcarge,check_cancellation_fee,check_cancellation_fee,0.9921156435241457
is it possible to take a quick look at my billl #85632,check_invoice,check_invoice,0.9926135848030332
assistance seeing in what cases can I ask to be reimbursed,check_refund_policy,check_refund_policy,0.9940053411973563
editdata on premium account,edit_account,edit_account,0.9953832339990726
correct information on {{Account Category}} account,edit_account,edit_account,0.994325889375335
"I need to check my bill #12588, could you help me?",check_invoice,check_invoice,0.9910828112237562
how do i ese when will my package arrive,delivery_period,delivery_period,0.9929474409383391
I do not know what to do to report errors with registrations,registration_problems,registration_problems,0.9935698829923539
where to update the shipping address?,change_shipping_address,change_shipping_address,0.9971446078734423
what do i have to do to contact an agent,contact_human_agent,contact_human_agent,0.9924636542318126
how do i check order {{Order Number}} current status,track_order,track_order,0.996428111116388
I do not know what to do to earn some items,place_order,place_order,0.9916733028189731
where to purchase several products?,place_order,place_order,0.9954718008915225
update purchase {{Order Number}},change_order,change_order,0.9847139813525961
I want to correct purchase {{Order Number}},change_order,change_order,0.993291616282498
need help with canceling purchase {{Order Number}},cancel_order,cancel_order,0.995133844137689
I try to check in which situations can I ask for a refund,check_refund_policy,check_refund_policy,0.9957932318128618
I'm waiting for a refund of {{Currency Symbol}}{{Refund Amount}},track_refund,track_refund,0.9950672552276384
I want to notify of problems with signup,registration_problems,registration_problems,0.9944401834591879
there are issues submitting a different delivery address,set_up_shipping_address,set_up_shipping_address,0.9962186457710439
do you edliver to {{Delivery Country}}?,delivery_options,delivery_options,0.9949183126645277
i have got to download the bill #85632 how do i do it,get_invoice,get_invoice,0.9908347925821198
how can I cancel my subscription to the newsletter?,newsletter_subscription,newsletter_subscription,0.9973823559284822
I have got to check what delivery methods I can choose,delivery_options,delivery_options,0.9946571342944303
issue setting up another delivery address,set_up_shipping_address,set_up_shipping_address,0.9962579083350294
I have to make a reclamation,complaint,complaint,0.9947238848913852
I don't know how I can see the termination charges,check_cancellation_fee,check_cancellation_fee,0.9931004200468773
help me to set my new shipping address up,set_up_shipping_address,set_up_shipping_address,0.997816858766657
see in what situations can I ask to be refunded,check_refund_policy,check_refund_policy,0.995249753930238
want assistance updating my account,edit_account,edit_account,0.987412296099231
I am trying to see how soon can I expect my shipment,delivery_period,delivery_period,0.9958824184607881
I need assistance to correct the delivery address,change_shipping_address,change_shipping_address,0.9960845123572248
is there a method to leave a comment for your products?,review,review,0.9956350884768569
how to unsubscribe from ur company newsletter,newsletter_subscription,newsletter_subscription,0.9959510825407766
need help to see in what cases can I ask for reimbursements,check_refund_policy,check_refund_policy,0.9957308003955355
question about the cancellation of a {{Account Category}} account,delete_account,delete_account,0.997274694444584
i do not kow how i can create a {{Account Type}} account,create_account,create_account,0.9942847065007605
I have to know if there is anything wrong with the rebate,track_refund,track_refund,0.9934503404741456
I can't remove some articles from purchase {{Order Number}},change_order,change_order,0.9928010262888826
could I edit the goddamn information on my user?,edit_account,edit_account,0.9931188199605435
problems with deleting some productsfrom order {{Order Number}},change_order,change_order,0.993423471640669
want assistance to update the address,change_shipping_address,change_shipping_address,0.9956321432951946
see in what situations can I ask for a refund,check_refund_policy,check_refund_policy,0.9954489156319671
how can I lodge a customer claim?,complaint,complaint,0.9957754207397924
I need help to reset the password of my profile,recover_password,recover_password,0.9951705924488513
I want assistance placing an order,place_order,place_order,0.9861939996620369
I need to see how soon can I expect my damn order,delivery_period,delivery_period,0.9944213464486659
update purchase732201349959,change_order,change_order,0.7136999097701655
what do I need to do to check the termination charge?,check_cancellation_fee,check_cancellation_fee,0.9932309836362081
need assistance to get the invoices from {{Person Name}},get_invoice,get_invoice,0.995281550606922
help writing a review for your company,review,review,0.9951456618655682
I do not know what to do to get my bills from {{Person Name}},get_invoice,get_invoice,0.9931411744836188
I am trying to unsubscribe to your company newsletter,newsletter_subscription,newsletter_subscription,0.996773304630466
I want assistance sending feedback for a product,review,review,0.9947504736363605
I want help seeing in which cases can I ask to be refunded,check_refund_policy,check_refund_policy,0.9943895605010703
I need assistance leaving an opinion for yor services,review,review,0.9944403273445169
help me to call customer support,contact_customer_service,contact_customer_service,0.9964414817773739
I don't know how to download my invoice #85632,get_invoice,get_invoice,0.9943883814670597
where could I receive your company newsletter?,newsletter_subscription,newsletter_subscription,0.9953892749143399
I have got to get my bill from {{Person Name}},get_invoice,get_invoice,0.9946645466472054
"I made a mistake, I want help editing order {{Order Number}}",change_order,change_order,0.9927409301034406
assistance changing to the premium account,switch_account,switch_account,0.9929743434253311
neeed help listing the allowed payment methods,check_payment_methods,check_payment_methods,0.9963563859735646
issue with payments,payment_issue,payment_issue,0.9958050528844394
i cannot create a profile where to notify of signup issues,registration_problems,registration_problems,0.9944474218207754
need assistance to notify of an issue with sign-up,registration_problems,registration_problems,0.9940230898687831
need to seee at what time i can contact customer support,contact_customer_service,contact_customer_service,0.9955371752067376
I want to know about my corporate newsletter subscription,newsletter_subscription,newsletter_subscription,0.9969507037820011
I want assistance to recover the PIN code of my profile,recover_password,recover_password,0.9955413493592952
i neee help solving problems with payments,payment_issue,payment_issue,0.9950948081349668
I want assistance to inform of a sign-up problem,registration_problems,registration_problems,0.9950213053657095
I have to download the bill from {{Person Name}},get_invoice,get_invoice,0.9958882152794778
what do I need to do to chat with somebody?,contact_human_agent,contact_human_agent,0.9919565560999554
modifying {{Account Category}} account,edit_account,edit_account,0.989548003033422
where to report errors with online payment?,payment_issue,payment_issue,0.9966964712885794
update premium account,edit_account,edit_account,0.9874317768172937
help me to submit feedback about your products,review,review,0.996329002819925
cancelling {{Account Type}} account,delete_account,delete_account,0.9939888807963286
i need assistance seeing the cancellation  charge,check_cancellation_fee,check_cancellation_fee,0.9930766700924675
I want to change my user info,edit_account,edit_account,0.9840782093318704
I cannot update purchase {{Order Number}},change_order,change_order,0.9916591414401218
where to sign up to the company nmewsletter,newsletter_subscription,newsletter_subscription,0.9953047250719429
is it possible to take a quick look at my invoice #37777,check_invoice,check_invoice,0.9932384537306223
how do I cancel the subscription to the newsletter?,newsletter_subscription,newsletter_subscription,0.9972039008017818
I want help to reset the password of my user,recover_password,recover_password,0.9961549736477554
is it possible to delete my freemium account?,delete_account,delete_account,0.9935549956573199
assistance seeing at what time I can call customer support,contact_customer_service,contact_customer_service,0.9942841212250016
update data on pro account,edit_account,edit_account,0.9969029692679312
I don't know how to change to the {{Account Type}} account,switch_account,switch_account,0.9957823416401449
I am calling to get my bill #37777,get_invoice,get_invoice,0.994267891370717
I need help to leave a goddamn opinion about a product,review,review,0.9921023495245187
i try to make a complaint against ur company,complaint,complaint,0.9954441105764721
need assistance to see when my item is going to arrive,delivery_period,delivery_period,0.9935051420313891
switch to  gold account,switch_account,switch_account,0.9935805947922279
I need support modifying the shipping address,change_shipping_address,change_shipping_address,0.9967180719099652
how to open a {{Account Category}} account?,create_account,create_account,0.9952666462229862
is it possible to talk with asn operator?,contact_human_agent,contact_human_agent,0.991373317088072
what do I have to do to earn some items?,place_order,place_order,0.9923730588745155
updating pro account,edit_account,edit_account,0.9923778332061185
cnange info on freemium account,edit_account,edit_account,0.9926260570848836
changing information on standard account,edit_account,edit_account,0.9932910932817736
i want assistance canceling my {{Account Type}} account,delete_account,delete_account,0.9929414426587876
"I have to check the payment methods, how can I do it?",check_payment_methods,check_payment_methods,0.9917640776493569
see purchase {{Order Number}} current status,track_order,track_order,0.9953837213551106
could I report a signup issue?,registration_problems,registration_problems,0.9940756901905409
I have to see what payment options are available,check_payment_methods,check_payment_methods,0.9954746594227121
I need to check the withdrawal fee,check_cancellation_fee,check_cancellation_fee,0.9940446418632121
"I want to see your refund policy, how to do it?",check_refund_policy,check_refund_policy,0.9942912647669995
"I have got to see the bills from {{Person Name}}, help me",check_invoice,check_invoice,0.9912389290456062
I need help trying to edit the shipping address,change_shipping_address,change_shipping_address,0.9972082442641247
how to receive a compensation of my money,get_refund,get_refund,0.9970779586042383
change data on {{Account Type}} account,edit_account,edit_account,0.9955876569051041
I need assistance to check what payment options you accept,check_payment_methods,check_payment_methods,0.995660779058702
Iwant to report an issue with online payments,payment_issue,payment_issue,0.9967058388704523
i dont know what i need to do to get the bill #00108,get_invoice,get_invoice,0.9916717210661233
can you help me to inform of a problem with a registration?,registration_problems,registration_problems,0.9943660733185152
what do I have to do to set up the new shipping addeess?,set_up_shipping_address,set_up_shipping_address,0.9937389646068754
I need assistance to speak with an assistant,contact_human_agent,contact_human_agent,0.9929536077977197
help me creating a {{Account Category}} account for my daughter,create_account,create_account,0.9969496256488545
there are problems entering a secondary delivery address,set_up_shipping_address,set_up_shipping_address,0.996618277043042
want assistance to notify of a payment problem,payment_issue,payment_issue,0.9950719320581579
"I have to talk to customer service, how do I do it?",contact_customer_service,contact_customer_service,0.9934294933986058
updating order {{Order Number}},change_order,change_order,0.9899165336214386
assistance informing of an issue with registrations,registration_problems,registration_problems,0.9952322798063852
I need to retrieve my user accountPIN,recover_password,recover_password,0.993556436371398
information about modifying the delivery address,change_shipping_address,change_shipping_address,0.997176704040834
help me sign up to the newsletter,newsletter_subscription,newsletter_subscription,0.9964054429519997
I am trying to order several of your item,place_order,place_order,0.9934433162276114
i cannot find my invoices from {{Person Name}},check_invoice,check_invoice,0.9847748827876893
want help to use the {{Account Category}} account,switch_account,switch_account,0.994613199311089
what do Ihave to do to acquire some of your item?,place_order,place_order,0.9938400331751724
review for a service,review,review,0.994289503545477
want assistance cancelling order {{Order Number}},cancel_order,cancel_order,0.9952753149726566
wanna leave goddamn feedback about ur services,review,review,0.9929954752818322
I need help sending my feedback for your services,review,review,0.9954647789920448
i want assistance canceling order {{Order Number}},cancel_order,cancel_order,0.995672698385868
problems with creating my pro account,create_account,create_account,0.9948643042908906
need assistanbce to make a complaint,complaint,complaint,0.9925776068041166
can you help me listing your allowed payment methods?,check_payment_methods,check_payment_methods,0.9948581733605381
is it possible to request rteimbursements,get_refund,get_refund,0.9910035372123757
"I want to change to the gold account, help me",switch_account,switch_account,0.9935966648300707
can uhelp me cancel the corporate newsetter subscription,newsletter_subscription,newsletter_subscription,0.9948752101703366
need assistance getting a refund of my money,get_refund,get_refund,0.9914203640416369
can you help me getting in touch with customer service?,contact_customer_service,contact_customer_service,0.9926139150898546
wanna purchase  several products,place_order,place_order,0.9851246443192871
can I check when my article is going to arrive?,delivery_period,delivery_period,0.9951136524565438
i want help checking how soon can i expect my delivery,delivery_period,delivery_period,0.9945591320902564
help me to use the pro profile,switch_account,switch_account,0.9957361512190479
trouble setting up my secondary shipping address,set_up_shipping_address,set_up_shipping_address,0.9967639718590613
I want assistance entering a different shipping address,set_up_shipping_address,set_up_shipping_address,0.9948542091913538
where can I get information about shipping periods ?,delivery_period,delivery_period,0.9921709756423166
help to list the accepted payment options,check_payment_methods,check_payment_methods,0.9976175882474978
I have got to buy some fucking products,place_order,place_order,0.9880734488698719
help me to lodgea complaint against ur business,complaint,complaint,0.9943777691998216
where can I find the invoice #85632?,check_invoice,check_invoice,0.9941787016679301
is it possibleto place an order from {{Delivery City}},delivery_options,delivery_options,0.9931961756648594
what do I need to do to chat wth a person?,contact_human_agent,contact_human_agent,0.9907431076447192
I try to correct order {{Order Number}},change_order,change_order,0.9936324726693453
I have got to inform of an error with registrations,registration_problems,registration_problems,0.9953117698069304
I need help to acquire a product,place_order,place_order,0.9944320809908618
io want assistance to leave a comment for a service,review,review,0.9949708450095347
"I would like to close my standard account, can you help me?",delete_account,delete_account,0.9911652452779959
i do not know what to do to switch to the {{Account Category}} account,switch_account,switch_account,0.9947062386012191
i dont know how i can create a freemium account,create_account,create_account,0.9927121516278591
I'm waiting for a reimbursement of {{Refund Amount}} dollars,track_refund,track_refund,0.9954064031090469
i dont know what to do to call customer support,contact_customer_service,contact_customer_service,0.9937782126550396
I'm extremely unsatisfied with ur wor i wanna lodge a claim,complaint,complaint,0.9920865107679712
want assistance updating my address,change_shipping_address,change_shipping_address,0.9966398265758759
I do not know what to do to cancel the {{Account Type}} account,delete_account,delete_account,0.9921574352181565
I am trying to check how long reimbursements usually tke,check_refund_policy,check_refund_policy,0.9924286816669695
i need assistance to see how soon can i expect the article,delivery_period,delivery_period,0.9946903772367527
download invoice from {{Person Name}},get_invoice,get_invoice,0.994420794164093
"I do not use my {{Account Type}} account, I want assistance cancelling it",delete_account,delete_account,0.9941503936892523
i have to check the termination fees,check_cancellation_fee,check_cancellation_fee,0.9951871675302906
need assistance switching to the {{Account Type}} account,switch_account,switch_account,0.9947243517438387
I'd like to use the {{Account Type}} account,switch_account,switch_account,0.994469844935293
I do not know how I can speak to customer service,contact_customer_service,contact_customer_service,0.9942106283460804
I need help to see the accepted paayment options,check_payment_methods,check_payment_methods,0.9958122073524939
I do not know how I can make a reclamation,complaint,complaint,0.9899802023939808
I expect an rebate of {{Refund Amount}} dollars,track_refund,track_refund,0.9951415050493585
I want help seeing what delivery options are there,delivery_options,delivery_options,0.9934121378267093
correct information on premium account,edit_account,edit_account,0.9939780446926884
could I see the shipment options?,delivery_options,delivery_options,0.9949869589052128
what do i have to do to switch to the premium account,switch_account,switch_account,0.9944972263138404
editing order {{Order Number}},change_order,change_order,0.9825143421086079
I need assistance checking the status of my rebate,track_refund,track_refund,0.9901825308961746
help me usew the freemium account,switch_account,switch_account,0.9437497464226086
update information on {{Account Category}} account,edit_account,edit_account,0.9955320801105025
help me checking if there are any news on my refund,track_refund,track_refund,0.9955219136782736
where can I inform of issues with payments?,payment_issue,payment_issue,0.9967738216481906
want help talking with customer support,contact_customer_service,contact_customer_service,0.9956374117001198
I am looking for information about the key retrieval,recover_password,recover_password,0.9924526018986173
what do i have to do to get invoice #37777,get_invoice,get_invoice,0.9932698880812451
could you help me to receive your newsletter?,newsletter_subscription,newsletter_subscription,0.9946323151957245
how to lodge a reclamation against your company?,complaint,complaint,0.9959315991881287
assistance to give a  quick look at the bill #85632,check_invoice,check_invoice,0.9950062187285361
would you give meinformation about {{Account Type}} account removals?,delete_account,delete_account,0.9944950282152117
can you help me getting my invoice from {{Person Name}}?,get_invoice,get_invoice,0.994627921560249
can i see order {{Order Number}} status,track_order,track_order,0.9961409504078366
I want help to talk to a person,contact_human_agent,contact_human_agent,0.9943320491657305
I want to remove some articles  from order {{Order Number}},change_order,change_order,0.9947542935614839
I need information about the termination of my pro account,delete_account,delete_account,0.9948651302667472
can you help me locate the invoice #37777?,check_invoice,check_invoice,0.9913560331579419
help me to order several articles,place_order,place_order,0.9865150892325832
could ya help me locae purchase {{Order Number}},track_order,track_order,0.9355874621198815
is it possible to place an order from {{Delivery City}},delivery_options,delivery_options,0.9923762243527913
I am trying to see in which cases can I ask for refunds,check_refund_policy,check_refund_policy,0.9955745598004485
assistance to purchase something,place_order,place_order,0.9910820992027946
I have got to speak with an operator,contact_human_agent,contact_human_agent,0.9935677909855233
see in which situations can I request to be reimbursed,check_refund_policy,check_refund_policy,0.9955554687475793
where can I iinform of errors with online payment?,payment_issue,payment_issue,0.9962601382721269
can I restore my password?,recover_password,recover_password,0.995061930188978
can you help me check the goddamn status of the rebate?,track_refund,track_refund,0.9908819259070505
report issues with registration,registration_problems,registration_problems,0.9965873532655513
what do I ned to do to talk to someone?,contact_human_agent,contact_human_agent,0.9911945410710024
"I cannot afford this order, cancel purchase {{Order Number}}",cancel_order,cancel_order,0.9948932089894532
do uship to {{Delivery City}},delivery_options,delivery_options,0.9947612989490788
I need supports trying to update the shipping address,change_shipping_address,change_shipping_address,0.9968920311544678
I need assistance to request refunds of my money,get_refund,get_refund,0.995900128571415
i cannot pay i have to report goddamn payment issues,payment_issue,payment_issue,0.9861373353943731
i cant modify order {{Order Number}},change_order,change_order,0.99203074488021
"I have got to list your bloody payment options, I need help",check_payment_methods,check_payment_methods,0.9908714924671892
could i swap some goddamn products of order {{Order Number}},change_order,change_order,0.9920010070882901
"I have forgotten my user account key, help to restore it",recover_password,recover_password,0.995822629659281
change info on premium account,edit_account,edit_account,0.9937917626898195
help to see in what cases can I ask for a reimbursement,check_refund_policy,check_refund_policy,0.9958333351214024
where do I check how soon can I expect the delivery ?,delivery_period,delivery_period,0.9958817749694847
i dont know what to do to list the payment options,check_payment_methods,check_payment_methods,0.9941003747266898
need help to request rebates of my money,get_refund,get_refund,0.9968575012866884
"I want to delete a {{Account Type}} account, help me",delete_account,delete_account,0.9885528825463149
i nedd supports editing my address,change_shipping_address,change_shipping_address,0.9940773950937776
I am trying to see the current status of the compensation,track_refund,track_refund,0.9895031138972943
where do I list the payment options?,check_payment_methods,check_payment_methods,0.9952289669884015
I do not know how I can switch to the pro account,switch_account,switch_account,0.9942556560760347
I don't know what to do to see the available payment methods,check_payment_methods,check_payment_methods,0.9944176288582579
I have got to acquire several of your article,place_order,place_order,0.9948658143838699
removing {{Account Type}} acconut,delete_account,delete_account,0.9935082776968492
filing consumer claim against ur organizzation,complaint,complaint,0.9947815295168471
help me setting up another delivery address,set_up_shipping_address,set_up_shipping_address,0.9960999644813695
i want help to send feedback for ur services,review,review,0.9958339391647923
"I have got to see how long the shipment takes, I need help",delivery_period,delivery_period,0.992756099407296
could uhelp me requesting a rebate of money,get_refund,get_refund,0.994191155726789
what do i have to do to inform of errors with payment,payment_issue,payment_issue,0.9947685198552675
could you help me reset the PIN of my user profile?,recover_password,recover_password,0.9931938518477016
help me to check the current status of order {{Order Number}},track_order,track_order,0.9969588751896127
canmcel order {{Order Number}},cancel_order,cancel_order,0.98705275036935
can i check in which situations can i request a refund,check_refund_policy,check_refund_policy,0.9957685316867617
help me entering the secondary delivery address,set_up_shipping_address,set_up_shipping_address,0.996803674840243
I cannot edit my shipping address,change_shipping_address,change_shipping_address,0.9948584598126938
receiving rebate,get_refund,get_refund,0.9931882008342159
where do I check the ETA of purchase {{Order Number}}?,track_order,track_order,0.996782349095672
I need help purchasing several of your product,place_order,place_order,0.9943529588701393
can you help  me report problems with a sign-up?,registration_problems,registration_problems,0.9940004276328723
want help to inform of issues with online payments,payment_issue,payment_issue,0.9967386602819784
i need assistance to take a quick look at invoicee #00108,check_invoice,check_invoice,0.9932723802017072
can you help me recover my account PIN code?,recover_password,recover_password,0.9956079303433297
I have to see at what time I can reach customer service,contact_customer_service,contact_customer_service,0.9946762342423435
I need help giving an quick look at my bill #85632,check_invoice,check_invoice,0.9935445829500392
termination charges,check_cancellation_fee,check_cancellation_fee,0.995099132292954
new {{Account Category}} acount,create_account,create_account,0.9899682970349938
assistance to restore the PIN of my account,recover_password,recover_password,0.9965383064999828
need to submit my feedback for a service can uhelp me,review,review,0.9945702049188444
how do I see your reimbursement policy?,check_refund_policy,check_refund_policy,0.9946196085373828
"I am trying to find the shipping periods, can you help me?",delivery_period,delivery_period,0.9923010242346392
i expect a refund of {{Refund Amount}} dollars,track_refund,track_refund,0.9956864149387085
I need help leaving a comment for your services,review,review,0.9953236603359499
what do I have to do to enter my new shipping address?,set_up_shipping_address,set_up_shipping_address,0.9966557769478097
need help talking with an operator,contact_human_agent,contact_human_agent,0.9938876381342752
help me cancel purchase {{Order Number}},cancel_order,cancel_order,0.9956288386295817
can you help me to inform of an error with online payment?,payment_issue,payment_issue,0.9958298473049334
I do not know how to download my invoice from {{Person Name}},get_invoice,get_invoice,0.9951455060128946
i want assistance contacting a person,contact_human_agent,contact_human_agent,0.9927625326557831
correct information on gold account,edit_account,edit_account,0.9936473884556051
I want help buying an article,place_order,place_order,0.9919943759454352
"I need to see how soon can I expect my item, how to do it?",delivery_period,delivery_period,0.9934193526625791
i have got to track my refund,track_refund,track_refund,0.9903946924986767
"I have to see your payment methods, can I get some help?",check_payment_methods,check_payment_methods,0.9898447784111819
checking allowed payment methods,check_payment_methods,check_payment_methods,0.9961305872823919
show me what hours i can call customer assistance,contact_customer_service,contact_customer_service,0.9948297049791096
I try to file a  claim,complaint,complaint,0.9950331110265879
what do I have to do to see the delivery options?,delivery_options,delivery_options,0.9930630887482691
how can I modify some of the details on my user account?,edit_account,edit_account,0.9964062024663195
"I paid {{Currency Symbol}}{{Refund Amount}} for a purchase, how to receive a compensation?",get_refund,get_refund,0.9967416979910912
"my experience with you has been bad, make a customer claim",complaint,complaint,0.994195378654183
upddate order {{Order Number}},change_order,change_order,0.8599675823635535
i need help seeing the cancellation fee,check_cancellation_fee,check_cancellation_fee,0.9932700015919598
there is anything new on the reimbursement,track_refund,track_refund,0.992194818788242
help me set up the shipping address,set_up_shipping_address,set_up_shipping_address,0.9966267171376787
can uhelp me locating order {{Order Number}},track_order,track_order,0.9922024823195276
correct data on {{Account Type}} account,edit_account,edit_account,0.995773792675075
I do not know how to inofrm of registration problems,registration_problems,registration_problems,0.9938973628169139
want help to inform of errors wwith registrations,registration_problems,registration_problems,0.9959846537087947
what is the shpiping period?,delivery_period,delivery_period,0.9929840487283467
want help canceling the corporate newsletter subscription,newsletter_subscription,newsletter_subscription,0.9970284228386997
se up new delivery address,set_up_shipping_address,set_up_shipping_address,0.8232542707431153
wanna see ur accepted payment options can ya help me,check_payment_methods,check_payment_methods,0.987505889542431
how to see the reimbursement current status,track_refund,track_refund,0.9934387914661876
question about cancelling purchase {{Order Number}},cancel_order,cancel_order,0.9942644079645134
I do not know how to demand a reimbursement,get_refund,get_refund,0.9929731025085514
wanna list the bloody accepted payment options how to do it,check_payment_methods,check_payment_methods,0.9919868521383375
help me talking to customer service,contact_customer_service,contact_customer_service,0.9962309964381912
"I do not understand you, can you help me talk to a person?",contact_human_agent,contact_human_agent,0.9914396353696123
can i see tye eta of purchase {{Order Number}},track_order,track_order,0.9933250898509572
where can I check how soon can I expect the product?,delivery_period,delivery_period,0.9953554369893082
help seeing what delivery options I can choose,delivery_options,delivery_options,0.9943522058659165
help me to sign up to the company newsletter,newsletter_subscription,newsletter_subscription,0.9963094632213196
where do I know if there is anything wrong with my rebate?,track_refund,track_refund,0.9917880552640871
is it possible to check your fucking payment methods?,check_payment_methods,check_payment_methods,0.9891293455725586
I don't know what I have to do to reset my pass,recover_password,recover_password,0.9885536294059903
I have to see in which cases can I request a reimbursement,check_refund_policy,check_refund_policy,0.9956530289769457
can uhelp me file a customer reclamation,complaint,complaint,0.9957015323257142
how do I check your money back policy ?,check_refund_policy,check_refund_policy,0.9930178939670462
how could I edit the information on my user?,edit_account,edit_account,0.9945713164326183
"the fucking shipping address changed, could you update it?",change_shipping_address,change_shipping_address,0.9936865572016726
look for bill from {{Person Name}},check_invoice,check_invoice,0.9932912799054329
would it be possible to check the shipping methods?,delivery_options,delivery_options,0.991343264010034
how to get bill #85632,get_invoice,get_invoice,0.9949716270393189
I do not know what I need to do to obtain a reimbursement,get_refund,get_refund,0.9910039812400843
I don't know what I have to do to reset my user account ppwd,recover_password,recover_password,0.9903493910401568
help seeing when will my package arrive,delivery_period,delivery_period,0.9934525125319617
"I would like to write a review, help me",review,review,0.991391232311091
I have a problem with cancelling order {{Order Number}},cancel_order,cancel_order,0.9945915743599141
how do I check order {{Order Number}} current status?,track_order,track_order,0.9963231895626782
how to swap some goddamn articles of order {{Order Number}}?,change_order,change_order,0.992818789504129
I can't enter the shipping address,set_up_shipping_address,set_up_shipping_address,0.9953022815426009
shipnents to {{Delivery Country}},delivery_options,delivery_options,0.9946884901590788
changing order {{Order Number}},change_order,change_order,0.9900757793876233
I do not know what to do to inform of issues with a sign-up,registration_problems,registration_problems,0.9940900933616356
checking invoices from 10 purchases ago,check_invoice,check_invoice,0.9888816783997939
find information about the termination of a platinum account,delete_account,delete_account,0.994674762213907
I want assitsance contacting somebody,contact_human_agent,contact_human_agent,0.9920886774234416
help me to see what shipment methods you offer,delivery_options,delivery_options,0.9956490964383985
modify order00004587345,change_order,change_order,0.9631374404137777
i need  information about receiving ur newsletter,newsletter_subscription,newsletter_subscription,0.9955270971716219
is it possible to check when my item is gonna arrive,delivery_period,delivery_period,0.9921565556007023
wanna report problems with online payment,payment_issue,payment_issue,0.9957146134161068
help to see order {{Order Number}} current status,track_order,track_order,0.99640509661128
there are errors trying to change the shipping address,change_shipping_address,change_shipping_address,0.9950644048779336
help to check in whta situations can I ask to be refunded,check_refund_policy,check_refund_policy,0.9951080583111137
"I have to talk to customer service, I need assistance",contact_customer_service,contact_customer_service,0.9948392305483474
help me to speak to somebody,contact_human_agent,contact_human_agent,0.9940553714826467
what do I have to do to cancel order {{Order Number}}?,cancel_order,cancel_order,0.9942720447759813
is it possible to contactr a person,contact_human_agent,contact_human_agent,0.9904848139141028
where can I lodge a customer reclamation?,complaint,complaint,0.9964283325904632
I don't know what I have to do to look for invoice #00108,check_invoice,check_invoice,0.9919988856846977
were can i see the allowed payment modalities,check_payment_methods,check_payment_methods,0.9964490846249321
i have to get my invoicxes from {{Person Name}},get_invoice,get_invoice,0.9956255041818918
"I need to change to the {{Account Category}} account, how to do it?",switch_account,switch_account,0.9932015435438214
I do not know what I need to do to speak with an assistant,contact_human_agent,contact_human_agent,0.9906420316723364
how do I download the goddamn invoice from {{Person Name}}?,get_invoice,get_invoice,0.9919102817909294
I need assistance buying a product,place_order,place_order,0.991603482099046
I am waiting for an restitution of {{Refund Amount}} dollars,track_refund,track_refund,0.9958842471313482
creating new platinum account,create_account,create_account,0.9960150077842699
i dont know what i have to od to download my invoice #00108,get_invoice,get_invoice,0.9932495424548416
"I lost my access key, help me retrieving it",recover_password,recover_password,0.9952310633314818
I have to see the withdrawal penalties,check_cancellation_fee,check_cancellation_fee,0.9949124140482684
need to leave feedback for a product,review,review,0.9969006905461981
I have to see what payment payment modalities are accepted,check_payment_methods,check_payment_methods,0.9955582449820349
there is an error submitting my secondary delivery address,set_up_shipping_address,set_up_shipping_address,0.9958566909607708
how to switch an item of purchase {{Order Number}},change_order,change_order,0.9931121404209224
I ned assistance solving an error with payments,payment_issue,payment_issue,0.9945362043493112
"I want to check the goddamn rebate status, how to do it?",track_refund,track_refund,0.9846177218224194
i do not know what i have to do to delete the {{Account Type}} account,delete_account,delete_account,0.9928857232047762
where can I see the fucking status of order {{Order Number}}?,track_order,track_order,0.9963065389093969
help me to lodge a consumer claim,complaint,complaint,0.9958474083823488
i made an mistake could i modify order {{Order Number}},change_order,change_order,0.9935172309106436
can i speak with a humanagent,contact_human_agent,contact_human_agent,0.9939201002157496
locating order {{Order Number}},track_order,track_order,0.9765406804516951
what do I have to do to acquire some products?,place_order,place_order,0.9930971073940181
"I do not want my freemium account, assistance canceling it",delete_account,delete_account,0.9432661816048262
I want information about the shipping period,delivery_period,delivery_period,0.9950787397251241
need to change the info included on my user,edit_account,edit_account,0.9935206252650284
where do I see the cancellation charges?,check_cancellation_fee,check_cancellation_fee,0.9958170293010896
I dp not know how to cancel order {{Order Number}},cancel_order,cancel_order,0.9956314466797238
can ya tell me ur acepted payment modalities,check_payment_methods,check_payment_methods,0.9941412259081828
problem with {{Account Type}} account deletions,delete_account,delete_account,0.996391391363533
I have issues trying to update my shipping address,change_shipping_address,change_shipping_address,0.9949551741414718
look for my damn bill from {{Person Name}},check_invoice,check_invoice,0.9907390831017162
I want help to cancel order {{Order Number}},cancel_order,cancel_order,0.9962340818645291
how to check how soon can I expect my item?,delivery_period,delivery_period,0.9950059315093617
"I don't have a premium account, how do I sign up?",create_account,create_account,0.9867206790891885
"I need to shop some fucking articles, could I get some help?",place_order,place_order,0.9848755907447284
report issues with payment,payment_issue,payment_issue,0.9969391286727717
Ihave to receive the newsletter,newsletter_subscription,newsletter_subscription,0.9965648643648647
I am trying to change my address,change_shipping_address,change_shipping_address,0.9934309506260504
I need help to receive a compensation of money,get_refund,get_refund,0.9967179905486473
help me filing a reclamation against ur business,complaint,complaint,0.9953899779114389
seeingbill from {{Person Name}},check_invoice,check_invoice,0.9922941488777896
how do I check when my package is going to arrive?,delivery_period,delivery_period,0.9940692575084142
i need help to unsubscribe to the company newsleter,newsletter_subscription,newsletter_subscription,0.9960557745258849
I want help getting my invoice from {{Person Name}},get_invoice,get_invoice,0.9951216322104872
can you help me retrieve my user access key?,recover_password,recover_password,0.9954547590448758
i do not know how i can write a comment for a service,review,review,0.9935162790381425
I expect a rebate of {{Refund Amount}} dollars,track_refund,track_refund,0.9955111897573143
check order {{Order Number}} current status,track_order,track_order,0.996770536063465
i dont know what i need to do to check the withdrawal fees,check_cancellation_fee,check_cancellation_fee,0.9918819850590576
I call to check when my product is going to arrive,delivery_period,delivery_period,0.9952039507575193
I don't know what I have to do to call customer support,contact_customer_service,contact_customer_service,0.9930229405951386
requesting rebate,get_refund,get_refund,0.9945760106810527
I need assistance informing of problems with online payments,payment_issue,payment_issue,0.9949756452880482
i dont know how to see ur accepted payment modalities,check_payment_methods,check_payment_methods,0.9952647197255603
help to notify of errors with online payments,payment_issue,payment_issue,0.996590352331629
assistance giving an quick look at my invoice from {{Person Name}},check_invoice,check_invoice,0.9938690818557645
what do I need to do to see the early termination penalty?,check_cancellation_fee,check_cancellation_fee,0.993599536581423
help me to contact an operator,contact_human_agent,contact_human_agent,0.9942924694102678
help to chat with a person,contact_human_agent,contact_human_agent,0.9950321970801159
is it possible to write a review about ur rpoducts,review,review,0.992515168046555
want assistance checking the restitution status,track_refund,track_refund,0.9940486820159382
I do not know how to check the bills from {{Person Name}},check_invoice,check_invoice,0.9925853714055851
creating new freemium account for daughter,create_account,create_account,0.9960852980102756
is it possible to place an order from {{Delivery City}} ?,delivery_options,delivery_options,0.992753099155267
need help oirdering several items,place_order,place_order,0.9908140118820717
assistance seeing how soon can I expect my article,delivery_period,delivery_period,0.9941235519266983
help me see when my item is going to arrive,delivery_period,delivery_period,0.9947766096892146
how can I create a {{Account Category}} account?,create_account,create_account,0.9948368793572696
need asistance to modify purchase {{Order Number}},change_order,change_order,0.9939039151534356
refunding {{Refund Amount}} dollars,get_refund,get_refund,0.9945733057321228
shipmetns to {{Delivery City}},delivery_options,delivery_options,0.9956266826438793
checking early exit fee,check_cancellation_fee,check_cancellation_fee,0.992424617396512
i cannot locate order {{Order Number}},track_order,track_order,0.9913166036170943
I want assistance to see the fucking status of the rebate,track_refund,track_refund,0.9869339944307879
I try to see in what cases can I request a reimbursement,check_refund_policy,check_refund_policy,0.9956761247062046
need to see at what time i can contact customer service,contact_customer_service,contact_customer_service,0.9950093411688296
want assistance solving troubles with online payment,payment_issue,payment_issue,0.9945125557873405
find information about my access key retrieval,recover_password,recover_password,0.9961844983112229
I am calling to leave a review for your services,review,review,0.9951862187053985
earn several of your prodcuct,place_order,place_order,0.9943892803622346
"I have lost bill #12588, can you mail it to me?",get_invoice,get_invoice,0.9922603718904104
I have to give a quick look at the invoice #00108,check_invoice,check_invoice,0.9951412887645209
I need help to cancel my newsletter subscription,newsletter_subscription,newsletter_subscription,0.9955720412263244
i call to check how long it takes for my delivery to arrive,delivery_period,delivery_period,0.9961221256075036
editing standard  account,edit_account,edit_account,0.9896518097742731
"I can't afford order {{Order Number}}, help me cancelling it",cancel_order,cancel_order,0.9961257340380648
modify information on {{Account Category}} account,edit_account,edit_account,0.9960240030064097
need to check the withdrawal penalty will uhelp me,check_cancellation_fee,check_cancellation_fee,0.9926089580017802
want help to file a consumer claim against your organization,complaint,complaint,0.9957956469311937
open {{Account Type}} account for wife,create_account,create_account,0.9961576108633706
is it possible to place an order from {{Delivery Country}},delivery_options,delivery_options,0.9931471798929165
need help removing several items from order {{Order Number}},change_order,change_order,0.9941653817468575
need help getting the invoices from {{Person Name}},get_invoice,get_invoice,0.9956733726272521
find my bill from {{Person Name}},check_invoice,check_invoice,0.9915920514433999
open a standard acocunt,create_account,create_account,0.9939967181534164
I need assistance to cancel purchase {{Order Number}},cancel_order,cancel_order,0.9954030176289876
can you tell me the available payment options?,check_payment_methods,check_payment_methods,0.9950493902906774
I am trying to get reimbursements of my money,get_refund,get_refund,0.9957508645268319
I need assistance to report issues with signup,registration_problems,registration_problems,0.9947666040282277
how do i change a product of purchase {{Order Number}},change_order,change_order,0.9956332917887255
help talking to customer assistance,contact_customer_service,contact_customer_service,0.9953273581496885
i cannot check if there is anything new on the rebate,track_refund,track_refund,0.9951823122996425
can I change to the {{Account Category}} account?,switch_account,switch_account,0.9963212250132267
updating {{Account Category}} account,edit_account,edit_account,0.9845908391975002
i dont know what i have to do to talk with customer service,contact_customer_service,contact_customer_service,0.9942904112629364
i need assstance to check how soon can i expect the order,delivery_period,delivery_period,0.9943108689874506
i bought some product help me canceling order {{Order Number}},cancel_order,cancel_order,0.9938449258061066
I don't know how I could track the compensation,track_refund,track_refund,0.9865902601733597
wanna see how long refunds take help me,check_refund_policy,check_refund_policy,0.9933976564636263
i do not know what i need to do to delete a {{Account Category}} acclunt,delete_account,delete_account,0.9920028435917891
i dont know what to do to open a pro account for my dad,create_account,create_account,0.994856625167304
help me see the termination charge,check_cancellation_fee,check_cancellation_fee,0.995672495157024
what do I have to do to delete a {{Account Type}} account?,delete_account,delete_account,0.9926187128508306
cancel {{Account Type}} account,delete_account,delete_account,0.9934748546813821
problems with creating a gold account,create_account,create_account,0.9942027925964302
I do not know what to do to write a comment about a product,review,review,0.9935028949092871
I don't know what I have to do to receive your newsletter,newsletter_subscription,newsletter_subscription,0.9929976424851907
I need assistance obtaining rebates of money,get_refund,get_refund,0.9953922912600368
help me receive your corporate newsletter,newsletter_subscription,newsletter_subscription,0.9960118265152262
i dont understand ucould i contact a bloody live aent,contact_human_agent,contact_human_agent,0.9854142219372011
i want help retrieving the pass of my profile,recover_password,recover_password,0.9945181034016638
is it possible to delete a premium  account,delete_account,delete_account,0.9896434288095985
I'm waiting for a bloody compensation of {{Currency Symbol}}{{Refund Amount}},track_refund,track_refund,0.9939026624749235
I call to download bill #00108,get_invoice,get_invoice,0.994893818333765
where do I inform of problems with online payments?,payment_issue,payment_issue,0.9961112584484821
need assistance to request a compensation of money,get_refund,get_refund,0.996248836779375
can i place an order from {{Delivery Country}},delivery_options,delivery_options,0.9954858712452609
could you tell me about changing my delivery address?,change_shipping_address,change_shipping_address,0.9960904820159714
how do i use the premium account,switch_account,switch_account,0.9940060751381489
is it possible to check the cancellation penalty,check_cancellation_fee,check_cancellation_fee,0.9928753120472574
update purchase00123842,change_order,change_order,0.7859516134233425
hsipping to {{Delivery Country}},delivery_options,delivery_options,0.9942327043814562
where could i see when my order is gonna arrive,delivery_period,delivery_period,0.9922061601240381
I try to lodge a consumer claim against your company,complaint,complaint,0.9958671813319079
I have issues correcting the address,change_shipping_address,change_shipping_address,0.9957518154850957
i dont know how to check ur payment modalities,check_payment_methods,check_payment_methods,0.9945703349274274
"I expect a compensation of {{Currency Symbol}}{{Refund Amount}}, was it processed already",track_refund,track_refund,0.9950555459092613
i want help to list ur allowed payment modalities,check_payment_methods,check_payment_methods,0.9958939847668423
I need hdlp to submit my feedback for a product,review,review,0.9962714923772354
i awnt assistance submitting feedback about ur company,review,review,0.994227269369493
i want help to shop a product,place_order,place_order,0.9939139668912488
is it possible to order from {{Delivery City}}?,delivery_options,delivery_options,0.9918576297607512
can I use the premium profile?,switch_account,switch_account,0.995219300116231
could ya help me check the compensation current status,track_refund,track_refund,0.9917016525357107
I needassistance sending some feedback about your company,review,review,0.9953495987693196
i dont know how i can submit the secondary shipping address,set_up_shipping_address,set_up_shipping_address,0.996064134273907
i have a question about cancelling oorder {{Order Number}},cancel_order,cancel_order,0.9930905678203107
i have to see the early exit epnalty how to do it,check_cancellation_fee,check_cancellation_fee,0.991827968039363
need to update the info included on my profile how to do it,edit_account,edit_account,0.9917912449571156
I am trying to recover the pass of my profile,recover_password,recover_password,0.9944152713913419
"I bought some items, cancel order {{Order Number}}",cancel_order,cancel_order,0.9957620298915137
i ned assistance switching to the {{Account Type}} account,switch_account,switch_account,0.9946170811283349
i dont know how to check when my product is gonna arrive,delivery_period,delivery_period,0.9939565141208938
can you help me switching to the {{Account Category}} account?,switch_account,switch_account,0.9948717499729884
I don't know how to see the early exit charges,check_cancellation_fee,check_cancellation_fee,0.992829976047967
can i check the withdrawal penalty,check_cancellation_fee,check_cancellation_fee,0.9950104531246452
is it possible to shop some items?,place_order,place_order,0.99008628937671
can you help me contacting a person?,contact_human_agent,contact_human_agent,0.9921097045512829
checking invoice #37777,check_invoice,check_invoice,0.9940455693414137
do uship to {{Delivery City}},delivery_options,delivery_options,0.9947612989490788
i do not know how i can see the avalable payment methods,check_payment_methods,check_payment_methods,0.9938936682732029
want help writing an comment for your services,review,review,0.9952870201842104
is it possible to demand a damn compensation,get_refund,get_refund,0.9897538031345258
need to check how long the goddamn refunds take help me,check_refund_policy,check_refund_policy,0.9856648235799862
where do i cancel order {{Order Number}},cancel_order,cancel_order,0.9938453768970451
is there a section to submit fedback for your company?,review,review,0.9955123489072212
help me see the early termination penalties,check_cancellation_fee,check_cancellation_fee,0.9960712096806592
can i subscribe to ur corporate newsletter,newsletter_subscription,newsletter_subscription,0.996265176464593
assistance seeing how long it takes for my order to arrive,delivery_period,delivery_period,0.9937211969891226
help me to see when my shipment is going to arrive,delivery_period,delivery_period,0.9942817786961416
assistance to remove an item from order {{Order Number}},change_order,change_order,0.9946751891756686
i have to speak to an assistant,contact_human_agent,contact_human_agent,0.9933369537028799
i cant inform of sign-up errors,registration_problems,registration_problems,0.9946712056110466
"I purchased some items, cancel order {{Order Number}}",cancel_order,cancel_order,0.9919108761992783
I do not know how I can cancel the pro acconut,delete_account,delete_account,0.9742975938031272
I have got to send feedback for a product,review,review,0.9954372460316132
how to see the early termination charges?,check_cancellation_fee,check_cancellation_fee,0.9959659763450568
how could I see the payment methods?,check_payment_methods,check_payment_methods,0.9933436374751242
where could I cancel purchase {{Order Number}}?,cancel_order,cancel_order,0.9925600185102376
editing {{Account Category}}  account,edit_account,edit_account,0.987304701335297
I want help to see the withdrawal penalty,check_cancellation_fee,check_cancellation_fee,0.9946791676841236
I want help downloading invoice #85632,get_invoice,get_invoice,0.9941197907177214
i dont know how to resetthe damn pwd of my user account,recover_password,recover_password,0.9925568910556533
"I need to acqire some of your item, can you help me?",place_order,place_order,0.9917057038543651
I'm trying to download the invoice #37777,get_invoice,get_invoice,0.9954942609844059
can you help me seeing the accetped payment methods?,check_payment_methods,check_payment_methods,0.9957059642156051
I need assistance trying to change my address,change_shipping_address,change_shipping_address,0.9948358318796826
can you help me to report a problem with online payment?,payment_issue,payment_issue,0.9958213789652156
need help reporting errors with online payments,payment_issue,payment_issue,0.9955481039747958
updating details on {{Account Category}} account,edit_account,edit_account,0.9967622507572446
I want assistance to check your allowed payment modalities,check_payment_methods,check_payment_methods,0.9955201860286541
how can i check how logn it takes for the package to arrive,delivery_period,delivery_period,0.9925342313731539
where do I acquire some items?,place_order,place_order,0.9935747272588652
i dont know how i can speak with customer service,contact_customer_service,contact_customer_service,0.9942123988511865
updating data on {{Account Category}} account,edit_account,edit_account,0.9967925500031694
i dont know what i have to do to download the invoice #12588,get_invoice,get_invoice,0.9933819800015223
can you help me to report a trouble with payments?,payment_issue,payment_issue,0.9956092865250171
i try to acquire some items,place_order,place_order,0.9942745968764358
want help to retrieve my user account key,recover_password,recover_password,0.9955825953066927
is it possible to enter another shipping address,set_up_shipping_address,set_up_shipping_address,0.9943784325579262
help me to check ur avialable payment options,check_payment_methods,check_payment_methods,0.9942355316208543
i have to subscribe to the corporate newsletter,newsletter_subscription,newsletter_subscription,0.9969510369359771
deleting {{Account Type}} accoumt,delete_account,delete_account,0.9945249272652293
open {{Account Category}} account,create_account,create_account,0.9906655749947073
how can I check bill  #12588?,check_invoice,check_invoice,0.9943394615728196
can you show me what goddamn payment options you accept?,check_payment_methods,check_payment_methods,0.990712821185315
i want help solving issues with online payment,payment_issue,payment_issue,0.9959760750951019
making customer reclamation against ur company,complaint,complaint,0.9963418498877205
I want to talk with customer support,contact_customer_service,contact_customer_service,0.9962385796933919
want help seeing the withdrawal charge,check_cancellation_fee,check_cancellation_fee,0.9942289470831583
I do not know how to notify of signup errors,registration_problems,registration_problems,0.9935539296758221
how can i tfack purchase {{Order Number}},track_order,track_order,0.8778364519927354
help to demand a rebate of my money,get_refund,get_refund,0.9964407630405878
I have to add something to order {{Order Number}},change_order,change_order,0.9952288400717509
create {{Account Type}} cacount,create_account,create_account,0.993926635462372
i need help with cancelling order {{Order Number}},cancel_order,cancel_order,0.9951588457263624
i need help to check the rebate current status,track_refund,track_refund,0.993743925035973
I cannot submit a different delivery addrdss,set_up_shipping_address,set_up_shipping_address,0.9944286261474815
problems submitting a delivery address,set_up_shipping_address,set_up_shipping_address,0.9960323041267755
I call to see when my package is going to arrive,delivery_period,delivery_period,0.9947176195320724
I want to acquire sevearl of your article,place_order,place_order,0.9951245305689058
where to get a restitution of my money,get_refund,get_refund,0.9962962947122711
i cant see the status of order {{Order Number}},track_order,track_order,0.9970792021233733
i need assistance to leave a review about a product,review,review,0.9944466262634281
I  cannot set up my shipping address,set_up_shipping_address,set_up_shipping_address,0.9966232111725892
I'd liek to check the invoices from {{Person Name}} how to do it,check_invoice,check_invoice,0.9889197964471407
i have got to see at what time customer support available is,contact_customer_service,contact_customer_service,0.9944420815863153
where to check the ETA of purchase {{Order Number}},track_order,track_order,0.9971836780543532
show me what payment methods are accepted,check_payment_methods,check_payment_methods,0.9966626714831373
i want assistance to cancel purchase {{Order Number}},cancel_order,cancel_order,0.9960677546394008
"I can't pay, how do I inform of payment errors?",payment_issue,payment_issue,0.9942319057035228
assistance to leave a comment about ur services,review,review,0.9961103653312633
can uhelp me to see the withdrawal fee,check_cancellation_fee,check_cancellation_fee,0.9935498446561309
want help checking in what situations can I ask for a refund,check_refund_policy,check_refund_policy,0.9944944094265363
error entering a goddamn different shipping address,set_up_shipping_address,set_up_shipping_address,0.994284202847454
"I need to write a review about a service, how to do it?",review,review,0.9947532402272943
change information on {{Account Category}} account,edit_account,edit_account,0.9940263849479515
I cannot find anything about the withdrawal penalties,check_cancellation_fee,check_cancellation_fee,0.9931955575917274
assistance seeing how soon can i expect the article,delivery_period,delivery_period,0.994130748442931
could you help me unsubscribe from your bloody newsletter?,newsletter_subscription,newsletter_subscription,0.9899016749641314
ned assistance to switch to the bloody platinum account,switch_account,switch_account,0.9922953428469423
check in which cases can I ask for a fucking reimbursement,check_refund_policy,check_refund_policy,0.9941024205800525
how to see the ETA of order {{Order Number}}?,track_order,track_order,0.9966098660187456
i cant change some items of order {{Order Number}},change_order,change_order,0.9956258667422548
is it possible to set another goddamn delivery address up?,set_up_shipping_address,set_up_shipping_address,0.9929324298283291
how do i download my bill #37777,get_invoice,get_invoice,0.9940490247846485
"I want to report errors with payment, can I get some help?",payment_issue,payment_issue,0.993002288542406
I need assistance checking how soon can I expect my delivery,delivery_period,delivery_period,0.9941961719537785
I need help to see the ETA of the purchase {{Order Number}},track_order,track_order,0.9966168817667719
editing data on {{Account Category}} account,edit_account,edit_account,0.996965164596607
how to switch to the {{Account Type}} account?,switch_account,switch_account,0.9964017565037263
i do not know what to do to get my invoice from {{Person Name}},get_invoice,get_invoice,0.9939222860325602
i have a problem changing my delivery address,change_shipping_address,change_shipping_address,0.9954327571468244
"I need to edit my bloody user, will you help me?",edit_account,edit_account,0.9873699900524339
where do I get invoice #00108?,get_invoice,get_invoice,0.9928140974869691
"I have got to order a few of your item, how do I do it?",place_order,place_order,0.9909937669900164
what do i have to do to check  ur damn reimbursement policy,check_refund_policy,check_refund_policy,0.9893159487656017
check what payment options are available,check_payment_methods,check_payment_methods,0.9958234925227422
I do not know how to see your money back guarantee,check_refund_policy,check_refund_policy,0.9925371967884482
I need help with canxeling purchase {{Order Number}},cancel_order,cancel_order,0.8149742991344509
"I can't register, can I notify of registration problems?",registration_problems,registration_problems,0.9929334232326045
"I have to check how soon can I expect my parcel, help me",delivery_period,delivery_period,0.9946456741674284
"I do not need the {{Account Category}} account, can I cancel it?",delete_account,delete_account,0.9921254397917676
cancel purchase {{Order Number}},cancel_order,cancel_order,0.9918133205375205
need to talk to customer service will ya helpme,contact_customer_service,contact_customer_service,0.9939940317453546
I can't submit a new shipping address,set_up_shipping_address,set_up_shipping_address,0.9969876967491201
i need support trying to chane my delivery address,change_shipping_address,change_shipping_address,0.9940352140000214
i dont know what to do to modify my bloody user account,edit_account,edit_account,0.9864672083430813
is it possible to place a order from {{Delivery Country}}?,delivery_options,delivery_options,0.9937874629002023
where do i leave a review about a service,review,review,0.9954709382034208
want assistance to see the payment modalities,check_payment_methods,check_payment_methods,0.9948609333546455
wanna locate purchase {{Order Number}} can i get some help,track_order,track_order,0.9914944045782699
where  do i check the withdrawal penalties,check_cancellation_fee,check_cancellation_fee,0.9941958247893838
cn I place an order from {{Delivery City}}?,delivery_options,delivery_options,0.9948590609667963
i have got to see my invoice #12588 how can i do it,check_invoice,check_invoice,0.9910045060400251
assistance checking howlong reimbursements take,check_refund_policy,check_refund_policy,0.9925270300303225
can ya help me to check ur reimbursement policy,check_refund_policy,check_refund_policy,0.9943691794660044
can you help me obtain a compensation of my money?,get_refund,get_refund,0.9960009177740501
i call to write a comment for ur products,review,review,0.9957826267147386
I don't know what to do to check the termination fee,check_cancellation_fee,check_cancellation_fee,0.9918978141694444
find information about shipping period,delivery_period,delivery_period,0.9941576905044832
I nerd to check the ETA of the purchase {{Order Number}},track_order,track_order,0.996765161084921
can uhlep me getting my fucking bill from {{Person Name}},get_invoice,get_invoice,0.9918311530108516
assistance to check the early exit penalty,check_cancellation_fee,check_cancellation_fee,0.9947514131369286
correcting information on standard account,edit_account,edit_account,0.9944450087926032
correcting info on standard aqccount,edit_account,edit_account,0.9938945497185435
i cant unsubscribe to the company newsletter,newsletter_subscription,newsletter_subscription,0.9970979289761556
I do not know how to reset my user profile PIN code,recover_password,recover_password,0.9943573252218717
where to subscribe to the newsletter ?,newsletter_subscription,newsletter_subscription,0.9961351105982956
mail me the bills from {{Person Name}},get_invoice,get_invoice,0.9925681371796765
can you help me check what delivery methods are available?,delivery_options,delivery_options,0.9937683140181158
where do I leave some feedback about a product?,review,review,0.9948058422696954
I want help creating a {{Account Category}} account,create_account,create_account,0.9953802656431514
send me invoice #00108,get_invoice,get_invoice,0.9878358158357351
I don't know what I have to do to order several products,place_order,place_order,0.9925626665342849
help to locate my bills from {{Person Name}},check_invoice,check_invoice,0.9948585951439317
need to set up the secondary shipping address,set_up_shipping_address,set_up_shipping_address,0.9977647799573552
i have got to track purchase {{Order Number}} help me,track_order,track_order,0.9959261245467612
can i see what payment payment modalities are available,check_payment_methods,check_payment_methods,0.9950652043242111
where could i check order {{Order Number}} fucking curent status,track_order,track_order,0.9946006572751004
I am trying to see your allowed payment methods,check_payment_methods,check_payment_methods,0.9960848343673394
can you help me to see when my product is going to arrive?,delivery_period,delivery_period,0.9942383296525997
i have to modify purchase {{Order Number}} help me,change_order,change_order,0.9913794462466504
how can I get the invoices from {{Person Name}}?,get_invoice,get_invoice,0.9926958228396257
what do I have to do to sign up to your damn newsletter?,newsletter_subscription,newsletter_subscription,0.992213291290919
i want help to speak with a human agent,contact_human_agent,contact_human_agent,0.9947230857026385
how can I change my personal data?,edit_account,edit_account,0.991812395679053
give me information about opening a {{Account Type}} account,create_account,create_account,0.9958990159910742
I call to see when my goddamn package is going to arrive,delivery_period,delivery_period,0.9920069617094044
can you help me chatting with a person?,contact_human_agent,contact_human_agent,0.9923736687772156
assistance filing a claim against your organization,complaint,complaint,0.9945417329267267
show me how long it takes for my parcel to arrive,delivery_period,delivery_period,0.9946809071283136
help adding several products to purchase {{Order Number}},change_order,change_order,0.9896034067913725
there is an error trying to correct the delivery address,change_shipping_address,change_shipping_address,0.9960989417559697
i do not know what to do to notify of a sign-up issue,registration_problems,registration_problems,0.9930828604692016
correcting information on {{Account Type}} account,edit_account,edit_account,0.9955192601438717
"I do not have a pro account yet, help me register",create_account,create_account,0.9926567834985666
"I expect a restitution of {{Currency Symbol}}{{Refund Amount}}, was it processed already",track_refund,track_refund,0.9952286816714603
i do not know what i need to do to download bill #00108,get_invoice,get_invoice,0.9919050091234208
i have lost  my pwd could i reset it,recover_password,recover_password,0.9932484024719823
I have an issue correcting my damn delivery address,change_shipping_address,change_shipping_address,0.9942232241837652
want help norifying of a payment issue,payment_issue,payment_issue,0.995205800597748
can I reset m user pass?,recover_password,recover_password,0.9936268104664682
need assistance looking for the invoice from {{Person Name}},check_invoice,check_invoice,0.9937783718328501
how can I enter my secondary delivery address?,set_up_shipping_address,set_up_shipping_address,0.9967051310503011
i need assistance to buy some articles,place_order,place_order,0.9927514737069792
i have to cancel the company newsletter subscription help me,newsletter_subscription,newsletter_subscription,0.9969618965542586
help me seeing my invoice #37777,check_invoice,check_invoice,0.9948217033393519
wanna check in which cases can i ask for a refund,check_refund_policy,check_refund_policy,0.9946717816202723
want help to correct the details included on my account,edit_account,edit_account,0.9962938731347553
help to make a claim against your company,complaint,complaint,0.9957370852768923
I want to see under what circumstances can I ask for refunds,check_refund_policy,check_refund_policy,0.9942779147431487
wanna cange an item of order {{Order Number}} how could i do it,change_order,change_order,0.9531006903899367
problem with changing purchase {{Order Number}},change_order,change_order,0.9921328499681827
do you have a method to submit some feedback?,review,review,0.99446033254205
want assistance to check the withdrawal penalty,check_cancellation_fee,check_cancellation_fee,0.9945849062770299
where do I purchase several products?,place_order,place_order,0.9946768510604378
i need assistance submitting my feedback,review,review,0.9837906310811865
can ya help me to set my shippiong address up,set_up_shipping_address,set_up_shipping_address,0.9940346779090103
can i place an order frim {{Delivery Country}},delivery_options,delivery_options,0.9948460503581583
I do not know what I need to do to see the early exit charge,check_cancellation_fee,check_cancellation_fee,0.9904177301686622
I want assistance to cancel order {{Order Number}},cancel_order,cancel_order,0.9961734147326246
help me to locate my bills from {{Person Name}},check_invoice,check_invoice,0.9944078479788022
chnge data on {{Account Category}} account,edit_account,edit_account,0.993886627799232
I have got to cancel my subscription to your newsletter,newsletter_subscription,newsletter_subscription,0.9958179498668289
is it possible toorder from {{Delivery City}},delivery_options,delivery_options,0.9923460964705315
help me to download the bill #37777,get_invoice,get_invoice,0.9958703281295378
do you ship  to {{Delivery Country}}?,delivery_options,delivery_options,0.9959910602409195
I do not know what I need tp do to recover my user pwd,recover_password,recover_password,0.9920685452896431
can you help me solve errors with payments?,payment_issue,payment_issue,0.994780226111026
how to check what payment options are accepted,check_payment_methods,check_payment_methods,0.9967409180019158
update information on {{Account Type}} account,edit_account,edit_account,0.9959850596857365
i do not know how to create a {{Account Type}} account for my dad,create_account,create_account,0.9961995473432211
I need to notify of an error with a signup,registration_problems,registration_problems,0.9950135103379344
editing freemium account,edit_account,edit_account,0.9880531936595434
how do i do  a purchase,place_order,place_order,0.9883151020764783
delete {{Account Type}} account,delete_account,delete_account,0.9938754112845934
can you give me information about editibg the address?,change_shipping_address,change_shipping_address,0.9954619982575187
"I can't afford this item, I try to cancel order {{Order Number}}",cancel_order,cancel_order,0.9960594189238338
buying article,place_order,place_order,0.9913312274417754
want help to set up a shipping address,set_up_shipping_address,set_up_shipping_address,0.9971515693432537
I need assistance enteirng another delivery address,set_up_shipping_address,set_up_shipping_address,0.9872274952262021
I want help to leave some goddamn feedback for a service,review,review,0.9946353392870483
i want help to locate my bills from {{Person Name}},check_invoice,check_invoice,0.9942991081456665
I want assistance to see my invoice from {{Person Name}},check_invoice,check_invoice,0.9952411338873265
switching to {{Account Type}} account,switch_account,switch_account,0.9949603454173395
need to inform of a sign-up error,registration_problems,registration_problems,0.9954010979973273
how can i check at what time i can call customer support,contact_customer_service,contact_customer_service,0.9948610514517541
I want to see in what situations can I request a refund,check_refund_policy,check_refund_policy,0.9956582221384163
how do i use the premium profile,switch_account,switch_account,0.9947833257141712
i need assistance to get the invoice #85632,get_invoice,get_invoice,0.9949542672805101
ido not know how i could file a consumer claim,complaint,complaint,0.9918317414777924
wanna see how soon can i expect my parcel how can i do it,delivery_period,delivery_period,0.9931468082784732
I want help to notify of an issue with payments,payment_issue,payment_issue,0.99619979711435
I don't know what to do ti see my invoice from {{Person Name}},check_invoice,check_invoice,0.9896523576476777
where to know if there are any news on my compensation?,track_refund,track_refund,0.9954279651523601
I want assistance creating a gold account,create_account,create_account,0.9935304346490402
I try to locate my invoice #00108,check_invoice,check_invoice,0.9898399678737569
could you help me to submit my feedback for your products?,review,review,0.9950671225548907
send me my invoice from {{Person Name}},get_invoice,get_invoice,0.9899556516486011
assistance to modify the bloody address,change_shipping_address,change_shipping_address,0.9925844329910488
I have to contact an assistant,contact_human_agent,contact_human_agent,0.993136337923921
i have issues setting a different shipping address up,set_up_shipping_address,set_up_shipping_address,0.9963260624410136
i need assistance restoring my pin,recover_password,recover_password,0.9928533192229084
want assistance to retrieve my profile pin,recover_password,recover_password,0.994662030184398
modifying ddetails on {{Account Type}} account,edit_account,edit_account,0.9970247097398458
the delivery address changed,change_shipping_address,change_shipping_address,0.9868755182933272
I do not know how I can file a claim,complaint,complaint,0.990487687431901
I have problems with the cancellation of a {{Account Type}} account,delete_account,delete_account,0.9962126915146622
assistance to locate hte bill from {{Person Name}},check_invoice,check_invoice,0.9928302541830547
I don't know what to do to see when will my item arrive,delivery_period,delivery_period,0.9925227868272275
where could i submit a goddamn secondary delivery address,set_up_shipping_address,set_up_shipping_address,0.9943716869743539
there is an issue modifying my address,change_shipping_address,change_shipping_address,0.9955950863935076
i want help to use the {{Account Type}} profile,switch_account,switch_account,0.996951741496733
i have to use the {{Account Category}} account,switch_account,switch_account,0.9943147929837314
need help to notify of problems with signup,registration_problems,registration_problems,0.9942769089498014
making consumer complaint against ur business,complaint,complaint,0.9948511285115916
help me check what hours i can call customer service,contact_customer_service,contact_customer_service,0.9953877587168171
i cannot pay for these product how do i cancel the order,cancel_order,cancel_order,0.9853688929588702
can i remove a {{Account Type}} account,delete_account,delete_account,0.988302154108346
i need help to report a problem with online payments,payment_issue,payment_issue,0.9963718654933621
see bills from {{Person Name}},check_invoice,check_invoice,0.9910295388771581
purchase {{Order Number}} current  status,track_order,track_order,0.9945413251749788
question about the deletion of my {{Account Category}} account,delete_account,delete_account,0.9974900748679193
help me to inform of a registration issue,registration_problems,registration_problems,0.9962064042929701
where is order {{Order Number}},track_order,track_order,0.9278213446301917
correct order {{Order Number}},change_order,change_order,0.9926041537633733
can ya help me inform of errors with online payment,payment_issue,payment_issue,0.9950388123923227
remove something from order {{Order Number}},change_order,change_order,0.9949751569804239
there are errors setting a different delivery address up,set_up_shipping_address,set_up_shipping_address,0.9956178094509079
new {{Account Category}} account,create_account,create_account,0.9872871341894651
change to {{Account Type}} account,switch_account,switch_account,0.9939270857775253
help lodging a consumer reclamation against your business,complaint,complaint,0.995362169017108
I do not know how to leave an opinion,review,review,0.9943079284026833
I have got to contact customer assistance,contact_customer_service,contact_customer_service,0.9948830394663283
informing of problem with payment,payment_issue,payment_issue,0.9960580005543251
what do i hafe to do to check ur payment methods,check_payment_methods,check_payment_methods,0.9935827291481759
changing info on pro account,edit_account,edit_account,0.9947244081673882
"I have to update order {{Order Number}}, I need assistance",change_order,change_order,0.9884025431283736
i have a problem with creating a {{Account Type}} account,create_account,create_account,0.9966119381676076
need help to speak with an assistant,contact_human_agent,contact_human_agent,0.9938187226390491
I can't afford purchase {{Order Number}},cancel_order,cancel_order,0.9914684678199003
using {{Account Category}} account,switch_account,switch_account,0.9834778204707569
"I want to talk with customer support, how can I do it?",contact_customer_service,contact_customer_service,0.9941920182851701
"I have got to speak with customer support, can you help me?",contact_customer_service,contact_customer_service,0.9940149825141561
I don't knowe how to inform of problems with payments,payment_issue,payment_issue,0.9956332195690273
can I use the pro profile?,switch_account,switch_account,0.9949769234910084
removing {{Account Type}} account,delete_account,delete_account,0.9932573856130614
I do not know what to do to see the shipment methods,delivery_options,delivery_options,0.9928667143193018
want assistance checking your available payment methods,check_payment_methods,check_payment_methods,0.9945705474789742
how to use the {{Account Type}} account,switch_account,switch_account,0.996094244462586
I want to retrieve the password of my user account,recover_password,recover_password,0.9965928313807234
assistance to change to the freemium account,switch_account,switch_account,0.995225543584374
notify of errors with registrations,registration_problems,registration_problems,0.9960266488557744
would it be possible to sign up to the company newsletter?,newsletter_subscription,newsletter_subscription,0.9921148490629589
will you show me how soon canh I expect my parcel?,delivery_period,delivery_period,0.9925916314585574
help to check what hours I can reach customer support,contact_customer_service,contact_customer_service,0.9955256063206565
delete gold account,delete_account,delete_account,0.9937333684356457
I need to check in which situations can I requst a refund,check_refund_policy,check_refund_policy,0.994754587734917
how can i ask for refunds of money,get_refund,get_refund,0.9730022435914797
can I unsubscribe to your corporate newsletter?,newsletter_subscription,newsletter_subscription,0.9959846618705436
I chose a wrong delivery addreds,change_shipping_address,change_shipping_address,0.9934893551758063
what do I have to do to cancel my {{Account Category}} account?,delete_account,delete_account,0.9941916204872557
how do I see the early exit fee?,check_cancellation_fee,check_cancellation_fee,0.9936116270852958
I can't change my delivery address,change_shipping_address,change_shipping_address,0.995781811537285
I cannot afford order {{Order Number}},cancel_order,cancel_order,0.9904822357765094
acn you help me changing something of purchase {{Order Number}}?,change_order,change_order,0.9955556543922864
what is order {{Order Number}} status,track_order,track_order,0.9967704155991394
"I need to locate my bill from {{Person Name}}, will you help me?",check_invoice,check_invoice,0.9895521295379304
"I have lost my user profile password, help me recover it",recover_password,recover_password,0.9948641656760087
how do I get bill #85632?,get_invoice,get_invoice,0.9924686241484159
want assistance trying to change the shipping address,change_shipping_address,change_shipping_address,0.9951414335427153
what do I need to do to get the invoice from the last month?,get_invoice,get_invoice,0.9919328928265082
would it be possible to close my standard account ?,delete_account,delete_account,0.9925924579466116
help to correct the information included on my user,edit_account,edit_account,0.9933889755965835
canmcel order {{Order Number}},cancel_order,cancel_order,0.98705275036935
could uhelp me asking for a damn restitution of money,get_refund,get_refund,0.9888383413574332
list the allowed payment modalities,check_payment_methods,check_payment_methods,0.996617798543204
do you have a way to leave a review about your company?,review,review,0.9947946141455821
I don't know how to report an issue with online payments,payment_issue,payment_issue,0.9957118644592304
i dont know how i can see how soon can i expect my order,delivery_period,delivery_period,0.9938487123493154
I am calling to see what shipping methods I have,delivery_options,delivery_options,0.9951659321726744
I need assistance to modify purchase {{Order Number}},change_order,change_order,0.9934729512403525
I have to change to the {{Account Type}} account,switch_account,switch_account,0.9959633941993324
use standard account,switch_account,switch_account,0.9208305351259695
troubles modifying address,change_shipping_address,change_shipping_address,0.9906169968032948
I need help to see the early exit charge,check_cancellation_fee,check_cancellation_fee,0.9936926152954969
I want help opening a {{Account Category}} account,create_account,create_account,0.9952080308651633
can I edit order {{Order Number}}?,change_order,change_order,0.9943232204481188
can I check in what cases can I request the damn refunds?,check_refund_policy,check_refund_policy,0.9949761170244558
I want information about modifying order {{Order Number}},change_order,change_order,0.990035985424087
how to update order {{Order Number}}?,change_order,change_order,0.9934090904989262
I do not know how I could receive the corporate newsletter,newsletter_subscription,newsletter_subscription,0.9930928726801787
when am I obtaining a refund?,get_refund,get_refund,0.9926717314795281
what do i have to do to download invoice #85632,get_invoice,get_invoice,0.9935038512078945
i do not know how i acn look for the bills from {{Person Name}},check_invoice,check_invoice,0.9933790828756915
where to inform of errors with sign-up?,registration_problems,registration_problems,0.9961206954552256
I want assistance cancelling order {{Order Number}},cancel_order,cancel_order,0.995436663166046
can I ordrr from {{Delivery City}}?,delivery_options,delivery_options,0.9940802965374677
i dont know what i have to do to change to the {{Account Type}} account,switch_account,switch_account,0.9946651172372915
help to unsubscribe frmo your company newsletter,newsletter_subscription,newsletter_subscription,0.9967660364775118
help me request compensations,get_refund,get_refund,0.994001042784924
I don't know what to do to sign up to the newsletter,newsletter_subscription,newsletter_subscription,0.9932310651972779
is it possible to order from {{Delivery City}} ?,delivery_options,delivery_options,0.9924051188428443
help  me report signup problems,registration_problems,registration_problems,0.9952695643202674
i do not know what to do to lodge a customer reclamation,complaint,complaint,0.99525562256342
I can't add an item to order {{Order Number}},change_order,change_order,0.9916538807374842
I don't know how to inhform of a problem with sign-up,registration_problems,registration_problems,0.9939463042781921
i do not know how i can file a claim against ur business,complaint,complaint,0.9917915860352567
I have got to see the cancellation charge,check_cancellation_fee,check_cancellation_fee,0.9941687261701971
need assistance retrievign my user password,recover_password,recover_password,0.9943173067789565
I need to set up another deliverry address,set_up_shipping_address,set_up_shipping_address,0.9963596096134802
can you help me make a reclamation against your company?,complaint,complaint,0.9948168772360865
updating info on {{Account Type}} account,edit_account,edit_account,0.9969860087355351
i do not know how to create a {{Account Category}} account for my dad,create_account,create_account,0.9956503136492998
"I want to modify the address, how can I do it?",change_shipping_address,change_shipping_address,0.9937535541408736
can ya help me talk with a human agent,contact_human_agent,contact_human_agent,0.9930465341051202
help to see ur available paymnet options,check_payment_methods,check_payment_methods,0.9930047533314269
I want help to lodge a customer claim,complaint,complaint,0.9960956347704258
create new {{Account Category}} account for daughter,create_account,create_account,0.9964269868303872
I have to inform of an error with online payment,payment_issue,payment_issue,0.9961104396218872
I have to check the withdrawal fee,check_cancellation_fee,check_cancellation_fee,0.9940700018062282
i dont know how i could receive compensations,get_refund,get_refund,0.9906746861583917
i need supports trying to modify my delivery address,change_shipping_address,change_shipping_address,0.9968150152846142
i do not know how to check the accepted payment options,check_payment_methods,check_payment_methods,0.9955930878274017
i do not know how to see the eta of the order {{Order Number}},track_order,track_order,0.9960755753355475
can you help me file a customer complaint?,complaint,complaint,0.9956461947279703
can I talk with someone?,contact_human_agent,contact_human_agent,0.9938487375568705
need assistance acquiring some items,place_order,place_order,0.9914350295690895
see the bill from {{Person Name}},check_invoice,check_invoice,0.9897555759904763
how do I notify of a signup problem?,registration_problems,registration_problems,0.9944825522242436
I cannot check the status of my newsletter subscription,newsletter_subscription,newsletter_subscription,0.9942945661539723
I want information about the termination of a {{Account Type}} account,delete_account,delete_account,0.9954333104199646
I am trying to receive a restitution of money,get_refund,get_refund,0.9949911274435742
I can't swap some items of purchase {{Order Number}},change_order,change_order,0.9914315861652726
"I have got to use the standard profile, can I get some help?",switch_account,switch_account,0.988215601543752
I have to check what hours I can reach customer support,contact_customer_service,contact_customer_service,0.9950104174292459
"the secondary delivery address is not valid, how to do it?",set_up_shipping_address,set_up_shipping_address,0.9952569357964139
can uhelp me to notify of errors with payment,payment_issue,payment_issue,0.9949657026045006
I am trying to leave feedback for a service,review,review,0.9958347340388651
"I have got to correct the delivery address, how to do it?",change_shipping_address,change_shipping_address,0.9936275083313575
can uhelp me to shop some items,place_order,place_order,0.9920419351682646
I don't know how I can shop some items,place_order,place_order,0.9901425445375646
tell accepted payment options,check_payment_methods,check_payment_methods,0.9962496690619345
could you help me canceling purchase {{Order Number}}?,cancel_order,cancel_order,0.9928049914957074
is there a way to submit feedback for your company?,review,review,0.9960356668843504
question about the lost pin code,recover_password,recover_password,0.9944700488517982
i cnnot set the shipping address up,set_up_shipping_address,set_up_shipping_address,0.9931306843236664
want help to report fucking sign-up errors,registration_problems,registration_problems,0.992128398822214
tell me more about updating the address,change_shipping_address,change_shipping_address,0.996381520398212
I don't know how to speak to customer assistance,contact_customer_service,contact_customer_service,0.9938879788887082
want assistance to check the withdrawal fees,check_cancellation_fee,check_cancellation_fee,0.9942578720962976
I need assistance to see the early exit fee,check_cancellation_fee,check_cancellation_fee,0.9929379419531624
i have errors submitting my enw delivery address,set_up_shipping_address,set_up_shipping_address,0.9946048889418323
see the bill #37777,check_invoice,check_invoice,0.9919205914756145
I don't know how to make a consumer reclamation,complaint,complaint,0.9947229268673433
assistance using the {{Account Category}} profile,switch_account,switch_account,0.996015824287225
i need assistance seeing how soon can i expect the delivery,delivery_period,delivery_period,0.9950973285968764
I have to modify my delivery address,change_shipping_address,change_shipping_address,0.9962689791557412
create {{Account Type}} accountfor wife,create_account,create_account,0.9955436836674547
i need assistance deleting a {{Account Category}} account,delete_account,delete_account,0.9898750293619131
contactingassistant,contact_human_agent,contact_human_agent,0.9919670110629596
change to the {{Account Type}} account,switch_account,switch_account,0.9968055791486145
how to correct the  shipping address?,change_shipping_address,change_shipping_address,0.9964139036911154
I want to see how long it takes for my order to arrive,delivery_period,delivery_period,0.9945067186713384
"I have got to unsubscribe to the newsletter, how do I do it?",newsletter_subscription,newsletter_subscription,0.992905291792406
I want assistanc to see when my purchase is going to arrive,delivery_period,delivery_period,0.9934950988217369
refund status,track_refund,track_refund,0.9865588497287933
where to purchase some items,place_order,place_order,0.9947956433391928
"I want to sign up to the newsletter, help me",newsletter_subscription,newsletter_subscription,0.9955005414420269
I need help to demand a goddamn reimbursement,get_refund,get_refund,0.9887970462586316
I am waiting for a refund of {{Currency Symbol}}{{Refund Amount}},track_refund,track_refund,0.9949538038290474
I need help to update the information on my user profile,edit_account,edit_account,0.9953612937006575
problems with {{Account Type}} account cancellations,delete_account,delete_account,0.9956357710961026
how do I notify of payment problems?,payment_issue,payment_issue,0.9952677291464189
I am trying to see the status of purchase {{Order Number}},track_order,track_order,0.9961699000386205
what do i need to do to change to hte {{Account Type}} account,switch_account,switch_account,0.983979143554492
get invoice #85632,get_invoice,get_invoice,0.9906622471433776
"I paid {{Currency Symbol}}{{Refund Amount}} for a product, help me get a fucking rebate",get_refund,get_refund,0.9936029106531565
edit order {{Order Number}},change_order,change_order,0.9894432305440374
how can i get information about my gold account removal,delete_account,delete_account,0.9893173898975848
I have problems with the key reset,recover_password,recover_password,0.9930023026733066
how do i see at what time customer support availabl is,contact_customer_service,contact_customer_service,0.9945425536547671
customer support number,contact_customer_service,contact_customer_service,0.993468070706831
need assistance to see in what cases can i ask for refunds,check_refund_policy,check_refund_policy,0.9950338408618463
I need to retrieve the key of my profile,recover_password,recover_password,0.9958837871659436
need to make a claim against ur organization,complaint,complaint,0.9950575227468024
do you have a way to leave a comment about your company?,review,review,0.9953453137565393
is it possible to chat with an operator?,contact_human_agent,contact_human_agent,0.9913042848261266
want help checkin ur accepted payment methods,check_payment_methods,check_payment_methods,0.9960996351632798
i have to see the invoice #00108,check_invoice,check_invoice,0.9946629251970848
I don't know how to check when will my purchase arrive,delivery_period,delivery_period,0.9921573541111829
help checking what hours customer service available is,contact_customer_service,contact_customer_service,0.9938986525824457
"I need to write a review for a service, will you help me?",review,review,0.9932643085327256
change info on {{Account Category}} account,edit_account,edit_account,0.9939406600991828
can ya tell me about updating the delivery address,change_shipping_address,change_shipping_address,0.9967566361351979
can I edi order {{Order Number}}?,change_order,change_order,0.835831764961227
I do not know how to close my {{Account Category}} account,delete_account,delete_account,0.9948319120952799
wanna check under which circumstances can i ask for a refund,check_refund_policy,check_refund_policy,0.9943013556711414
i do not know what to do to ask for rebates of money,get_refund,get_refund,0.9952426038363833
unsubscribing from newsletter,newsletter_subscription,newsletter_subscription,0.9943007429594765
want help receiving your newsletter,newsletter_subscription,newsletter_subscription,0.995600430039877
I need help to locate order {{Order Number}},track_order,track_order,0.9942821562649687
I try to edit order {{Order Number}},change_order,change_order,0.9944808358371008
help me seeing your accepted payment modalities,check_payment_methods,check_payment_methods,0.9960329128699114
can you help me open a freemium account?,create_account,create_account,0.9931805610022243
assistance to notify of issues with a sign-up,registration_problems,registration_problems,0.9954050517278855
i have got to enter my new deluvery address can ya help me,set_up_shipping_address,set_up_shipping_address,0.9951411268948765
can you help me see the withdrawal penalty?,check_cancellation_fee,check_cancellation_fee,0.994242556618136
can i see in what situations can i ask for reimbursements,check_refund_policy,check_refund_policy,0.9959649542209644
cancel purchase370795561790,cancel_order,cancel_order,0.9868210036770436
changing to {{Account Type}} account,switch_account,switch_account,0.9921899131268406
help to purchase some products,place_order,place_order,0.9899428607702069
can ya help me cancelling my {{Account Type}} account,delete_account,delete_account,0.9933477818204043
do uship to {{Delivery City}},delivery_options,delivery_options,0.9947612989490788
where could I file a consumer claim against your company?,complaint,complaint,0.995026162103532
I need to unsubscribe from the company newsletter,newsletter_subscription,newsletter_subscription,0.9964300070522821
i have to see in what casescan i request a reimbursement,check_refund_policy,check_refund_policy,0.9930933448519242
correcting info on pro account,edit_account,edit_account,0.9956921464931323
i want assistance to leave some feedback for ur company,review,review,0.9958742061422982
help me make a complaint against ur business,complaint,complaint,0.9947921519540328
is it possible to check order {{Order Number}} current status?,track_order,track_order,0.994738835821085
i want help to check in what cases can i ask for a reufnd,check_refund_policy,check_refund_policy,0.9923509648756067
want assistance using the {{Account Category}}  profile,switch_account,switch_account,0.9956505683457197
help me seeing what hours I can contact customer assistance,contact_customer_service,contact_customer_service,0.994293395449564
reset the PIN code of my user,recover_password,recover_password,0.995805293451383
modify data on standard account,edit_account,edit_account,0.9961744902596363
I have got to notify of a problem with a sign-up,registration_problems,registration_problems,0.99357496889639
I am trying to see what payment options are available,check_payment_methods,check_payment_methods,0.9955166885344625
I have got to request my damn money back,get_refund,get_refund,0.9851041818310661
what do i have to do to close my standard account,delete_account,delete_account,0.9950413569267681
I have to check in what cases can I request my money back,check_refund_policy,check_refund_policy,0.995099661791984
how do I use the gold profile?,switch_account,switch_account,0.9939299868705581
where can i track order {{Order Number}},track_order,track_order,0.9951494403574425
is it possible to lodge a claim?,complaint,complaint,0.991872188537681
"I have to speak to customer assistance, how to do it?",contact_customer_service,contact_customer_service,0.9942531973960141
could you help me to send my feedback for your products?,review,review,0.9951647422367849
I'd like to change to the {{Account Category}} account i need assistance,switch_account,switch_account,0.9933042509493465
i do not know what to do to see the ETA of order {{Order Number}},track_order,track_order,0.9963279388880627
I want help odering some articles,place_order,place_order,0.9911423402827283
problems submitting the shipping address,set_up_shipping_address,set_up_shipping_address,0.9959909513952737
assistance to see the status of my compensation,track_refund,track_refund,0.9945129632105093
I do not know how to restore my account PIN code,recover_password,recover_password,0.9951327376316502
I want help speaking with customer assistance,contact_customer_service,contact_customer_service,0.9941904377175664
help seeing what damn methods for delivery you offer,delivery_options,delivery_options,0.9937703303419569
need help filing a reclamation,complaint,complaint,0.9942595930714396
can I change to the premium account?,switch_account,switch_account,0.9956672557233954
I do not know what to do to change to the {{Account Category}} account,switch_account,switch_account,0.9948212582168375
I want information about opening a pro account,create_account,create_account,0.9962567760281699
what do i have to do to sign up to the newsletter,newsletter_subscription,newsletter_subscription,0.9935298491295294
I cannot find anything about the early exit charges,check_cancellation_fee,check_cancellation_fee,0.9931061628583787
need to see hte goddamn early exit penalty how to do it,check_cancellation_fee,check_cancellation_fee,0.9884115149830479
can you help me to change to the {{Account Type}} account?,switch_account,switch_account,0.9960334297737553
switch to  {{Account Type}} account,switch_account,switch_account,0.9949999008500812
will you show me the accepted payment methods?,check_payment_methods,check_payment_methods,0.9957963449008531
what do I need to do to edit order {{Order Number}}?,change_order,change_order,0.9940450741918235
need to look for invoice #37777,check_invoice,check_invoice,0.9951089073992511
I don't know what to do to inform of a problem with payment,payment_issue,payment_issue,0.9938311321424388
can uhelp me getting reimbursements of my money,get_refund,get_refund,0.9919847860225776
i need assistance sending my feedback for a product,review,review,0.9949065481225782
I want help downloading the bill #85632,get_invoice,get_invoice,0.9947439295986739
I can no longer afford purchase {{Order Number}},cancel_order,cancel_order,0.9946239020412797
check the status of my corporate newsletter subscription,newsletter_subscription,newsletter_subscription,0.9934410761074091
can uhelp me to sign up to the newsletter,newsletter_subscription,newsletter_subscription,0.9939534380216474
help  me canceling purchase {{Order Number}},cancel_order,cancel_order,0.9956166234432362
rebate {{Currency Symbol}}{{Refund Amount}},get_refund,get_refund,0.9929799750767527
I don't know what I have to do to reset the PIN of my user,recover_password,recover_password,0.9927076166214915
wana check the ETA of order {{Order Number}} will ya help me,track_order,track_order,0.9956983521577838
modifying freemium account,edit_account,edit_account,0.9889872051093866
modify purchase {{Order Number}},change_order,change_order,0.9908844061694904
want help receiving compensations,get_refund,get_refund,0.9940492107570605
I try to check how soon can I expect my product,delivery_period,delivery_period,0.9955739831280604
editing data on {{Account Category}} account,edit_account,edit_account,0.996965164596607
"you aren't helpful at all, can I contact somebody?",contact_human_agent,contact_human_agent,0.9921553929023806
need help to check the ETA of the order {{Order Number}},track_order,track_order,0.9967200374849444
I don't know how I can write an opinion for a service,review,review,0.9940725502791851
wanna check how long refunds usuall take can ya help me,check_refund_policy,check_refund_policy,0.9918036764641199
where do I recover the access key of my user account?,recover_password,recover_password,0.9964504293597475
checking ETA of order {{Order Number}},track_order,track_order,0.9959216741738413
would it be possible toplace a fucking order from {{Delivery City}},delivery_options,delivery_options,0.9880468301234098
help cancelling my corporate newslettersubscription,newsletter_subscription,newsletter_subscription,0.9954561713158648
want help to see tthe damn ETA of order {{Order Number}},track_order,track_order,0.9956456786458383
i dont know what to do tyo see the withdrawal fees,check_cancellation_fee,check_cancellation_fee,0.9929736161031393
create new standard account,create_account,create_account,0.9957891744420889
"I lost the bill from {{Person Name}}, mail it to me",get_invoice,get_invoice,0.9944727648094931
I need assistance to cancel order {{Order Number}},cancel_order,cancel_order,0.9955972424335178
early termination penalties,check_cancellation_fee,check_cancellation_fee,0.99494714638254
help me checking the accepted payment modalities,check_payment_methods,check_payment_methods,0.9951671465342228
is it possible to inform of payment issues?,payment_issue,payment_issue,0.9937943559706234
"I expect a bloody refund of {{Currency Symbol}}{{Refund Amount}}, has it been processed?",track_refund,track_refund,0.9928691566870248
I need assistance to shop several of your product,place_order,place_order,0.994902302193152
I have got to demand a rebate,get_refund,get_refund,0.9936269858532872
issue submitting a secondary shipping address,set_up_shipping_address,set_up_shipping_address,0.9970976271360122
creating {{Account Type}} account,create_account,create_account,0.9922141765021747
i want help submitting a different delivery address,set_up_shipping_address,set_up_shipping_address,0.995593690238243
i need assistance seeing the eta of purchase {{Order Number}},track_order,track_order,0.9955343881152778
can ya help me modify the shipping address,change_shipping_address,change_shipping_address,0.9958876903238885
help me to get my invoices from {{Person Name}},get_invoice,get_invoice,0.9959939090448291
i have got to correct the info included on my user profile,edit_account,edit_account,0.9945676822989187
I need to shop some products,place_order,place_order,0.992945459987029
edit {{Account Type}} accont,edit_account,edit_account,0.9951153282925107
question about the removal of my standard account,delete_account,delete_account,0.9964990047870724
help me to file a claim,complaint,complaint,0.9952717916262119
"I have to see how long reimbursements take, I need help",check_refund_policy,check_refund_policy,0.9934868315878621
i need help to delete something from order {{Order Number}},change_order,change_order,0.9944966900305232
what do I have to do to download invoice #85632?,get_invoice,get_invoice,0.9934101314072853
can you help me to see the cancellation penalty?,check_cancellation_fee,check_cancellation_fee,0.9944461514868427
help me submit my shipping address,set_up_shipping_address,set_up_shipping_address,0.9954571671151302
I do not know how I can track my rebate,track_refund,track_refund,0.9900716602268465
i need assistance to check ur available payment modalities,check_payment_methods,check_payment_methods,0.9952520286452695
problems with standard account terminations,delete_account,delete_account,0.9938636961763061
how do I look for the bills from {{Person Name}}?,check_invoice,check_invoice,0.9945663813501393
I am trying to update my shipping address,change_shipping_address,change_shipping_address,0.9966073565429182
I need assistance subscribing to the corporate newsletter,newsletter_subscription,newsletter_subscription,0.9961181980338459
can you show me the withdrawal penalties?,check_cancellation_fee,check_cancellation_fee,0.993784788680423
i expect a refund of {{Currency Symbol}}{{Refund Amount}},track_refund,track_refund,0.9951928577023922
help me sending my feedback aboutt your services,review,review,0.9957070535400265
where do i notify of issues with signup,registration_problems,registration_problems,0.994845072026126
assistance earning some of ur article,place_order,place_order,0.9941050895505187
i need help seeing the status of my compensation,track_refund,track_refund,0.9923542211780733
where do I enter the secondary shipping address?,set_up_shipping_address,set_up_shipping_address,0.9971058363819093
where do I see what shipping options I have?,delivery_options,delivery_options,0.9951985611422288
can you show me at what time I can contact customer service?,contact_customer_service,contact_customer_service,0.9938831566660052
assistance seeing your allowed payment methods,check_payment_methods,check_payment_methods,0.9957018167442456
I do not know how to earn a product,place_order,place_order,0.9930341422377474
I would like to get a compensation of my money,get_refund,get_refund,0.9948653040395449
see my blls from {{Person Name}},check_invoice,check_invoice,0.993689521504508
new {{Account Category}} account,create_account,create_account,0.9872871341894651
i need assistance to set the new delivery address up,set_up_shipping_address,set_up_shipping_address,0.9965433652049315
I want assistance purcahsing a few of your item,place_order,place_order,0.9920122874898002
I haave to submit a secondary delivery address,set_up_shipping_address,set_up_shipping_address,0.997066165108717
"I am not happy with your work, lodge a consumer reclamation",complaint,complaint,0.9944033231403547
problem with cancelling order {{Order Number}},cancel_order,cancel_order,0.9951046631566993
is it possible to purchase several of your article?,place_order,place_order,0.993402820300887
I don't know how I can order some of your article,place_order,place_order,0.9924807672267435
i need help with cancelling order {{Order Number}},cancel_order,cancel_order,0.9951588457263624
what do i need to do to change to the pro account,switch_account,switch_account,0.9947051887805395
I'm trying to make a consumer clain,complaint,complaint,0.9943471505160101
speak with operator,contact_human_agent,contact_human_agent,0.9894426939964062
would ugive me information about editing my delivery address,change_shipping_address,change_shipping_address,0.9935973760562299
i cannot find anything about the withdrawal fees,check_cancellation_fee,check_cancellation_fee,0.9917010941516665
could y help me notifying of an issue with sign-up,registration_problems,registration_problems,0.9921889121247821
need to purchase some of ur product,place_order,place_order,0.9951634196310781
where do I purchase some products?,place_order,place_order,0.9937756057159088
need assistance setting up a shipping address,set_up_shipping_address,set_up_shipping_address,0.9959890705910551
I don't know what I have to do to see the early exit fee,check_cancellation_fee,check_cancellation_fee,0.9906611562486308
checking status of order {{Order Number}},track_order,track_order,0.9960187713636222
I don't know what to do to get the invoice #12588,get_invoice,get_invoice,0.9937266712675065
I have a problem with the removal of  a standard account,delete_account,delete_account,0.9947442912105188
how do I create a bloody {{Account Category}} account for my father?,create_account,create_account,0.9941679938899357
"I want to delete an item from purchase {{Order Number}}, help me",change_order,change_order,0.9930960625327322
find information about the cancellation of a {{Account Category}} account,delete_account,delete_account,0.9960152929865652
help me to get the invoice fro {{Person Name}},get_invoice,get_invoice,0.9962058965100032
help using the gold account,switch_account,switch_account,0.9957712705442657
I want help to notify oof issues with payment,payment_issue,payment_issue,0.9962710006228845
I need assistance downloading the invoice from {{Person Name}},get_invoice,get_invoice,0.9951839429823973
need help to check if there are any news on the restitution,track_refund,track_refund,0.9958203913519393
I don't know what to do to file a consumer reclamation,complaint,complaint,0.9942307065353719
i call to leave my feedback for ur services,review,review,0.9962381670424008
open a {{Account Category}} acount for my dad,create_account,create_account,0.995512907653273
help me set up the secondary delivery address,set_up_shipping_address,set_up_shipping_address,0.9971352931916195
can you help me to delete my premium account?,delete_account,delete_account,0.9954450465025979
need to make a consumere claim,complaint,complaint,0.9947441517385692
what do i have to do to notify of signup errors,registration_problems,registration_problems,0.992981294917412
can you help me changing to the gold account?,switch_account,switch_account,0.9914045242858472
i do notknow what to do to locate order {{Order Number}},track_order,track_order,0.9943961100402161
help me modifying purchase {{Order Number}},change_order,change_order,0.9905567766810234
I want to see at what time I can call customer assistance,contact_customer_service,contact_customer_service,0.9941611750710919
need assistance to notify of issues with online payment,payment_issue,payment_issue,0.9959839632970672
I can't check the ETA of the orfer {{Order Number}},track_order,track_order,0.9961813530432342
troubles with online payments,payment_issue,payment_issue,0.9936901449300168
what do i have to do to delete my {{Account Type}} account,delete_account,delete_account,0.9953414210648566
I need to enter a different shipping address,set_up_shipping_address,set_up_shipping_address,0.9964678689940506
how do i use the pro profile,switch_account,switch_account,0.9943314396905132
where could I see purchase {{Order Number}} status?,track_order,track_order,0.9959473817088343
I want to inform of an issue with online payment,payment_issue,payment_issue,0.9960974941244668
do you ship to {{Delivery Country}}?,delivery_options,delivery_options,0.9959910602409195
I cannot create a platinum account for my daughter,create_account,create_account,0.9963899959557615
"I have to see your refund policy, can you help me?",check_refund_policy,check_refund_policy,0.9930783115209733
how to change to the gold account?,switch_account,switch_account,0.9948755214798788
can uhelp me unsubscribe to the company newsletter,newsletter_subscription,newsletter_subscription,0.9964677807882557
reimburse {{Currency Symbol}}{{Refund Amount}},get_refund,get_refund,0.9940630690131074
I don't know how I can create a pro account for my dad,create_account,create_account,0.9948809424554351
i do not know what i have to do to obtain a rebate,get_refund,get_refund,0.9909792496023319
i expect a compensation of {{Currency Symbol}}{{Refund Amount}},track_refund,track_refund,0.9949251360660275
how could I see what payment payment modalities are allowed?,check_payment_methods,check_payment_methods,0.9942773966187826
how to see your allowed payment options?,check_payment_methods,check_payment_methods,0.9964768749385291
"I can't afford order {{Order Number}}, help me cancelling it",cancel_order,cancel_order,0.9961257340380648
how do i restore my account passwodr,recover_password,recover_password,0.9948522933916969
can i check the status of purchase {{Order Number}},track_order,track_order,0.9962272233184897
chck bill from {{Person Name}},check_invoice,check_invoice,0.9846723716508259
I expect an restitution of {{Currency Symbol}}{{Refund Amount}},track_refund,track_refund,0.9959004379830682
can I unsubscribe to the corporate newsletter?,newsletter_subscription,newsletter_subscription,0.9969459381965203
I need assistance entering a secondary shipping address,set_up_shipping_address,set_up_shipping_address,0.9957481348934502
open a {{Account Type}} acount for my dad,create_account,create_account,0.9961808120272148
how to cancel the subscription to ur company newsletter,newsletter_subscription,newsletter_subscription,0.9974752348396813
I need assistance shopping some of your item,place_order,place_order,0.9934380956156753
lodge customer complaint against your business,complaint,complaint,0.9957572799661168
I'm trying to obtain compensations,get_refund,get_refund,0.9940242957629336
"I need to use the bloody {{Account Type}} profile, can you help me?",switch_account,switch_account,0.9918854654791792
issues creating account,registration_problems,registration_problems,0.7488767242746328
help to demand a goddamn compensation,get_refund,get_refund,0.9916949991136459
how do I notify of an issue with payment?,payment_issue,payment_issue,0.9951492474592838
can you help me to make a consumner complaint?,complaint,complaint,0.9939894729584395
can I speak with a person ?,contact_human_agent,contact_human_agent,0.9945991064284483
what do I have to do to make a customer complaint?,complaint,complaint,0.9949646035521296
in which cases can i ask to be reimbursed,check_refund_policy,check_refund_policy,0.994653816435154
can you help me check the acepted payment modalities?,check_payment_methods,check_payment_methods,0.9952674652288976
"I have lost the password of my user, help me reset it",recover_password,recover_password,0.9959132736591011
modify freemium account,edit_account,edit_account,0.978449528266455
hlw do i check the ETA of purchase {{Order Number}},track_order,track_order,0.9960358783684118
can you help me writing a review for your company?,review,review,0.9942745476999821
need help t add an item to order {{Order Number}},change_order,change_order,0.9943276360232857
I expect a reufnd of {{Currency Symbol}}{{Refund Amount}},track_refund,track_refund,0.995010931221351
need help to check what methods for delivery i have,delivery_options,delivery_options,0.9954292700001321
help me to check how soon can I expect the article,delivery_period,delivery_period,0.9952431621179455
assistance to inform of a damn payment issue,payment_issue,payment_issue,0.9936563125545885
find information about modifying my address,change_shipping_address,change_shipping_address,0.9937118688120572
how to see bill #85632?,check_invoice,check_invoice,0.9945383012723762
i do not know how to unsubscribe to ur corporate newsletter,newsletter_subscription,newsletter_subscription,0.9955887220462275
where can I lodge a customer claim against your business?,complaint,complaint,0.9963093237241614
there are problems trying to edit the delivery address,change_shipping_address,change_shipping_address,0.9967255407387685
I have got to report issues with online payment,payment_issue,payment_issue,0.9958362074705059
need help chatting with a person,contact_human_agent,contact_human_agent,0.992995431979201
can you help me check how soon can I expect my purchase?,delivery_period,delivery_period,0.9946444481184679
I need help buying some of your product,place_order,place_order,0.9937779979861091
help me notify of an issue with payment,payment_issue,payment_issue,0.9957037180173575
I don't know what I have to do to contact a person,contact_human_agent,contact_human_agent,0.9912370610243878
I need help to purchase several of your item,place_order,place_order,0.9949921966484864
I have got to check if there are any news on the restitution,track_refund,track_refund,0.9950996673958076
modifying ddetails on gold account,edit_account,edit_account,0.9960088324979068
can ya help me seeing how long the delivery takes,delivery_period,delivery_period,0.9857476640651323
could you help me see if there are any news on my rebate?,track_refund,track_refund,0.9945702728908046
is it possible to leave a review about a service?,review,review,0.9943797173262686
assistance seeing the early termination charges,check_cancellation_fee,check_cancellation_fee,0.9951202590620278
is it possible to order from {{Delivery Country}},delivery_options,delivery_options,0.992616119064213
idont use my {{Account Category}} account need assistance to close it,delete_account,delete_account,0.995127631037631
i have to use the gold account help  me,switch_account,switch_account,0.9933503351722216
I try to check the ETA of the purchase {{Order Number}},track_order,track_order,0.997133773740117
I am trying to reset my user account access key,recover_password,recover_password,0.9958694544559615
new platinum account,create_account,create_account,0.9717116235702615
i lost my profile pass want help to restore it,recover_password,recover_password,0.9948463787371303
I need help seeing how long it takes for my item to arrive,delivery_period,delivery_period,0.9931735773017097
"I have got to track purchase {{Order Number}}, how can I do it?",track_order,track_order,0.9900616110138426
I have to lodge a consumer complaint against your company,complaint,complaint,0.9958183775303961
help me cancelling purchase {{Order Number}},cancel_order,cancel_order,0.9952146827186805
order {{Order Number}} current status,track_order,track_order,0.9940657436971424
can uhelp me to restore the access key ofmy account,recover_password,recover_password,0.995929190636402
want help recovering the key of my account,recover_password,recover_password,0.996034166140062
help to retrieve the PIN code of my user profile,recover_password,recover_password,0.9964364747445348
can you tell me more about correcting my delivery address?,change_shipping_address,change_shipping_address,0.9964860152680831
help me to check the status of the restitution,track_refund,track_refund,0.9940810495832876
is it possible to give a quick look at the bill #12588?,check_invoice,check_invoice,0.9933294219868575
"I cannot make payments, could you help me report errors?",payment_issue,payment_issue,0.9921740367249162
where do i switch to the gold account,switch_account,switch_account,0.995442467143818
can i place a  fucking order from {{Delivery City}},delivery_options,delivery_options,0.9935616165521745
"I want to see my compensation status, I need help",track_refund,track_refund,0.994110706031798
can I send feedback about a product?,review,review,0.9958552795048274
help me to check in what cases can i request refunds,check_refund_policy,check_refund_policy,0.9957776385217167
is it possible to place a order from {{Delivery Country}}?,delivery_options,delivery_options,0.9937874629002023
assistance checkingthe termination fees,check_cancellation_fee,check_cancellation_fee,0.9933963524910859
create freemium account,create_account,create_account,0.9916347235976498
modifying info on standard account,edit_account,edit_account,0.9957759145836168
I do not know what I have to do to reset my profile pwd,recover_password,recover_password,0.9894741309836679
can you help me canceling purchase {{Order Number}}?,cancel_order,cancel_order,0.9939278805581341
I expect a refund of {{Currency Symbol}}{{Refund Amount}},track_refund,track_refund,0.9951928577023922
I have to sign up to your corporate newsletter,newsletter_subscription,newsletter_subscription,0.9957029543149591
another pro account,create_account,create_account,0.9786136752329258
anything new on my goddamn reimbursement,track_refund,track_refund,0.9448654113495318
i want help writing a comment for a serrvice,review,review,0.9948367627558669
help me chat with someone,contact_human_agent,contact_human_agent,0.9928928221387077
issues setting my secondary shipping address up,set_up_shipping_address,set_up_shipping_address,0.9965977834259503
question about correcting purchase {{Order Number}},change_order,change_order,0.9884539190522746
tracking order {{Order Number}},track_order,track_order,0.9856079418442345
i have to check the cancellation penalty,check_cancellation_fee,check_cancellation_fee,0.9949787763821866
help me to cancel purchase {{Order Number}},cancel_order,cancel_order,0.9962233574686538
I expect a refund of {{Currency Symbol}}{{Refund Amount}},track_refund,track_refund,0.9951928577023922
need to talk to customer support,contact_customer_service,contact_customer_service,0.9966117049834639
help me to obtain rebates  of money,get_refund,get_refund,0.9963767180411875
where do I lodge a consumer reclamation?,complaint,complaint,0.9954914391206297
I don't know how I can create a {{Account Type}} account for my dad,create_account,create_account,0.9955324265403774
how do I edit some of the details included on my account?,edit_account,edit_account,0.9959680952326454
i want help notifying of a problem with online payments,payment_issue,payment_issue,0.9954946756806816
correct information on Goldaccount,edit_account,edit_account,0.9930461764444053
can I track order {{Order Number}}?,track_order,track_order,0.9935161357523629
I can't see if there is anything wrong with the restitution,track_refund,track_refund,0.9942756108600496
help me update purchase {{Order Number}},change_order,change_order,0.9911799694322226
I need help to check the early exit penalty,check_cancellation_fee,check_cancellation_fee,0.9943767848849211
modifying data on {{Account Category}} account,edit_account,edit_account,0.9969647884991737
I am trying to see in what cases can I ask for refunds,check_refund_policy,check_refund_policy,0.9953869188820907
delieries to {{Delivery City}},delivery_options,delivery_options,0.9945732375766935
could I edit my fucking user?,edit_account,edit_account,0.9860016034265344
wanna give an quick look at my bill #37777 i need assistance,check_invoice,check_invoice,0.9920533147285564
want help to lodge a customer complaint,complaint,complaint,0.9965197584310932
i call to lodge a customer reclamation,complaint,complaint,0.9963329403390643
new {{Account Type}} account for wife,create_account,create_account,0.9955392090031082
i dont know how i can download the invoice from {{Person Name}},get_invoice,get_invoice,0.994535754035216
I am waiting for an refund of {{Currency Symbol}}{{Refund Amount}},track_refund,track_refund,0.9949604554200987
do you have a toll-free number to contact customer support?,contact_customer_service,contact_customer_service,0.9953979209055124
mldifying {{Account Category}} account,edit_account,edit_account,0.9897703523388753
would you give me information about cancelling orders?,cancel_order,cancel_order,0.8870711352215482
I don't know what I have to do to speak to somebody,contact_human_agent,contact_human_agent,0.9906584807666735
I want help asking for an reimbursement,get_refund,get_refund,0.9889200466986813
I do not know what to do to download the bill #00108,get_invoice,get_invoice,0.993393403865601
modifying {{Account Category}} account,edit_account,edit_account,0.989548003033422
wanna earn an article i need asisstance,place_order,place_order,0.9875748015721072
where to see order {{Order Number}} status?,track_order,track_order,0.9971720950650164
I need help seeing in which cases can I ask for a refund,check_refund_policy,check_refund_policy,0.9951165949813227
"I need to use the platinum profile, can you help me?",switch_account,switch_account,0.9928661790697025
I need to purchase some bloody products,place_order,place_order,0.9907745646584895
i have to check in what cases can i ask for reimbursements,check_refund_policy,check_refund_policy,0.9952298651610721
reporting issues with payments,payment_issue,payment_issue,0.9964172504880642
I don't know what to do to download thr invoice #12588,get_invoice,get_invoice,0.9931633380163375
wanna look for bill #85632,check_invoice,check_invoice,0.9936623627860137
i want help setting up a new shipping address,set_up_shipping_address,set_up_shipping_address,0.9960015583249363
want assistance informing of sign-up errors,registration_problems,registration_problems,0.9942704121298872
i dont know what i have to do to look for the bill #37777,check_invoice,check_invoice,0.9927702281961243
how acn i get information about forgotten access keys,recover_password,recover_password,0.9919697092169232
i want assistance to shop a product,place_order,place_order,0.9935140757529769
is it possible to place a order from {{Delivery Country}}?,delivery_options,delivery_options,0.9937874629002023
i do not know how i can see the early exit penalties,check_cancellation_fee,check_cancellation_fee,0.9923065085710615
I am trying to see your reimbursement policy,check_refund_policy,check_refund_policy,0.9950039893233775
I need assistance checking the available payment options,check_payment_methods,check_payment_methods,0.9948325017360525
I want to check my restitution status,track_refund,track_refund,0.995246572851661
can I see the bills from {{Person Name}}?,check_invoice,check_invoice,0.9923619063043093
correct info on {{Account Type}} account,edit_account,edit_account,0.9954775951150766
I need assistance to locate order {{Order Number}},track_order,track_order,0.9931092698758669
can i check under which circumstances can i request a refund,check_refund_policy,check_refund_policy,0.9949380775836468
what do i need to do to restore my user profile access  key,recover_password,recover_password,0.9944276738176997
how can I download the invoices from {{Person Name}}?,get_invoice,get_invoice,0.9947431207879078
I don't know what I need to do to contact a live agent,contact_human_agent,contact_human_agent,0.991407486913857
problems with {{Account Category}} account deletions,delete_account,delete_account,0.9953446288132822
how do I check purchase {{Order Number}} current status?,track_order,track_order,0.9966930249826907
I need to inform of a sign-up problem,registration_problems,registration_problems,0.9953748248335706
how do I see what shipping methods you offer?,delivery_options,delivery_options,0.9945656776072869
i try to open a  standard account,create_account,create_account,0.9954584608449647
I have a problem updating the delivery address,change_shipping_address,change_shipping_address,0.996363589183585
i try to inform of a truble with payment,payment_issue,payment_issue,0.9961369616567796
how to see the status of my restitution,track_refund,track_refund,0.9950644350991471
could i get in touchwith customer service,contact_customer_service,contact_customer_service,0.9919503530148508
i need assistance to talk to somebody,contact_human_agent,contact_human_agent,0.992901061664492
"I would like to shop some of your product, how to do it?",place_order,place_order,0.9913154598729443
want assistance to retrieve the pin code of my user profile,recover_password,recover_password,0.9959761018189474
where can i make a consumer claim against ur organization,complaint,complaint,0.9952726689145428
where to ese how long the delivery takes,delivery_period,delivery_period,0.9944176734436017
I need assistance to see the withdrawal fees,check_cancellation_fee,check_cancellation_fee,0.9940834425911405
assistance to make a customer claim agaisnt ur organization,complaint,complaint,0.9958753309044758
edit information on freemium account,edit_account,edit_account,0.9957610957277847
ordr several of ur product,place_order,place_order,0.9924375950753092
help checking at what time I can call customer support,contact_customer_service,contact_customer_service,0.9945143105430706
can i place an order from {{Delivery City}},delivery_options,delivery_options,0.9948886646792262
how do I see how long it takes for  the item to arrive?,delivery_period,delivery_period,0.9942456496915894
where can i switch to  the {{Account Category}} account,switch_account,switch_account,0.9962252292387256
using freemium accouny,switch_account,switch_account,0.9937252722081155
how can i check ur accepted payment options,check_payment_methods,check_payment_methods,0.9963399854307761
I am trying to check in which cases can I request a refund,check_refund_policy,check_refund_policy,0.9952798839131645
I expect a goddamn restitution of {{Currency Symbol}}{{Refund Amount}},track_refund,track_refund,0.9949592415499381
I need assistance to enter another shipping address,set_up_shipping_address,set_up_shipping_address,0.9954275135038504
i cant edit order {{Order Number}},change_order,change_order,0.9935641623473873
switching to {{Account Type}} account,switch_account,switch_account,0.9949603454173395
can you help me seeing the withdrawal penalty?,check_cancellation_fee,check_cancellation_fee,0.9939323288275567
assistance to see what hours i can call customer service,contact_customer_service,contact_customer_service,0.9953178432068147
i cannot see the eta of order {{Order Number}},track_order,track_order,0.9963255447120344
what is the shipping period for mt package,delivery_period,delivery_period,0.9953786800863309
I have to edit my delivery address,change_shipping_address,change_shipping_address,0.9948797017740415
have a question about cancelling order {{Order Number}},cancel_order,cancel_order,0.994220143113826
how do I notify of issues with registrations ?,registration_problems,registration_problems,0.9952523235207814
I need help to get in touch with customer support,contact_customer_service,contact_customer_service,0.9938535216794068
where to ask for a rebate of my money,get_refund,get_refund,0.9971853947562406
help me to check the current status of the compensation,track_refund,track_refund,0.9913324641740493
I have a question about a forgotten access key,recover_password,recover_password,0.9930133583191288
where do I make a consumer claim against your business?,complaint,complaint,0.9951058741855302
I don't know what I have to do to wsitch to the {{Account Type}} account,switch_account,switch_account,0.9906426490747448
i try to get the inovice #00108,get_invoice,get_invoice,0.993966268124566
need assistance reporting payment erroors,payment_issue,payment_issue,0.9936129321897375
i have to use the standard account i need help,switch_account,switch_account,0.9897040881731148
where to report an error with a signup?,registration_problems,registration_problems,0.9957013825402875
I try to see in what cases can I ask for a refund,check_refund_policy,check_refund_policy,0.99568567045975
I'm waiting for a reimbursement of 160dollars,track_refund,track_refund,0.9942937963024758
withrdawal penalty,check_cancellation_fee,check_cancellation_fee,0.9909613582948801
shipments to {{Delivery City}},delivery_options,delivery_options,0.9954589618152707
help me see how soon can i expect the parcel,delivery_period,delivery_period,0.9950810896997561
is it possible to talk to customer support?,contact_customer_service,contact_customer_service,0.9946198066360866
I want assistyance deleting my standard account,delete_account,delete_account,0.9953086868126547
I do not know how to order a few of your article,place_order,place_order,0.9937901722957028
i do not know how to cancel order {{Order Number}},cancel_order,cancel_order,0.9955530500372513
can I get my bill #12588?,get_invoice,get_invoice,0.993461211381982
"I have to see the early exit fee, I need help",check_cancellation_fee,check_cancellation_fee,0.9921645595362092
I have got to make a customer claim against your business,complaint,complaint,0.9954555857241331
help me lodge a customer reclamation against ur company,complaint,complaint,0.996867675022253
question about canceling purchase {{Order Number}},cancel_order,cancel_order,0.9946908114126308
need help receiving the company newsletter,newsletter_subscription,newsletter_subscription,0.9964244706100905
correct details on {{Account Type}} account,edit_account,edit_account,0.9957839023826353
check invoice #12588,check_invoice,check_invoice,0.9953989986849217
can you help me to download my invoice #37777?,get_invoice,get_invoice,0.9949261904627242
i need assistance checking what methods for delivery i have,delivery_options,delivery_options,0.9937939702436406
I want help cancelling my newsletter subscription,newsletter_subscription,newsletter_subscription,0.9936906572000384
edit information on gold account,edit_account,edit_account,0.995909303801728
I want help to see the cancellation penalty,check_cancellation_fee,check_cancellation_fee,0.9950313338870255
how do i create a {{Account Category}} account,create_account,create_account,0.9953300760194296
i have a problem with the deletion of my {{Account Type}} account,delete_account,delete_account,0.9969972794888781
i have got to locte order {{Order Number}},track_order,track_order,0.765896184303774
do you shp to {{Delivery City}}?,delivery_options,delivery_options,0.9949659366284876
"I want to check the fucking withdrawal fee, how can I do it?",check_cancellation_fee,check_cancellation_fee,0.9857236029004302
"I don't want to talk to a bot, direct to me a human agent",contact_human_agent,contact_human_agent,0.9934653495069866
check in what situations can I ask for reimbursements,check_refund_policy,check_refund_policy,0.9956251503076841
I need help shoppimg several items,place_order,place_order,0.9916813520693447
I don't know how I can download my invoice #85632,get_invoice,get_invoice,0.993010380265793
"I don't want my {{Account Type}} account, how could I close it?",delete_account,delete_account,0.9900964010785064
what do i need to do to create a {{Account Type}} account,create_account,create_account,0.9951711302224505
i dont know what i have to do to look for the bill #00108,check_invoice,check_invoice,0.9927366535156459
assistance seeing ur money back guarantee,check_refund_policy,check_refund_policy,0.992972455832997
want help to see the eta of purchase {{Order Number}},track_order,track_order,0.9963820701798117
I do not know how to reset my user password,recover_password,recover_password,0.994324186172586
correcting information on premium account,edit_account,edit_account,0.9946882547225552
support correcting my delivery address,change_shipping_address,change_shipping_address,0.996043519107641
i dont know what i need to do to download the invoice #00108,get_invoice,get_invoice,0.9932125656891514
I want help to see in what cases can I ask to be refunded,check_refund_policy,check_refund_policy,0.9946260353396843
how to see what shipment options are available?,delivery_options,delivery_options,0.9939660350902096
I need help to notify of a trouble with payment,payment_issue,payment_issue,0.9958818003278623
find my bill from {{Person Name}},check_invoice,check_invoice,0.9915920514433999
"I have to acquire a bloody item, I need assistance",place_order,place_order,0.9867080645803453
assistance to check the current status of order {{Order Number}},track_order,track_order,0.9969663400425932
can you tell me more about changing my address?,change_shipping_address,change_shipping_address,0.9950532042569868
need to locate the bill #12588 can uhelp me,check_invoice,check_invoice,0.9897917993053724
"I can't open a user , want help reporting a signup problem",registration_problems,registration_problems,0.9937880523320824
help to pseak to customer support,contact_customer_service,contact_customer_service,0.9959757713417808
"I have entered a wrong shipping address, I want to modify it",change_shipping_address,change_shipping_address,0.9955095884408048
I am trying to se how long the shipment takes,delivery_period,delivery_period,0.9938567928842712
i dont know what to do to report troubles with payments,payment_issue,payment_issue,0.9943248362062307
"I have entered a wrong fucking delivery address, correct it",change_shipping_address,change_shipping_address,0.9940010262014695
wanna notify of errors with sign-up,registration_problems,registration_problems,0.9939014563764262
i have got toedit the address,change_shipping_address,change_shipping_address,0.995512309799312
can you help me requesting compensations?,get_refund,get_refund,0.993597777172477
wanna place an order can ya help me,place_order,place_order,0.9548840740014981
getting bill from {{Person Name}},get_invoice,get_invoice,0.992368796898414
I want help to check what shipping methods are there,delivery_options,delivery_options,0.9950117212358144
Iwant assistance to leave my feedback,review,review,0.9955976383978212
can uhelp me ot check the goddamn early exit penalties,check_cancellation_fee,check_cancellation_fee,0.9895211983922644
help me to check if there is anything new on the restitution,track_refund,track_refund,0.9954211776540353
order {{Order Number}} current status,track_order,track_order,0.9940657436971424
i need assistance creating a {{Account Type}} account for my dad,create_account,create_account,0.9966982252208311
help  with cancelling order {{Order Number}},cancel_order,cancel_order,0.9955173547366654
where to unsubscribe from the corporate newsletter,newsletter_subscription,newsletter_subscription,0.9964934213078577
assistance orderint some articles,place_order,place_order,0.9887343053102587
where do I check my last purchase estimated time of arrival?,track_order,track_order,0.8456104602147185
notify of fucking payment issues,payment_issue,payment_issue,0.9937980430182064
help me give a quick look at my bill #12588,check_invoice,check_invoice,0.9950042809208739
I want help to cancel purchase {{Order Number}},cancel_order,cancel_order,0.9962775326524372
I need help to report problems with a registration,registration_problems,registration_problems,0.9950046822013743
i do not know how i can download my bills from {{Person Name}},get_invoice,get_invoice,0.9936059905707278
"I ain't registered, I have got to open a {{Account Type}} account",create_account,create_account,0.996112088693553
need help making an customer complaint against your business,complaint,complaint,0.9952826973457684
help making a consumer claim against your organization,complaint,complaint,0.9950458181106544
update info on premium account,edit_account,edit_account,0.9958317696932774
how to inform of a payment error?,payment_issue,payment_issue,0.9961476246796628
wanna edit order {{Order Number}},change_order,change_order,0.9942882008609074
"I need to check the termination charge, can you help me?",check_cancellation_fee,check_cancellation_fee,0.9928409743527086
updating address,change_shipping_address,change_shipping_address,0.9889481012365321
I don't know how I can earn an article,place_order,place_order,0.9905383736235182
open another {{Account Type}} account,create_account,create_account,0.9950466261366268
help me file a claim agazinst ur company,complaint,complaint,0.9949262119161983
i cant see if there are any updates on the refund,track_refund,track_refund,0.9947371394937768
help me making a complaint against  your company,complaint,complaint,0.9946967124314443
I want help reporting payment problems,payment_issue,payment_issue,0.9942478126689065
I need assistance to make a consumre reclamation,complaint,complaint,0.9941990707608656
making claim against ur company,complaint,complaint,0.994388394377299
open a {{Account Type}} account,create_account,create_account,0.9949577714470411
I do not know how I can locate my bills from {{Person Name}},check_invoice,check_invoice,0.9916556802905813
I expect a rebate of {{Currency Symbol}}{{Refund Amount}},track_refund,track_refund,0.9949148200593066
getting invoice from three purchases ago,get_invoice,get_invoice,0.9931120213208754
I need help with canceling purchase {{Order Number}},cancel_order,cancel_order,0.995122033428006
need assistance getting the invoice #12588,get_invoice,get_invoice,0.9949351589192829
help me to see the goddamn delivery options,delivery_options,delivery_options,0.989416327787231
need help with cancelliing order {{Order Number}},cancel_order,cancel_order,0.9867788860059049
i want help retrieving my pin code,recover_password,recover_password,0.9946623253478073
is it plssible to order from {{Delivery Country}}?,delivery_options,delivery_options,0.9934958779045
"the payment failed, I want assistance to notify of a problem",payment_issue,payment_issue,0.9947028455879706
see invoicefrom {{Person Name}},check_invoice,check_invoice,0.9905888097202338
I don't know how to change to the standard account,switch_account,switch_account,0.9944651609787999
want help sending feedback about a service,review,review,0.9956168708825403
i have a problem with the cancellation of a freemium account,delete_account,delete_account,0.9960018470500497
what is order {{Order Number}} current status,track_order,track_order,0.9964449389155711
I call to see the shipping methods,delivery_options,delivery_options,0.9954015876411152
"my address has changed, could you help me changing it?",change_shipping_address,change_shipping_address,0.9865424022579884
wanna receive ur company newsletter how do i do it,newsletter_subscription,newsletter_subscription,0.9931462111224739
how to see the withdrawal penalty?,check_cancellation_fee,check_cancellation_fee,0.995174566865091
editing {{Account Category}} account,edit_account,edit_account,0.987304701335297
i want help notifying of signup errors,registration_problems,registration_problems,0.994103664914637
changing details on freemium account,edit_account,edit_account,0.9937854428177474
can i see the cancellation penatlies,check_cancellation_fee,check_cancellation_fee,0.9908968211802117
how can I reset my profile pass?,recover_password,recover_password,0.9932413705280784
how can i contact a operator,contact_human_agent,contact_human_agent,0.992583869464498
ya have a section to send a comment for ur services,review,review,0.9955021437874573
hepp seeing the bill from {{Person Name}},check_invoice,check_invoice,0.9937898342361011
filing customer complaint against your company,complaint,complaint,0.996323943475824
I expect a refund of {{Refund Amount}} dollars,track_refund,track_refund,0.9956864149387085
help me obtaining a rebate of money,get_refund,get_refund,0.9949091129308189
"I need to see in which cases can I request refunds, help me",check_refund_policy,check_refund_policy,0.9953336049613563
where can I purchase several of your product?,place_order,place_order,0.9946603277304877
I need assistance to create a standard account,create_account,create_account,0.9953247256168405
I need assistance to delete my pro account,delete_account,delete_account,0.9954582113837516
shipmetns to {{Delivery City}},delivery_options,delivery_options,0.9956266826438793
would it be possible to recover my profile PIN code?,recover_password,recover_password,0.9911084182118636
check the ETA of purchase {{Order Number}},track_order,track_order,0.9964041473573645
I can't pay for purchase {{Order Number}},cancel_order,cancel_order,0.9792425199750695
what do i have to do to make a consumer compoaint,complaint,complaint,0.9911197972051591
help to cancel order {{Order Number}},cancel_order,cancel_order,0.9965506277925603
wanna track purchase {{Order Number}} will ya help me,track_order,track_order,0.9924274114188195
I don't know how I can check the withdrawal fees,check_cancellation_fee,check_cancellation_fee,0.9923882576340354
i want assistance to check how soon can i expect my item,delivery_period,delivery_period,0.9946610309373515
order 113542617735902current status,track_order,change_order,0.4696446520704162
help me see what shipping methods are there,delivery_options,delivery_options,0.9956694562972852
where to leave a fucking comment for your products?,review,review,0.9931671945540873
how to sedn feedback about a service?,review,review,0.9948223533293025
help me obtain a reimbursement,get_refund,get_refund,0.9934456826956514
I need help to check the bloody allowed payment options,check_payment_methods,check_payment_methods,0.9926572103297288
is it possible to place an order from {{Delivery City}},delivery_options,delivery_options,0.9923762243527913
"I would like to track the reimbursement, how could I do it?",track_refund,track_refund,0.9834108457540776
I want help entering the shipping address,set_up_shipping_address,set_up_shipping_address,0.9956140538304666
need assistance cancelling purchase {{Order Number}},cancel_order,cancel_order,0.9938667439195604
I'd like to recover the key of my user account,recover_password,recover_password,0.9950606105565495
"I can't make a transfer, help to inform of a payment error",payment_issue,payment_issue,0.9948849396471546
help me set up my goddamn shipping address,set_up_shipping_address,set_up_shipping_address,0.9952508844471767
I don't know what I need to do to contact an operator,contact_human_agent,contact_human_agent,0.9907916854660471
i dont know how i can inform of sign-up problems,registration_problems,registration_problems,0.9925609140645427
i want help to see ur allowed payment modalities,check_payment_methods,check_payment_methods,0.9956023239901893
how to request reimbursements of my money,get_refund,get_refund,0.995971264368591
is it possible to order from {{Delivery Country}},delivery_options,delivery_options,0.992616119064213
can I open a gold account for my daughter?,create_account,create_account,0.9957749910690091
wanna use the premium account,switch_account,switch_account,0.993054125205835
wanna switch to th {{Account Category}} account could uhelp me,switch_account,switch_account,0.9890155607840986
I need help seeing what hours I can call customer service,contact_customer_service,contact_customer_service,0.9947233651485834
I don't know what I need to do to check the shipment options,delivery_options,delivery_options,0.9924289394329028
is it possible to speak to someone ?,contact_human_agent,contact_human_agent,0.9901503813155208
i want assistance to restore my user account key,recover_password,recover_password,0.9948828111272853
i have to change something of oirder {{Order Number}} i need help,change_order,change_order,0.9948915643434711
want help to talk to customer service,contact_customer_service,contact_customer_service,0.9964620339290541
can I sign up to the company newsletter?,newsletter_subscription,newsletter_subscription,0.9966246497265452
I need help submitting my secondary shipping address,set_up_shipping_address,set_up_shipping_address,0.9967345455729081
I can't sign up to your goddamn company newsletter,newsletter_subscription,newsletter_subscription,0.9937747980115077
need to check the bill from {{Person Name}},check_invoice,check_invoice,0.9944639079572593
i needhelp to get my invoices from {{Person Name}},get_invoice,get_invoice,0.9955225901064408
i dont know how to ask for compensations of money,get_refund,get_refund,0.9963215344408738
assistance to check in which cases can i request a refund,check_refund_policy,check_refund_policy,0.9953553704493453
would it be possible to talk with someone?,contact_human_agent,contact_human_agent,0.9878432433900165
need help  seeing how long the shipment takes,delivery_period,delivery_period,0.9935536549171764
want help to submit another shipping address,set_up_shipping_address,set_up_shipping_address,0.995979495657244
I need assistance trying to change the delivery address,change_shipping_address,change_shipping_address,0.9961700212784175
i have problems with my pwd recovery,recover_password,recover_password,0.9917748290655032
"I have to check the early exit fees, help me",check_cancellation_fee,check_cancellation_fee,0.9937569927737772
itry to swap several damn products of order {{Order Number}},change_order,change_order,0.9929989537718921
help to check how long it takes for the product to arrive,delivery_period,delivery_period,0.9952353617456415
how can i see at what time i can call customer assistance,contact_customer_service,contact_customer_service,0.9941547951738859
I need help to chat with a live avent,contact_human_agent,contact_human_agent,0.9929712456100112
want assistance to get my invoices from {{Person Name}},get_invoice,get_invoice,0.994867770928615
tell me about cancel the corporate newsletter subscription,newsletter_subscription,newsletter_subscription,0.996892770351908
help updating order {{Order Number}},change_order,change_order,0.9939297126441383
I want help trying to correct the address,change_shipping_address,change_shipping_address,0.9966535937257454
can uhelp me changing to the standard account,switch_account,switch_account,0.9922018696155724
have a problem with creating my platinum account,create_account,create_account,0.9950360919179936
how do I see the status of the reimbursement?,track_refund,track_refund,0.9940318158190496
my delivery address has changed correct it,change_shipping_address,change_shipping_address,0.9951456708894609
delete article from order {{Order Number}},change_order,change_order,0.992297860891787
i do not know how i can correct my delivery address,change_shipping_address,change_shipping_address,0.9935607080670991
i have got to see in which cases can i request my money back,check_refund_policy,check_refund_policy,0.994954396761562
I need to file a customer claim against your organizaion,complaint,complaint,0.9962256117638487
i dont know how i can see the termination penalties,check_cancellation_fee,check_cancellation_fee,0.9931457223642904
I have a problem setting the secondary shipping address up,set_up_shipping_address,set_up_shipping_address,0.9970094764130725
I don't know how I could change to the {{Account Type}} account,switch_account,switch_account,0.9934013107733262
tell me about a delivery address change,change_shipping_address,change_shipping_address,0.9968775435112801
can you help me seeing the accepted payment options?,check_payment_methods,check_payment_methods,0.996167035005841
where to check  the termination fee?,check_cancellation_fee,check_cancellation_fee,0.9950601255560613
help checking the current status of the restitution,track_refund,track_refund,0.9905743134494381
what do I need to do to check the withdrawal fees?,check_cancellation_fee,check_cancellation_fee,0.9926913537238802
need assistance to list your avaialble payment options,check_payment_methods,check_payment_methods,0.9948386147978782
wanna report issues with online pahment,payment_issue,payment_issue,0.9798238116532533
need help to send some feedabck about ur products,review,review,0.9908501284082952
I want assistance to check your allowed payment options,check_payment_methods,check_payment_methods,0.9957135862671397
need assistance entering the secondary shipping address,set_up_shipping_address,set_up_shipping_address,0.9967975502417378
i cannot set up  the delivery address,set_up_shipping_address,set_up_shipping_address,0.9953181026929583
I call to make a customer complaint,complaint,complaint,0.9959886127965557
how can i get information about the delivery period,delivery_period,delivery_period,0.9872886839121554
could I check in which cases can I ask to be reimbursed?,check_refund_policy,check_refund_policy,0.9940346907073353
"I no longer need the user, can I remove it?",delete_account,delete_account,0.9799722891902142
is it possible to check what shipping methods I have?,delivery_options,delivery_options,0.9934166819409684
where to know if there is anything new on the rebate,track_refund,track_refund,0.9945052522674533
what is order {{Order Number}} status,track_order,track_order,0.9967704155991394
I want help to set a different shipping address up,set_up_shipping_address,set_up_shipping_address,0.9961844451955387
lcate order {{Order Number}},track_order,track_order,0.5583652646844254
"I want to  use the {{Account Category}} profile, help me",switch_account,switch_account,0.9957491735714742
can ya help me using the premium profile,switch_account,switch_account,0.9939453991744648
I am trying to request compensations of money,get_refund,get_refund,0.9958249868345731
what do i need to do to see the invoice #37777,check_invoice,check_invoice,0.99165935978042
i need assistance acquiring some rpoducts,place_order,place_order,0.9910275826061143
need assistance to get my invoice #85632,get_invoice,get_invoice,0.9946480686131265
could you help me to see the withdrawal charges?,check_cancellation_fee,check_cancellation_fee,0.99333848227267
speak to live agent,contact_human_agent,contact_human_agent,0.994413523041702
talk with an operator,contact_human_agent,contact_human_agent,0.9939393966037412
I do not know wha to do to unsubscribe from the newsletter,newsletter_subscription,newsletter_subscription,0.9936762265688309
need help setting another shipping address up,set_up_shipping_address,set_up_shipping_address,0.995751510964856
I need help to find my invoice #12588,check_invoice,check_invoice,0.9951310094997927
do you have a free  phone number to call customer support?,contact_customer_service,contact_customer_service,0.9950295910743484
i want assiswtance to find the bills from {{Person Name}},check_invoice,check_invoice,0.9947322808814193
i need help rstoring the key of my profile,recover_password,recover_password,0.9924449702737063
need to use the {{Account Type}} profioe can ya help me,switch_account,switch_account,0.9949243460220246
have a question about the forgottem PIN,recover_password,recover_password,0.9884425650007685
i cannot talk with a operator,contact_human_agent,contact_human_agent,0.9926223115083966
can ya help me update my delivery address,change_shipping_address,change_shipping_address,0.9964120673735385
"I need to see what shipment options are available, help me",delivery_options,delivery_options,0.9934005930373525
wanna see bill #37777,check_invoice,check_invoice,0.9929687972095876
assistance notifying of a signup problem,registration_problems,registration_problems,0.9946128944952433
can uhelp me to order some of ur item,place_order,place_order,0.9931002543710973
I have got to enter my new delivery address,set_up_shipping_address,set_up_shipping_address,0.9972637210859002
where to see what delivery options uoffer,delivery_options,delivery_options,0.994372117999783
how can I speak with an agent?,contact_human_agent,contact_human_agent,0.9946782649341475
I do not know how to open a damn freemium account,create_account,create_account,0.9904150380258301
i expect a restitution of {{Refund Amount}} dollars,track_refund,track_refund,0.9964982955423128
i have to see the delivery options how do i do it,delivery_options,delivery_options,0.9909826818152329
rebate  {{Currency Symbol}}{{Refund Amount}},get_refund,get_refund,0.9929799750767527
"I forgot the bloody key of my account, where to retrieve it?",recover_password,recover_password,0.9944480979566906
I cannot restore my user account pwd,recover_password,recover_password,0.9951066297137269
assistance to chat with a person,contact_human_agent,contact_human_agent,0.9946623848657327
how do i find my invoice #00108,check_invoice,check_invoice,0.9943774117208658
where can I demand a refund?,get_refund,get_refund,0.9943484861982363
"I am unhappy with your services, how do I lodge a complaint?",complaint,complaint,0.9941621258031318
where to change to the pro account,switch_account,switch_account,0.9964840615736973
can I speak with somebody?,contact_human_agent,contact_human_agent,0.994075780390828
i dont knowwhat to do to submit some feedback for a product,review,review,0.9934330037980539
what do I need to do to make a consumer complaint?,complaint,complaint,0.9938063388499471
can I remove a freemium account?,delete_account,delete_account,0.9928302530069569
updating info on pro account,edit_account,edit_account,0.9968545440100106
how can I receive your fucking company newsletter?,newsletter_subscription,newsletter_subscription,0.9942346403289611
help submitting my feedback about your company,review,review,0.9959400109844418
is it possible to locate the bill #37777?,check_invoice,check_invoice,0.9882747583722299
I call to check how long it takes for my parcel to  arrive,delivery_period,delivery_period,0.9951813058082886
I need assistance closing a freemium account,delete_account,delete_account,0.9923260997146381
i need assistance listing ur accepted payment modalities,check_payment_methods,check_payment_methods,0.9952899947272954
how to see what shipment options I can choose?,delivery_options,delivery_options,0.9955675659586332
where can i check how soon can i expect my product,delivery_period,delivery_period,0.995581634619657
i dont know what i need to do to change to the {{Account Type}} account,switch_account,switch_account,0.9945203177723286
whta do i need to do to change to the damn gold account,switch_account,switch_account,0.9917637639510062
I need assistance seeing purchase {{Order Number}} status,track_order,track_order,0.9941528171656344
I want assistance to talk with an assistant,contact_human_agent,contact_human_agent,0.9932749374610769
I do not want purchase {{Order Number}},cancel_order,cancel_order,0.9798794170909649
i cant retrieve my account eky,recover_password,recover_password,0.9936107312385595
open {{Account Type}} account,create_account,create_account,0.9929332389672014
i need assistance  reporting issues with signup,registration_problems,registration_problems,0.9946188132882717
want help restoring the pin code of my user,recover_password,recover_password,0.9961197306084459
in which cases can I ask for my money back?,check_refund_policy,check_refund_policy,0.9908538144901008
can you help me seeing what payment methods are allowed?,check_payment_methods,check_payment_methods,0.995155821527618
I need assistance to unsubscribe to the corporate newsletter,newsletter_subscription,newsletter_subscription,0.9964575724120112
give me information about changing my address,change_shipping_address,change_shipping_address,0.9916171238736421
setting new shipping address up,set_up_shipping_address,set_up_shipping_address,0.9959054400546795
help me checking at what time i can reach customer support,contact_customer_service,contact_customer_service,0.9943803965164615
I am trying to submit my secondary delivery addrerss,set_up_shipping_address,set_up_shipping_address,0.9963502707038218
help me check the eta of the order {{Order Number}},track_order,track_order,0.9967899993792614
"I need to check the payment modalities, can you help me?",check_payment_methods,check_payment_methods,0.9931217008340627
help me check in which cases can I request a refund,check_refund_policy,check_refund_policy,0.9958141950889489
help me deleting an item from purchase {{Order Number}},change_order,change_order,0.9939983808573043
I try to purchase some articles,place_order,place_order,0.9940957064272151
how to cancel the subscription to ur corporate newsletter,newsletter_subscription,newsletter_subscription,0.99759988363469
new {{Account Type}} acount for wife,create_account,create_account,0.99541520324089
I need help seeing how long refunds usually take,check_refund_policy,check_refund_policy,0.9935668009826367
"I have to list your accepted payment methods, I need help",check_payment_methods,check_payment_methods,0.995627836352127
i want assistance to notify of a issue with payments,payment_issue,payment_issue,0.995253790415633
i dont know what i have to do to delete my platinum account,delete_account,delete_account,0.9941257964833596
assistance seeing ur accepted payment modalities,check_payment_methods,check_payment_methods,0.9960767890076104
I am trying to find my invoices from {{Person Name}},check_invoice,check_invoice,0.9943830842059055
problem with a pro account removal,delete_account,delete_account,0.9955435276848642
I don't know how I can submit feedback for your products,review,review,0.9939605041050208
"I need to leave feedback about your company, how do I do it?",review,review,0.9945070802316578
I would like to change to the {{Account Type}} account,switch_account,switch_account,0.994243838145913
I need assistance with opening my gold account,create_account,create_account,0.9948451552309775
I want information about a delivery address correction,change_shipping_address,change_shipping_address,0.9962810671320464
I would like to track the restitution,track_refund,track_refund,0.9898003890536144
I do not know how to see the available payment modalities,check_payment_methods,check_payment_methods,0.9953863500089857
updatikng data on platinum account,edit_account,edit_account,0.9960900654246143
hsipping to {{Delivery Country}},delivery_options,delivery_options,0.9942327043814562
can you help me check bill #12588?,check_invoice,check_invoice,0.9934928817165384
how to unsubscribe from your company newsletter?,newsletter_subscription,newsletter_subscription,0.9958527096366462
help me edit purchase {{Order Number}},change_order,change_order,0.9938140629964954
I need assistance to recover my user profile PIN code,recover_password,recover_password,0.9954853408503471
how can I check the withdrawal charges?,check_cancellation_fee,check_cancellation_fee,0.9947579663968927
I can no longer pay for purchase {{Order Number}},cancel_order,cancel_order,0.9940990232661759
I do not know what I need to do to get a reimbursement,get_refund,get_refund,0.9868981046231659
send me my bill from {{Person Name}},get_invoice,get_invoice,0.9909623561567154
I'm trying to see at what time i can call customer support,contact_customer_service,contact_customer_service,0.9949541862949438
what do I need to do to order several of your item?,place_order,place_order,0.9934866234823816
edit details on {{Account Type}} account,edit_account,edit_account,0.9964753408593486
can uhelp me resetting the access key of my user profile,recover_password,recover_password,0.9946351936976722
I need assistance changing to the {{Account Category}} account,switch_account,switch_account,0.9938489798027786
I do not know what I need to do to download bill #37777,get_invoice,get_invoice,0.9919470735377526
where can I sign up to the corporate newsletter?,newsletter_subscription,newsletter_subscription,0.9965029979311346
i want assistance to use the standard account,switch_account,switch_account,0.9932867582065867
want help shopping several of your item,place_order,place_order,0.9945140566270755
correcting data on freemium account,edit_account,edit_account,0.9954292786447255
"I am looking for the delivery options, can you help me?",delivery_options,delivery_options,0.9916145719435218
do you have a method to leave an opinion for your services?,review,review,0.9951166035872822
making complaint against your organization,complaint,complaint,0.9940851009636594
I call to get my bills from {{Person Name}},get_invoice,get_invoice,0.9952988328135239
I cannot find the withdrawal penalty,check_cancellation_fee,check_cancellation_fee,0.9943962411819548
can you help me changing purchase {{Order Number}}?,change_order,change_order,0.9897659277612477
can I speak with a person?,contact_human_agent,contact_human_agent,0.9947105014941008
editing freemium  account,edit_account,edit_account,0.9880531936595434
problem with gold account terminations,delete_account,delete_account,0.9931885137311439
modifying purchase {{Order Number}},change_order,change_order,0.9855086240179031
I have to buy a product,place_order,place_order,0.9936531138594571
i have a problem with opening a {{Account Category}} account,create_account,create_account,0.995514702688832
I need assistance to download my bill from {{Person Name}},get_invoice,get_invoice,0.9953166389359368
rebating {{Refund Amount}} dollars,get_refund,get_refund,0.9947417255598934
what do I have to do to unsubscribe to your newsletter?,newsletter_subscription,newsletter_subscription,0.995488127412699
where can I make a customer claim against your organization?,complaint,complaint,0.9961343673665524
see invoicefrom {{Person Name}},check_invoice,check_invoice,0.9905888097202338
i do not know how i can enter a delivery address,set_up_shipping_address,set_up_shipping_address,0.9921661673240445
need assistance withcanceling purchase {{Order Number}},cancel_order,cancel_order,0.9907059157275975
"I cannot make a transfer, how to notify of a payment issue?",payment_issue,payment_issue,0.9942607349754814
information about my forgotten PIN code,recover_password,recover_password,0.9948508404842272
need help to check what horus I can contact customer service,contact_customer_service,contact_customer_service,0.9942284925959078
help me see the damn early exit fee,check_cancellation_fee,check_cancellation_fee,0.9924478265649355
I am trying to report signup problems,registration_problems,registration_problems,0.9945145053859464
"I want to see the withdrawal fees, how can I do it?",check_cancellation_fee,check_cancellation_fee,0.9921467839439574
check status of order {{Order Number}},track_order,track_order,0.9955019715061278
need assistance trying to change the address,change_shipping_address,change_shipping_address,0.9928635019477153
I try to see what hours I can contact customer service,contact_customer_service,contact_customer_service,0.9953618974085611
i have to see how long refunds take,check_refund_policy,check_refund_policy,0.9947506661913773
is it possible to inform of a problem with registrations?,registration_problems,registration_problems,0.9930839811430711
I do not know what to do to check my bill from {{Person Name}},check_invoice,check_invoice,0.9928355931616871
I want to chat with an assistant,contact_human_agent,contact_human_agent,0.9932948111299845
"I would like to close my gold account, help me",delete_account,delete_account,0.9915798633987448
I don't know how to change the shipping address,change_shipping_address,change_shipping_address,0.9935013778649869
can ya help me to see what shipment options i can choose,delivery_options,delivery_options,0.9943597902145672
tell me what hours I can get in touch with customer service,contact_customer_service,contact_customer_service,0.9940939131264729
i want help to see what payment methods uaccept,check_payment_methods,check_payment_methods,0.9957468322703793
help me to delete an item from order {{Order Number}},change_order,change_order,0.9947247197025936
I am waiting for a refund of {{Currency Symbol}}{{Refund Amount}},track_refund,track_refund,0.9949538038290474
need assistance to report a problem with signup,registration_problems,registration_problems,0.9945220812558248
hwlp me remove the {{Account Category}} account,delete_account,delete_account,0.9951280323743482
I have to notify of an issue with sign-up,registration_problems,registration_problems,0.9943991559075304
want help to see how soon can i expect the package,delivery_period,delivery_period,0.9949283438669725
i dont know how to modify the data included on my profile,edit_account,edit_account,0.993435839942982
can you help me receiving refunds?,get_refund,get_refund,0.9910379854455466
can ya help me get reimbursements,get_refund,get_refund,0.9850598270958028
modify data on {{Account Category}} account,edit_account,edit_account,0.9966059163760712
i have an issue with my signup,registration_problems,registration_problems,0.9952048726249746
how to open a {{Account Type}} account for my dad?,create_account,create_account,0.9969459192315155
I want assistance to speak to a fucking live agent,contact_human_agent,contact_human_agent,0.9909541275621193
how to see your allowed payment methods?,check_payment_methods,check_payment_methods,0.9963906320358777
where could I check the current status of the compensation?,track_refund,track_refund,0.9895400630574024
how can I give a quick look at my bill #00108?,check_invoice,check_invoice,0.9945564102989254
wanna see ur payment modalities will yahelp me,check_payment_methods,check_payment_methods,0.9932126291750684
assistance to set up a secondary shipping address,set_up_shipping_address,set_up_shipping_address,0.9975357090318108
what is ur customer assistance mail,contact_customer_service,contact_customer_service,0.9930118367477986
switching to another user,switch_account,switch_account,0.988312398043062
assistance checking the termination fees,check_cancellation_fee,check_cancellation_fee,0.9934685245432663
i need help setting up my new delivery address,set_up_shipping_address,set_up_shipping_address,0.9962547863233286
wanna know about the delivery period,delivery_period,delivery_period,0.9937367881822312
i dont know what to do to inform of a bloody signup problem,registration_problems,registration_problems,0.9894888705268724
can I update purchase {{Order Number}}?,change_order,change_order,0.9910733085844622
where do I restore the password of my user profile?,recover_password,recover_password,0.9956542757323873
I need help lodging a complaint against your company,complaint,complaint,0.9944252253574833
is it possible to place na order from {{Delivery Country}},delivery_options,delivery_options,0.9931671023779405
I want to see my rebate status,track_refund,track_refund,0.9941716248005522
what do i need to do to leave some feedback,review,review,0.9944591635018799
help me use the {{Account Category}} profile,switch_account,switch_account,0.9952557729655845
I don't know what to do to change to the premium account,switch_account,switch_account,0.9943390328703968
could you help me write a review for your services?,review,review,0.9936377930360302
help trying to edit my delivery address,change_shipping_address,change_shipping_address,0.9975938330859986
is it possible to remove a standard account,delete_account,delete_account,0.9925409759978437
I want to unsubscribe from your company newsletter,newsletter_subscription,newsletter_subscription,0.9956593123144559
need to see how long it usually take for the item to arrive,delivery_period,delivery_period,0.9773063434196058
need help to talk to customer assistance,contact_customer_service,contact_customer_service,0.9953085009613919
i need help checking ur accepted payment methods,check_payment_methods,check_payment_methods,0.9960873538572561
"I can no longer afford order {{Order Number}}, can I cancel it?",cancel_order,cancel_order,0.9948579443094735
create new {{Account Type}} account,create_account,create_account,0.9971651396044087
"I need to earn a few of your article, how do I do it?",place_order,place_order,0.9922396445822885
i need assistance to get the invoice from {{Person Name}},get_invoice,get_invoice,0.9955118296281111
help me to check the withdrawal charges,check_cancellation_fee,check_cancellation_fee,0.9949849947857459
want assistance retrieving my user account PIN,recover_password,recover_password,0.994824157820391
I need assistance to change to the {{Account Category}} account,switch_account,switch_account,0.9956006579103311
I'd like to update the fucking data on my user profile,edit_account,edit_account,0.992864559619051
I do not know what I need to do to get bill #12588,get_invoice,get_invoice,0.9900776169962597
need help lpocating the bloody invoice from {{Person Name}},check_invoice,check_invoice,0.9370384090917317
wanna leave a review about a service,review,review,0.9952111006053374
"I need to unsubscribe from your newsletter, how can I do it?",newsletter_subscription,newsletter_subscription,0.9931634787184435
where can I check at what time I can call customer service?,contact_customer_service,contact_customer_service,0.9949730322888021
"I need to get my bill from {{Person Name}}, how can I do it?",get_invoice,get_invoice,0.9928429557012332
can you help me check the rebate current status?,track_refund,track_refund,0.9941189356422844
I call to send my feedback,review,review,0.9921024169272323
I don't know how to close my {{Account Category}} account,delete_account,delete_account,0.9948350680934711
I need help to cancel purchase {{Order Number}},cancel_order,cancel_order,0.9958998986961914
i cannot see tge eta of the purchase {{Order Number}},track_order,track_order,0.9943312400385523
can I check  how soon can I expect my package?,delivery_period,delivery_period,0.9951910190162357
I do not know what I need to do to get the bill #00108,get_invoice,get_invoice,0.9913383780014854
assistance to track the rebate,track_refund,track_refund,0.9921090133608331
wanna get the bil from {{Person Name}} will uhelp me,get_invoice,get_invoice,0.9907177032464655
I don't know how to sybmit my secondary delivery address,set_up_shipping_address,set_up_shipping_address,0.9897278373468138
help to ask for a restitution of money,get_refund,get_refund,0.9966586427582707
help me check what hours i can contact customer assistance,contact_customer_service,contact_customer_service,0.9949231803116919
I can't notify of problems with a registration,registration_problems,registration_problems,0.9945609892837898
I need help seeing your reimbursement policy,check_refund_policy,check_refund_policy,0.9942928473650078
can uhelp me cancelliung order {{Order Number}},cancel_order,cancel_order,0.990735007340566
can you help me unsubscribing to your corporate newsletter?,newsletter_subscription,newsletter_subscription,0.9956489068111455
where do I check the cancellation penalties ?,check_cancellation_fee,check_cancellation_fee,0.9957102351305104
need support tryinmg to change the address,change_shipping_address,change_shipping_address,0.9950191435136029
help me making a reclamation,complaint,complaint,0.9934980219849114
is it possible to place an order from {{Delivery City}} ?,delivery_options,delivery_options,0.992753099155267
checking bill from {{Person Name}},check_invoice,check_invoice,0.9926329428904491
I do not know how to modify the address,change_shipping_address,change_shipping_address,0.9943701745128474
checking invoice from {{Person Name}},check_invoice,check_invoice,0.992156868812205
where can I check the withdrawal charge?,check_cancellation_fee,check_cancellation_fee,0.9950832604665601
I want assistance to cancel a gold account,delete_account,delete_account,0.9750777563602885
errors updating shipping address,change_shipping_address,change_shipping_address,0.991954719848038
"I need to send feedback, how can I do it?",review,review,0.9911935996596234
i dont know how to check what methods for delivery are there,delivery_options,delivery_options,0.9942009894976421
wanna make a consumer complaint,complaint,complaint,0.9944489468078692
I would like to check the early termination fees,check_cancellation_fee,check_cancellation_fee,0.9930099867125893
i have a problem with the deletino of a gold account,delete_account,delete_account,0.9934403928510186
how do I use the pro account?,switch_account,switch_account,0.9953666827191089
can i speak with somebody,contact_human_agent,contact_human_agent,0.9940068090427362
I need help making  a purchase,place_order,place_order,0.9902079577266837
refund {{Currency Symbol}}{{Refund Amount}},get_refund,get_refund,0.9936201916511028
what do I have to do to cancel purchase {{Order Number}}?,cancel_order,cancel_order,0.994082139843175
I'm trying to cancel order {{Order Number}},cancel_order,cancel_order,0.9954451918116001
I don't know what to do to see the allowed payment methods,check_payment_methods,check_payment_methods,0.9949347308897672
change information on premium account,edit_account,edit_account,0.9938869829472837
can ya help me to talk to an agent,contact_human_agent,contact_human_agent,0.9919238635812965
i cannot find the cancellation fees,check_cancellation_fee,check_cancellation_fee,0.9922138371358726
i have got to report an issue with sign-up,registration_problems,registration_problems,0.9948145525486476
i dont knwo how i can cancel purchase {{Order Number}},cancel_order,cancel_order,0.9940732293837421
"I need to speak with fucking customer assistance, help me",contact_customer_service,contact_customer_service,0.9923943932774218
new premium account,create_account,create_account,0.9663075224048537
there is a problem trying to edit the address,change_shipping_address,change_shipping_address,0.9968296228867426
help me getting reimbursements of my money,get_refund,get_refund,0.9935251774322192
I need to check the available payment modalities,check_payment_methods,check_payment_methods,0.9959546212254633
i havent signed up yet how do i open a {{Account Type}} account wirh you,create_account,create_account,0.9949037468309282
rebating {{Refund Amount}} dollars,get_refund,get_refund,0.9947417255598934
there is an issue submitting the new delivery address,set_up_shipping_address,set_up_shipping_address,0.9959360686257127
getting bills from {{Person Name}},get_invoice,get_invoice,0.9915644048969515
show me at what time I can contact customer support,contact_customer_service,contact_customer_service,0.9953637841609669
I cannot afford order {{Order Number}},cancel_order,cancel_order,0.9904822357765094
how to see the shipping methods,delivery_options,delivery_options,0.9951445962897704
what do i need to do to see order {{Order Number}} status,track_order,track_order,0.9957829207876724
"I have to change to the platinum account, how do I do it?",switch_account,switch_account,0.9914001965083834
problem with {{Account Type}} account terminations,delete_account,delete_account,0.9947348853838922
I need to order some articles,place_order,place_order,0.9907775111501155
how can I reset my user profile password?,recover_password,recover_password,0.994240517679422
want help getting my invoice #85632,get_invoice,get_invoice,0.9946633905406334
i dont know how i can cancel purchase {{Order Number}},cancel_order,cancel_order,0.9933273795024009
could i modify oredr {{Order Number}},change_order,change_order,0.9901983456417262
need to change to hte {{Account Category}} account could uhelp me,switch_account,switch_account,0.9780472321270496
i canttalk to a human agent,contact_human_agent,contact_human_agent,0.9940822732407152
I need help to cancel order {{Order Number}},cancel_order,cancel_order,0.9959280757953964
want assistance seeing the ETA of purchase {{Order Number}},track_order,track_order,0.9959722211724467
how do I order a product?,place_order,place_order,0.9916794814851942
I am experiencing an issue trying to sign up,registration_problems,registration_problems,0.9928513000636223
i dont know how to cancel my subscription to the newsletter,newsletter_subscription,newsletter_subscription,0.9959529616014438
need to unsubscribe from the newsletter,newsletter_subscription,newsletter_subscription,0.99590501444079
assistance setting another delivery address up,set_up_shipping_address,set_up_shipping_address,0.9968093073758572
I want hwlp to correct the shipping address,change_shipping_address,change_shipping_address,0.9965004633103497
I have got to check in what cases can I request a refund,check_refund_policy,check_refund_policy,0.9945473902584053
I try to check the early termination fees,check_cancellation_fee,check_cancellation_fee,0.9950853171716783
can i check the cancellation charges,check_cancellation_fee,check_cancellation_fee,0.9949779714817377
there are issues setting up the shipping address,set_up_shipping_address,set_up_shipping_address,0.9955630176986321
could you help me talking to an assistant?,contact_human_agent,contact_human_agent,0.9888259919824356
i have got to report issues with online payment,payment_issue,payment_issue,0.9958362074705059
help me checking what shipment methods I have,delivery_options,delivery_options,0.9954438755275272
status of order {{Order Number}},track_order,track_order,0.9694426858651607
could you tell me about the options for shipping?,delivery_options,delivery_options,0.992451128268001
there is an issue submitting my secondary delivery address,set_up_shipping_address,set_up_shipping_address,0.9961108402031152
help me check the early termination fees,check_cancellation_fee,check_cancellation_fee,0.9960028820337268
I need help contacting customerservice,contact_customer_service,contact_customer_service,0.9917117076123257
"I have got to use the gold account, can I get some help?",switch_account,switch_account,0.9860293312723091
what do I need to do to check the payment methods?,check_payment_methods,check_payment_methods,0.9927032355113182
create new {{Account Type}} account for daughter,create_account,create_account,0.9968324375942901
what do i have to do to sign up to ur company newsletter,newsletter_subscription,newsletter_subscription,0.9951631765894291
update inforemation on {{Account Category}} account,edit_account,edit_account,0.995784057574593
want help to check the eta of purchase {{Order Number}},track_order,track_order,0.9962374377444473
see under what circumstances can i ask for reimbursements,check_refund_policy,check_refund_policy,0.9937767608304343
I acn't unsubscribe to your company newsletter,newsletter_subscription,newsletter_subscription,0.9965110303245615
i need help reporting a trouble with online payments,payment_issue,payment_issue,0.995043003022715
can you help me speak to a live agent?,contact_human_agent,contact_human_agent,0.9938965568003889
can you help me to use the gold profile?,switch_account,switch_account,0.9941174756168335
can I talk to customer service?,contact_customer_service,contact_customer_service,0.9964321164549226
help me to check in which cases can i ask for reimbursements,check_refund_policy,check_refund_policy,0.9958141898169854
how can I get information about freemium account deletions?,delete_account,delete_account,0.9921728976524644
I am trying to contact a agent,contact_human_agent,contact_human_agent,0.9928120166945802
can I make a customer reclamation?,complaint,complaint,0.9958310146127681
can oyu tell me about the shipping period?,delivery_period,delivery_period,0.9948667588102832
what do I need to do to create a {{Account Category}} account?,create_account,create_account,0.9940041478345908
I have got to reset the PIN of my user,recover_password,recover_password,0.9951339328707517
i want assistance to restore my goddamn account pin,recover_password,recover_password,0.9910961992359616
help changing to the gold account,switch_account,switch_account,0.9925066471162537
find information about opening a {{Account Type}} account,create_account,create_account,0.9962119078949936
where to check what methods for delivery are available?,delivery_options,delivery_options,0.9946919270080663
I'm trying to request rebates of my money,get_refund,get_refund,0.9961808261077131
I am waiting for an rebate of {{Currency Symbol}}{{Refund Amount}},track_refund,track_refund,0.9949267368952849
do you have a section to send feedback about a service?,review,review,0.9963554790054626
how do I report errors with online payments ?,payment_issue,payment_issue,0.9959570807132149
looking for invoice from {{Person Name}},check_invoice,check_invoice,0.9904338685401685
i dont know what i have to do to check invoice #37777,check_invoice,check_invoice,0.9922049976590701
how to request an reimbursement of money,get_refund,get_refund,0.9957186462710875
i have toget invoice #00108 can ya help me,get_invoice,get_invoice,0.9868082074595793
I don't know how I can change something of purchase {{Order Number}},change_order,change_order,0.9927379740606028
I am waiting for a reimbursement of {{Currency Symbol}}{{Refund Amount}},track_refund,track_refund,0.9950906027971348
i want help cancelling order {{Order Number}},cancel_order,cancel_order,0.9957677032793463
help canceling purchase {{Order Number}},cancel_order,cancel_order,0.9959943360206959
show me in which cases can I request refunds,check_refund_policy,check_refund_policy,0.9953729920295536
I have got to demand fucking reimbursements,get_refund,get_refund,0.9886517970963067
I need help to restore the access key of my user,recover_password,recover_password,0.9967854454987416
creating new {{Account Type}} account for daughter,create_account,create_account,0.9969710842504206
what do I have to do to talk to customer service?,contact_customer_service,contact_customer_service,0.9952249499020275
how to sign up to your newsletter?,newsletter_subscription,newsletter_subscription,0.9959505302926274
"I can't find the withdrawal penalty, I need help",check_cancellation_fee,check_cancellation_fee,0.9929030037194919
can uhelp me seethe ETA of order {{Order Number}},track_order,track_order,0.9949326392669104
I need help to receive an reimbursement of money,get_refund,get_refund,0.9960718187027585
filing consumer complaint,complaint,complaint,0.9950221486737377
i do not knwo how i can check bill #37777,check_invoice,check_invoice,0.9903462251111077
i have to acquire some articles,place_order,place_order,0.994035724302063
help me to see how long it takes for the article to arrive,delivery_period,delivery_period,0.9953549056146378
I don't know how I could request my money back,get_refund,get_refund,0.9877580115306649
I have to see the withdrawal fees,check_cancellation_fee,check_cancellation_fee,0.9945318839478318
what do I have to do to speak to an agent?,contact_human_agent,contact_human_agent,0.9927115647517241
help to contact a person,contact_human_agent,contact_human_agent,0.9947860420611825
I expect a reufnd of {{Currency Symbol}}{{Refund Amount}},track_refund,track_refund,0.995010931221351
is it possible to order from {{Delivery City}},delivery_options,delivery_options,0.991950803265968
assistance speaking to someone,contact_human_agent,contact_human_agent,0.992271853705522
i dont knowq what i need to do to switch to the {{Account Type}} account,switch_account,switch_account,0.9942819876308212
I need to demand a rebate,get_refund,get_refund,0.9944172630754494
I have errors setting up the secondary shipping address,set_up_shipping_address,set_up_shipping_address,0.9964728039237186
I need assistance demanding compensations,get_refund,get_refund,0.9940471303893048
help changing to the {{Account Type}} account,switch_account,switch_account,0.9954683284862065
cance order {{Order Number}},cancel_order,cancel_order,0.9100725094535248
waht assistance changing the address,change_shipping_address,change_shipping_address,0.9929360769552188
another {{Account Type}} account for father,create_account,create_account,0.9950131424672394
I need to swap a product of order {{Order Number}},change_order,change_order,0.9942189159087219
I am waiting for a rebate of {{Refund Amount}} dollars,track_refund,track_refund,0.9951700890352102
help me filing a complaint against your organization,complaint,complaint,0.9949795936586665
uarent being helpful how to chat with a agent,contact_human_agent,contact_human_agent,0.9927846998772886
can I reset the PIN of my user profile?,recover_password,recover_password,0.9947658070392033
"I missed an item in purchase {{Order Number}}, could you add it?",change_order,change_order,0.9923615319545037
I want assistance checking when my order is going to arrive,delivery_period,delivery_period,0.9924880555235279
I want to send some feedback for a product,review,review,0.995676953002583
ned assistance to file a claim against your business,complaint,complaint,0.9935661023997734
check payment options,check_payment_methods,check_payment_methods,0.9833151290141626
the shipping address is not valid,set_up_shipping_address,set_up_shipping_address,0.9928649149365962
"I can't ifnd the bloody termination charge, I need help",check_cancellation_fee,check_cancellation_fee,0.9902327300682896
i have to receive the newsletter how to do it,newsletter_subscription,newsletter_subscription,0.9953456931566756
help me to check the termination fees,check_cancellation_fee,check_cancellation_fee,0.9956424777965895
show me in which cases can I ask for my money back,check_refund_policy,check_refund_policy,0.9941865909428905
information aboutforgotten pass,recover_password,recover_password,0.9934480283447772
I cannot sign up to the company newsletter,newsletter_subscription,newsletter_subscription,0.9964277433655613
I do not know what I need to do to get bill #85632,get_invoice,get_invoice,0.9897056662549762
how to buy some iterms?,place_order,place_order,0.9938806503952305
i want assistance checking when will my item arrive,delivery_period,delivery_period,0.9921470567631738
I have got to rfetrieve the key of my account,recover_password,recover_password,0.99548271300214
deliveries to {{Delivery Country}},delivery_options,delivery_options,0.9956281729571673
help to restore the PIN code of my profile,recover_password,recover_password,0.9966077424267756
I do not know how I could see order {{Order Number}} status,track_order,track_order,0.9940820001366563
help to see at what time I can contact customer service,contact_customer_service,contact_customer_service,0.9954411361882674
help locating purchase {{Order Number}},track_order,track_order,0.9921345311721602
how can I get information about gold account deletions?,delete_account,delete_account,0.9921946772372611
how do i make a consumer reclamation against ur business,complaint,complaint,0.9953564067101236
I don't know how I can check what shipping options you offer,delivery_options,delivery_options,0.9930158444601808
I'm trying to obtain a rebat of money,get_refund,get_refund,0.9948282958217348
where could i switch to the {{Account Category}} account,switch_account,switch_account,0.9952074310096931
how do I receive the newsletter?,newsletter_subscription,newsletter_subscription,0.9961145816227986
what do I need to do to change the address?,change_shipping_address,change_shipping_address,0.9920983633917366
help me to solve a payment problem,payment_issue,payment_issue,0.9949171165314655
I need help with canceling purchase {{Order Number}},cancel_order,cancel_order,0.995122033428006
i have got to cancel the company newsletter subscription,newsletter_subscription,newsletter_subscription,0.9966518878041518
"I have to call customer suupport, could I get some help?",contact_customer_service,contact_customer_service,0.9885862414945077
can I order from {{Delivery City}}?,delivery_options,delivery_options,0.9946079117417622
I need to remove several articles from purchase {{Order Number}},change_order,change_order,0.9940299635118279
need assistance to make a customer claim against ur business,complaint,complaint,0.9957801117240305
edit details on {{Account Type}} account,edit_account,edit_account,0.9964753408593486
show me what shipping methods I have,delivery_options,delivery_options,0.995247431744994
tell me more about canceling my newsletter subscription,newsletter_subscription,newsletter_subscription,0.9944757932231209
i paid {{Currency Symbol}}{{Refund Amount}} for this purchase want help receiving a refund,get_refund,get_refund,0.9959951112962537
is it possible to set up my shipping address?,set_up_shipping_address,set_up_shipping_address,0.9961419156393126
"I want to leave some feedback for a product, I need help",review,review,0.9947015842775513
why I cannot set up the shipping address valid,set_up_shipping_address,set_up_shipping_address,0.9968464126820126
I'm trying to write a review for ur company,review,review,0.9947590772860849
correct details onGold account,edit_account,edit_account,0.9950730332839076
I am trying to check what shipping options you offer,delivery_options,delivery_options,0.9949991520583626
I want help seeing in which cases can I ask for a refund,check_refund_policy,check_refund_policy,0.99498530341022
"I have paid {{Currency Symbol}}{{Refund Amount}} for a purchase, where to obtain a rebate?",get_refund,get_refund,0.994483266278486
wanna leave a review about a product how to do it,review,review,0.9908356964161218
cancel order {{Order Number}},cancel_order,cancel_order,0.9915812294513068
order anitem,place_order,place_order,0.9870776229937063
I need assistance ordering some articles,place_order,place_order,0.9909142983742595
"I have to see what shipping methods I have, can you help me?",delivery_options,delivery_options,0.9930894136578582
awnt assistance talking to an agent,contact_human_agent,contact_human_agent,0.9924283177304841
I don't know what to do to seeorder {{Order Number}} status,track_order,track_order,0.9950430058903216
"I lost the bill #12588, mail it to me",get_invoice,get_invoice,0.9942330301192123
can you help me leave my feedback for your services?,review,review,0.9953449989194915
help me see when will mny purchase arrive,delivery_period,delivery_period,0.9918148529217485
I am calling to download the bill #12588,get_invoice,get_invoice,0.9939579080786904
open another freemium account,create_account,create_account,0.9907352935872272
assistance to cancel my newsletter subscription,newsletter_subscription,newsletter_subscription,0.9951020335742012
in what situations can I ask for reimbursements?,check_refund_policy,check_refund_policy,0.9921613758664479
need assistance cancelling order {{Order Number}},cancel_order,cancel_order,0.9946471660893618
want help to se the invoices from {{Person Name}},check_invoice,check_invoice,0.9644285854635793
is it possible to send some feedback about a service,review,review,0.9950755798847585
"I want to see your money back guarantee, can you help me?",check_refund_policy,check_refund_policy,0.9919598518238216
is it possible to notify of issues with online payment?,payment_issue,payment_issue,0.9948717569722737
how can I notify of an error with online payment?,payment_issue,payment_issue,0.9960622986493721
creating new {{Account Type}} account,create_account,create_account,0.9971817186658076
assistance to request my money back,get_refund,get_refund,0.9927756266247111
i do not know what to do to download the invoice #37777,get_invoice,get_invoice,0.9938715474324855
i cant sign up want assistance to report a signup issue,registration_problems,registration_problems,0.9948755506450823
I need assistance to create a {{Account Category}} account,create_account,create_account,0.9954971559613255
can ya show me what payment payment modalities are allowed,check_payment_methods,check_payment_methods,0.9948430564139318
help to get bill #85632,get_invoice,get_invoice,0.9948648467099191
I am waiting for a reimbursement of {{Currency Symbol}}{{Refund Amount}},track_refund,track_refund,0.9950906027971348
I do not know how to change to the {{Account Type}} account,switch_account,switch_account,0.9956341251512667
I want assistance writing a comment for your company,review,review,0.9945163107918192
I want assistance to notify of problems with an sign-up,registration_problems,registration_problems,0.9932525978509624
want help editing my bloody personal data,edit_account,edit_account,0.989164989702831
can utell me more about unsubscribing to ur newsletter,newsletter_subscription,newsletter_subscription,0.9935560664903137
i try to switch several items of order {{Order Number}},change_order,change_order,0.992201093041157
how can I talk to somebody?,contact_human_agent,contact_human_agent,0.9933779040171827
i dont know how i can get refunds,get_refund,get_refund,0.9788336161798933
I do not know how to create a {{Account Category}} account,create_account,create_account,0.9947062107972702
"I paid {{Currency Symbol}}{{Refund Amount}} for a purchase, help me obtaining my money back",get_refund,get_refund,0.9952868740824884
i need assistance to get reimbursements of money,get_refund,get_refund,0.9949616405709408
can I change a product of order {{Order Number}}?,change_order,change_order,0.9955420140521292
can i send  feedback for ur services,review,review,0.9954708217168046
"I have to list the allowed payment modalities, help me",check_payment_methods,check_payment_methods,0.9961974089277295
I'm waiting for a reimbursement of {{Currency Symbol}}{{Refund Amount}},track_refund,track_refund,0.9951196701809953
how to get my bill from {{Person Name}} ?,get_invoice,get_invoice,0.9954221572382981
assistance resetting the key of my user account,recover_password,recover_password,0.9954409034607145
where to report issues with a sign-up?,registration_problems,registration_problems,0.9962632165642606
I am trying to sign up to the company newsletter,newsletter_subscription,newsletter_subscription,0.995820150502194
need assistance informing of a trouble with payment,payment_issue,payment_issue,0.9950127676812178
i do not know what i neerd to do to download my bill #12588,get_invoice,get_invoice,0.9925393041755409
help with a fucking address change,change_shipping_address,change_shipping_address,0.99042140119268
I can't unsubscrie to the newsletter,newsletter_subscription,newsletter_subscription,0.995568181313836
can uhelp  me talk to an operator,contact_human_agent,contact_human_agent,0.9927246307734364
I don't know what to do to restore my user profikle PIN,recover_password,recover_password,0.9938161312061315
how do I correct purchase {{Order Number}}?,change_order,change_order,0.9930231833698727
i want help to solve an issue with payments,payment_issue,payment_issue,0.9952892133750506
help me check in what cases can I request my money back,check_refund_policy,check_refund_policy,0.9953285282570339
i dont know what i have to do to switch to the gold account,switch_account,switch_account,0.9930017953500894
correcting info on {{Account Type}} aqccount,edit_account,edit_account,0.9956711088886765
checking bill from {{Person Name}},check_invoice,check_invoice,0.9926329428904491
"I haave to check the termination charge, I need help",check_cancellation_fee,check_cancellation_fee,0.9941784742352752
would it be possible to inform of a problem with payment?,payment_issue,payment_issue,0.9907286071020313
new platinum acount,create_account,create_account,0.9791383294791193
"I want to send feedback for your company, help me",review,review,0.9954340444089015
delieries to {{Delivery City}},delivery_options,delivery_options,0.9945732375766935
what do I have to do to notify of a problem with payments?,payment_issue,payment_issue,0.9943825810681067
how to use the {{Account Type}} profile,switch_account,switch_account,0.9972133718314522
I don't know how to cancel my subscription to the newsletter,newsletter_subscription,newsletter_subscription,0.9961212786225834
i want help to track purchase00123842,track_order,track_order,0.9807380070223098
refunding {{Refund Amount}}  dollars,get_refund,get_refund,0.9945733057321228
whta do I have to do to close my {{Account Category}} account?,delete_account,delete_account,0.9950470089675112
could i see in what cases can i request refundcs,check_refund_policy,check_refund_policy,0.9946847014335639
check invoice from last purchase,check_invoice,check_invoice,0.9879142900665795
I have a problem with cancelling purchase {{Order Number}},cancel_order,cancel_order,0.9945244823956693
i want asistance to check the damn ETA of order {{Order Number}},track_order,track_order,0.995051125954031
i want information about creating a {{Account Category}} account,create_account,create_account,0.995445094105906
want assistance reportingan issue with a sign-up,registration_problems,registration_problems,0.9951905472626853
can uhelp me check how soon can i epect the delivery,delivery_period,delivery_period,0.9954882160984969
"I ain't registered, how to open a {{Account Category}} account?",create_account,create_account,0.9963259688790793
is it possible to purchase some articles?,place_order,place_order,0.990757549755413
I need to submit my delivery address,set_up_shipping_address,set_up_shipping_address,0.9963371840869014
"I cannot understand a word you say, can I contact someone?",contact_human_agent,contact_human_agent,0.9912739198038181
"I need to check the available payment methods, help me",check_payment_methods,check_payment_methods,0.9945959421850494
"I have lost my invoices from {{Person Name}}, show it tome",check_invoice,check_invoice,0.9839937357135877
can you help me recover my user profile password?,recover_password,recover_password,0.9943759685752197
would it be possible to see what shipping options are there?,delivery_options,delivery_options,0.9917133058038714
order 00004587345current status,track_order,track_order,0.9383571682164776
"I have to see the shipping options, I need help",delivery_options,delivery_options,0.9948862226747877
uhave a way to leave an opinion for ur products,review,review,0.9963243742452615
want assistance cancelling my pro account,delete_account,delete_account,0.9586156551528928
tracking order,track_order,track_order,0.9045457904021831
I need to swap an item of purchase {{Order Number}},change_order,change_order,0.9949304639248765
is it possible to receive the company newsletter?,newsletter_subscription,newsletter_subscription,0.995340992707456
need assistance making a consumer claim against ur company,complaint,complaint,0.9946840877872049
show me in what cases can I ask for refunds,check_refund_policy,check_refund_policy,0.9952375339213605
i dont know whatto do to talk to customer assistance,contact_customer_service,contact_customer_service,0.9928846944409085
i need assistance entering a secondary delivery address,set_up_shipping_address,set_up_shipping_address,0.9962081902384844
I do not know how I can receive the newsletter,newsletter_subscription,newsletter_subscription,0.9933672261351152
i have problems with canceling order {{Order Number}},cancel_order,cancel_order,0.9945223696695019
can ya help me to wrtie a comment for a service,review,review,0.9943026742809744
i want help to talk to customer assistance,contact_customer_service,contact_customer_service,0.9953222991985805
i need help to cancel the newsletter subscription,newsletter_subscription,newsletter_subscription,0.9955893422569225
could uhelp me to lodge a customer clain,complaint,complaint,0.9940046816039442
is it possible to talk to damn customer support?,contact_customer_service,contact_customer_service,0.9930519462153214
troubles entering my secondary delivery address,set_up_shipping_address,set_up_shipping_address,0.9963703485600566
can yaa help me talking with a live agent,contact_human_agent,contact_human_agent,0.9937107115510789
"I need to correct the address, can you help me?",change_shipping_address,change_shipping_address,0.9951505123025425
information about the termination of my pro account,delete_account,delete_account,0.9951886322273132
I don't know what I have to do to cancel the {{Account Type}} account,delete_account,delete_account,0.9929631516989507
tell me about a shipping address modification,change_shipping_address,change_shipping_address,0.9967264096593901
i need help cancelling the company newsletter subsrciption,newsletter_subscription,newsletter_subscription,0.9872554044654441
how do I track purchase {{Order Number}}?,track_order,track_order,0.9939984459209779
assistance to delete my pro account,delete_account,delete_account,0.9962016455294478
updating freemium account,edit_account,edit_account,0.9848479568600107
i want help notifying of a signup problem,registration_problems,registration_problems,0.994610978094218
help me check the terminatio charges,check_cancellation_fee,check_cancellation_fee,0.9933526981999335
can I check how long the shipping takes?,delivery_period,delivery_period,0.9942099694694456
I need to speak with a person,contact_human_agent,contact_human_agent,0.9950098772479091
edit info on {{Account Category}} account,edit_account,edit_account,0.9957634812414936
I don't know how I can cancel purchase {{Order Number}},cancel_order,cancel_order,0.9931058689410025
help seeing how long it takes for my shipment to arrive,delivery_period,delivery_period,0.9962969857938174
I don't know how I can talk to an assistant,contact_human_agent,contact_human_agent,0.9906274363256217
"I cannot open a profile, can I report bloody signup errors?",registration_problems,registration_problems,0.9883522153186531
find bill #12588,check_invoice,check_invoice,0.9912291495634552
creating platinum account,create_account,create_account,0.9932587314364483
show current status of restitution,track_refund,track_refund,0.9823326397366787
lodge reclamtaion against ur business,complaint,complaint,0.992776587451373
I want help to report a bloody error with onlien payments,payment_issue,payment_issue,0.9935028931900026
what do i need to do to check the status of the restitution,track_refund,track_refund,0.9917021289764226
want assistance to send feedback about your company,review,review,0.9958249446741733
there is an issue trying to change my shipping address,change_shipping_address,change_shipping_address,0.9958293630638536
need help making a consumer complaint against ur company,complaint,complaint,0.9950386678580241
need help seeing in which situations can I request refunds,check_refund_policy,check_refund_policy,0.9953497596122759
assistance to inform of issues with payments,payment_issue,payment_issue,0.9965313043602073
i have to check if there are any news on the restitution,track_refund,track_refund,0.9955365601453128
I'm calling to see the shipment methods,delivery_options,delivery_options,0.9948392582308082
correct details on {{Account Category}} account,edit_account,edit_account,0.9953317721658651
I expect a compensation of {{Currency Symbol}}{{Refund Amount}},track_refund,track_refund,0.9949251360660275
want assistance listing the allowed payment modalities,check_payment_methods,check_payment_methods,0.9956018183570045
can I modify purchase {{Order Number}}?,change_order,change_order,0.9934013449614136
I need assistance to look for the invoice #00108,check_invoice,check_invoice,0.9951526177244968
i no longer make us of my pro account need help deleting it,delete_account,delete_account,0.9948812673115389
I need help to reset the PIN of my user profile,recover_password,recover_password,0.995165100686695
I want to earn an article,place_order,place_order,0.9933232256563435
is it possible toorder from {{Delivery City}},delivery_options,delivery_options,0.9923460964705315
I am trying to cancel purchase {{Order Number}},cancel_order,cancel_order,0.9950875975821578
where do I retrieve the key of my user profile?,recover_password,recover_password,0.9953429646641414
updating info on {{Account Category}} account,edit_account,edit_account,0.9966641997846706
I am trying to chat with someone,contact_human_agent,contact_human_agent,0.9920548467714531
i do not nkow how to delete the standard account,delete_account,delete_account,0.9951452677118571
i dont know how to see the eta of order {{Order Number}},track_order,track_order,0.9962305361247247
swap several items of order {{Order Number}},change_order,change_order,0.9887931149423487
I want help to edit order {{Order Number}},change_order,change_order,0.9954927717049077
status of order {{Order Number}},track_order,track_order,0.9694426858651607
can uhelp me canceling purchase {{Order Number}},cancel_order,cancel_order,0.9942012982625998
"I have got to talk with customer support, I need help",contact_customer_service,contact_customer_service,0.9944593951572385
want assistance seeing the fucking ETA of order {{Order Number}},track_order,track_order,0.9950600869307697
where to make a customer claim?,complaint,complaint,0.9964373402573695
I no longer want order {{Order Number}},cancel_order,cancel_order,0.9891756039606446
I do not know how to reauest reimbursements,get_refund,get_refund,0.9855803956556927
need help seeing in what situations can i ask to be refunded,check_refund_policy,check_refund_policy,0.9944725571018203
can uhelp me to add a bloody item topurchase {{Order Number}},change_order,change_order,0.9853103155307129
how do I change to the standard account?,switch_account,switch_account,0.9954672190344688
I do not know wht I have to do to get my invoice #85632,get_invoice,get_invoice,0.9907502416866875
"I want to earn a product, how can I do iut?",place_order,place_order,0.992335996054754
I do not know what to do to retrieve the key of my profile,recover_password,recover_password,0.9931500276942683
wana talk to a goddamn person,contact_human_agent,contact_human_agent,0.9894315723303461
assistance downloading my invoice from {{Person Name}},get_invoice,get_invoice,0.9950472437209689
i expect a restitution of {{Refund Amount}} dollars,track_refund,track_refund,0.9964982955423128
I don't know how to see when my item is going to arrive,delivery_period,delivery_period,0.9933461550323788
shipping to {{Delivery City}},delivery_options,delivery_options,0.9937594559572592
I want help to earn something,place_order,place_order,0.9935089070655533
"I can't find the early exit penalty, will you help me?",check_cancellation_fee,check_cancellation_fee,0.9915415676343978
I try to report errors with payment,payment_issue,payment_issue,0.9964871656051099
can you help me give a quick look at bill #00108?,check_invoice,check_invoice,0.9932383023024954
how do i see the damn status of order {{Order Number}},track_order,track_order,0.9961821460765791
where to report an error with payments?,payment_issue,payment_issue,0.9968138635429152
how can i see the current status of order {{Order Number}},track_order,track_order,0.9972670244222898
there are troubles updating the address,change_shipping_address,change_shipping_address,0.9960119008890936
can i speak with an assistant,contact_human_agent,contact_human_agent,0.9937695038563789
how do I download my bills from {{Person Name}}?,get_invoice,get_invoice,0.9939197444455327
hsipping to {{Delivery Country}},delivery_options,delivery_options,0.9942327043814562
I am waiting for a compensation of {{Refund Amount}} dollars,track_refund,track_refund,0.9955762495742494
updating {{Account Type}} accojnt,edit_account,edit_account,0.9933780573518666
I cannot reset my user profile PIN,recover_password,recover_password,0.9937059656527083
deleting standard accoumt,delete_account,delete_account,0.9944928478717242
"I have got to report issues with signup, help me",registration_problems,registration_problems,0.9942216632166021
is it possible to see the early exit fees?,check_cancellation_fee,check_cancellation_fee,0.9922568262810936
is it possible to get a reimbursement?,get_refund,get_refund,0.9899863472374005
delete a product from order {{Order Number}},change_order,change_order,0.9940365242764612
ya have a free of charge phone no to call customer service,contact_customer_service,contact_customer_service,0.9943983643734001
I need to report errors with payment,payment_issue,payment_issue,0.9965116816185309
can uhelp me cancelliung order {{Order Number}},cancel_order,cancel_order,0.990735007340566
help to see ur money back policy,check_refund_policy,check_refund_policy,0.9942648387470405
"I have to open a gold account, how do I do it?",create_account,create_account,0.9910743307213931
help me seeing what hours I can call customer service,contact_customer_service,contact_customer_service,0.9949664987371799
where can I see if there are any updates on the restitution?,track_refund,track_refund,0.9953670380810942
I have to check at what time I can reach customer support,contact_customer_service,contact_customer_service,0.9947411850781886
"I have lost my account PIN code, how do I restore it?",recover_password,recover_password,0.9940858274520071
I need help adding an article to purchase {{Order Number}},change_order,change_order,0.9894521438084537
"I haven't registered, can I open a standard account?",create_account,create_account,0.995531758074999
can ya help me checking the withrawal fee,check_cancellation_fee,check_cancellation_fee,0.9876338901252663
I don't know how to report problems with sign-up,registration_problems,registration_problems,0.9937004834633028
i need help to cancel purchase {{Order Number}},cancel_order,cancel_order,0.9958998986961914
help to see if there is anything wrong with the refund,track_refund,track_refund,0.9948171466369397
would it be possible to talk with somebody?,contact_human_agent,contact_human_agent,0.988229415366991
can I open a standard account for my daughter?,create_account,create_account,0.9959466734797653
need help to get a copmpensation of money,get_refund,get_refund,0.9964928867116569
want assistance to check the ETA of purchase {{Order Number}},track_order,track_order,0.9957545216135409
what are the available shipment options?,delivery_options,delivery_options,0.9934284266196762
want assistance to acquire several items,place_order,place_order,0.994188887559959
i dont know how i could reset the pin of my profile,recover_password,recover_password,0.9893849318407636
what hours can I call customer assistance?,contact_customer_service,contact_customer_service,0.9952453479304492
where can I open a {{Account Type}} account for my daughter?,create_account,create_account,0.9965995248861597
modifying {{Account Type}} account,edit_account,edit_account,0.9909197061706251
I want assistance setting up a delivery address,set_up_shipping_address,set_up_shipping_address,0.9957606459325863
help cancelling order {{Order Number}},cancel_order,cancel_order,0.9961292214836494
i have a question about creating a freemium account,create_account,create_account,0.9937768427579559
I need help to edit the address,change_shipping_address,change_shipping_address,0.9960304795079921
"I have got to download the bill #12588, how do I do it?",get_invoice,get_invoice,0.9912717222594588
i dont know how to cancel order {{Order Number}},cancel_order,cancel_order,0.995702240646871
help me know if there are any news on my compensation,track_refund,track_refund,0.9954050315498413
need help signing up to the newsletter,newsletter_subscription,newsletter_subscription,0.9939505250208004
updating standard account,edit_account,edit_account,0.9866254701886131
i cant set up the new shipping address,set_up_shipping_address,set_up_shipping_address,0.997384204790484
I need help acquiring some prdoucts,place_order,place_order,0.990071304747446
where to lodge a complaint against ur company,complaint,complaint,0.9956286968997691
how do I create a standard account for my daughter?,create_account,create_account,0.9956412146587615
can you help me cancel purchase {{Order Number}}?,cancel_order,cancel_order,0.9940550904179309
how do I edit order {{Order Number}}?,change_order,change_order,0.9938039975753604
where do I check what hours I can reach customer service?,contact_customer_service,contact_customer_service,0.9948621671883884
I try to see what hours customer service aailable is,contact_customer_service,contact_customer_service,0.9942105577562311
"I want to check my restitution status, I need help",track_refund,track_refund,0.9941807676643615
how can I switch an article of purchase {{Order Number}}?,change_order,change_order,0.9915980132634504
i dont know how i can shop several of ur article,place_order,place_order,0.9923770041829364
I want help checking the accepted payment modalities,check_payment_methods,check_payment_methods,0.9944560978601551
change data on platinum account,edit_account,edit_account,0.9941108601967522
I want to restore the  PIN code of my account,recover_password,recover_password,0.9969008041405213
I donot know what to do to demand a refund,get_refund,get_refund,0.992213500023709
I want help to cancle purchase {{Order Number}},cancel_order,cancel_order,0.97957275445685
I want support trying to modify the address,change_shipping_address,change_shipping_address,0.9964963916221664
"I cannot open a user, I have to inform of a signup issue",registration_problems,registration_problems,0.9948066777364691
I expect a restitution of {{Refund Amount}} dollars,track_refund,track_refund,0.9964982955423128
"I paid {{Currency Symbol}}{{Refund Amount}} for a product, help me to get a bloody rebate",get_refund,get_refund,0.9934227631564071
what do I have to do to report problems with online payment?,payment_issue,payment_issue,0.9949848233962513
i do not know what to do to speak to customer service,contact_customer_service,contact_customer_service,0.9945859728827617
how t see the allowed payment methods,check_payment_methods,check_payment_methods,0.9966549221799902
there is a trouble trying to edit the address,change_shipping_address,change_shipping_address,0.9962838111296408
check the goddamn early exit charges,check_cancellation_fee,check_cancellation_fee,0.9911280623405897
how too recover the key of my user account,recover_password,recover_password,0.9953384709558767
"I can't make a transfer, I need to inform of payment issues",payment_issue,payment_issue,0.9939237124498682
I want help trying to edit my shipping address,change_shipping_address,change_shipping_address,0.9971156634854044
need to submut a delivery address,set_up_shipping_address,set_up_shipping_address,0.8225858988755069
wanna know about cancel the subscription to ur newsletter,newsletter_subscription,newsletter_subscription,0.9968361923120193
could I know if there are any updates on my rebate?,track_refund,track_refund,0.992459644942346
show me ETA of purchase {{Order Number}},track_order,track_order,0.9885321047012091
"I want to see what shipping methods are there, help me",delivery_options,delivery_options,0.994825817002071
i do not know what to do to receive compensations of money,get_refund,get_refund,0.9951626235019616
help me to report problems with a signup,registration_problems,registration_problems,0.9951458621327417
assistance to shop some articles,place_order,place_order,0.9936085128145985
I don't know what to do to remove a {{Account Category}} aaccount,delete_account,delete_account,0.9930788748439158
order some of your product,place_order,place_order,0.9945627794206003
I don't know how to correct the data included on my account,edit_account,edit_account,0.9952712995615668
i have problems submitting my new delivery address,set_up_shipping_address,set_up_shipping_address,0.9958985118877209
i cannot swap a product of order {{Order Number}},change_order,change_order,0.9930893333440259
i need help to change to the gold account,switch_account,switch_account,0.9947043075897706
I need to check at what time I can reach customer assistance,contact_customer_service,contact_customer_service,0.9937376470115367
i cannot pay for puchase {{Order Number}} how could i cancel it,cancel_order,cancel_order,0.9927653533616528
how can i find information about opening {{Account Category}} accounts,create_account,create_account,0.9936660494590965
i dont know what i have to do to delete my {{Account Type}} account,delete_account,delete_account,0.994910215919575
I'm waiting for a restitution of {{Refund Amount}} dollars,track_refund,track_refund,0.9961507278114174
is there a way to submit a comment for your services?,review,review,0.9931190907149322
what do I have to do to notify of payment issues?,payment_issue,payment_issue,0.9941666228160643
howto inform of problems with signup?,registration_problems,registration_problems,0.9946367005921988
is it possible to buy several of your item?,place_order,place_order,0.9924092695554325
wannasee in what situations can i ask to be refunded,check_refund_policy,check_refund_policy,0.9950930057189575
I have  got to see the termination charges,check_cancellation_fee,check_cancellation_fee,0.9946988353348775
recover the PIN code of my account,recover_password,recover_password,0.9965459690809136
what do i need to do to chat with an operator,contact_human_agent,contact_human_agent,0.9923129336580757
how can i get information about my pass reset,recover_password,recover_password,0.9902480148506685
wanna know more about the shipping period,delivery_period,delivery_period,0.9934502266780022
how can i contact customer support,contact_customer_service,contact_customer_service,0.995951291076305
how to check what delivery methods I have?,delivery_options,delivery_options,0.9956073383822911
what do i have to do to buy some items,place_order,place_order,0.9917543593542225
where can I check what hours I can contact customer support?,contact_customer_service,contact_customer_service,0.9955748508335827
modify details on platinum account,edit_account,edit_account,0.9963205995395302
I do not know how to give a quick look at the invoice #00108,check_invoice,check_invoice,0.9938709056938887
want help to see in which situations can I ask for refunds,check_refund_policy,check_refund_policy,0.9961659685088344
i have to list thye available payment modalities,check_payment_methods,check_payment_methods,0.9960713340626813
I want help to modify purchase {{Order Number}},change_order,change_order,0.9946372829411193
I want helpto see your refund policy,check_refund_policy,check_refund_policy,0.9944201325458074
how could I check the early termination fees?,check_cancellation_fee,check_cancellation_fee,0.9942788833549033
can ay help me to inform of issues with payment,payment_issue,payment_issue,0.9961814483103911
can you help me to request a reimbursement of money?,get_refund,get_refund,0.9955388562663176
I'm waiting for a restitution of {{Refund Amount}} dollras,track_refund,track_refund,0.9958430968304767
could I get my bill from {{Person Name}}?,get_invoice,get_invoice,0.9914733955028794
wanna open a gold account,create_account,create_account,0.9943347100812079
can you help me looking for my invoice #12588?,check_invoice,check_invoice,0.9925107854340666
i need help to subvmit some feedback about ur products,review,review,0.9944089624244016
I do not know what I need to dp to contact an agent,contact_human_agent,contact_human_agent,0.9918124896162487
"I would like to see the delivery options, could you help me?",delivery_options,delivery_options,0.9876179352137818
I would like to edit my user data,edit_account,edit_account,0.9913155413853669
can you help me sign up to the newsletter?,newsletter_subscription,newsletter_subscription,0.9955837377772073
want help trying to correct the address,change_shipping_address,change_shipping_address,0.9966162048833135
i do notuse the bloody {{Account Type}} account i try to delete it,delete_account,delete_account,0.9726601631929622
I need assistance unsubscribinbg to your newsletter,newsletter_subscription,newsletter_subscription,0.9954376300440079
see in what cases can I request refunds,check_refund_policy,check_refund_policy,0.9955303994170347
I'm waiting for an refund of {{Currency Symbol}}{{Refund Amount}},track_refund,track_refund,0.995086467609498
modify information on pro acfount,edit_account,edit_account,0.993722948932227
need help with canceling purchase {{Order Number}},cancel_order,cancel_order,0.995133844137689
check at what time I can contact customer service,contact_customer_service,contact_customer_service,0.9955874553151061
I don't know what to do to lodge a complaint,complaint,complaint,0.9924783464791717
seeing status of purchase {{Order Number}},track_order,track_order,0.9824808809112588
I have got to check what goddamn delivery methods I have,delivery_options,delivery_options,0.9923045033284773
what do I need to do to see what delivery options you offer?,delivery_options,delivery_options,0.9926490974798056
I want help buying a few of your article,place_order,place_order,0.993818760070769
i do not know what i need to do to check invoice #12588,check_invoice,check_invoice,0.9916709719220526
assistance to swap some products of purchase {{Order Number}},change_order,change_order,0.9944392999589383
"I have to see my compensation status, help me",track_refund,track_refund,0.9950945903287168
I need help to see the cancellation fee,check_cancellation_fee,check_cancellation_fee,0.9933406414239192
I want assistance to reset the PIN of my  profile,recover_password,recover_password,0.994724986717696
I can't afford order {{Order Number}},cancel_order,cancel_order,0.991745523156764
where to acquire several of your item?,place_order,place_order,0.9957420250660262
I don't know what to do to order a few of your article,place_order,place_order,0.9936080243115085
could i delete a item from purchase {{Order Number}},change_order,change_order,0.9920429411311739
help seeing what hours customer assistance available is,contact_customer_service,contact_customer_service,0.993698003112208
can ay help me notifying of a trouble with payment,payment_issue,payment_issue,0.9948051409301338
how to see at what time customer service available is?,contact_customer_service,contact_customer_service,0.9946325203346534
"I have to purchase several of your product, I need help",place_order,place_order,0.9949296148339396
I want help to leave feedback for your services,review,review,0.9959781557424251
uhave a mail address to get in touch with customer support,contact_customer_service,contact_customer_service,0.9811531216189081
I want to see the status of order {{Order Number}},track_order,track_order,0.9971020731487291
I don't know what I have to do to update my delivery address,change_shipping_address,change_shipping_address,0.9953323554853911
want assistance to write a comment about your company,review,review,0.9954683549467284
want help to check my reimbursement current status,track_refund,track_refund,0.9925793758235563
wanna see at what time i can reach customer assistance,contact_customer_service,contact_customer_service,0.9937457502718732
how could I file a claim against your organization?,complaint,complaint,0.9938208006574372
changing information on {{Account Type}} account,edit_account,edit_account,0.9948137916468037
help me modify ym shipping address,change_shipping_address,change_shipping_address,0.993482456018255
"my address has changed, how could I change it?",change_shipping_address,change_shipping_address,0.9883516573768013
i  dont know what i need to do to speak with a live agent,contact_human_agent,contact_human_agent,0.9919462761141727
is it possible to check when my order is gonna arrive,delivery_period,delivery_period,0.9923068375438445
can ya help me lodge a claim against ur organization,complaint,complaint,0.993841598031246
can you help me switching to the pro account?,switch_account,switch_account,0.9928171751136188
how to modify my shippng address,change_shipping_address,change_shipping_address,0.9954266964815096
cancel platinum acount,delete_account,delete_account,0.9817399508155836
create nbew {{Account Type}} account,create_account,create_account,0.9964642026095283
can i place an order from {{Delivery Country}},delivery_options,delivery_options,0.9954858712452609
I do not know how to shop several products,place_order,place_order,0.993661959753509
can you help me seeing the status of order {{Order Number}}?,track_order,track_order,0.9964132985907969
give me information about a shipping address update,change_shipping_address,change_shipping_address,0.9932514213170526
how do I report an error with sign-up?,registration_problems,registration_problems,0.9946332751356772
there is a problem setting my new shipping address up,set_up_shipping_address,set_up_shipping_address,0.9958748145640821
help me see what hours customer support available is,contact_customer_service,contact_customer_service,0.9952559772653885
"my new shipping address is invalid, can you help me?",set_up_shipping_address,set_up_shipping_address,0.9954376465563389
"I do not use the damn {{Account Category}} account, help canceling it",delete_account,delete_account,0.9783806477558215
"I lost bill #85632, could you mail it to me?",get_invoice,get_invoice,0.9922711170417625
how to see the shipment options,delivery_options,delivery_options,0.9952029534147805
i do not know how i could see ur payment modalities,check_payment_methods,check_payment_methods,0.9925080895170485
i need assistance to see the early termination penalty,check_cancellation_fee,check_cancellation_fee,0.9951653419814624
how colud I notify of registration problems?,registration_problems,registration_problems,0.9941560536475418
how could I create a standard account for my fiance?,create_account,create_account,0.9948284131996724
want help switching to the premium account,switch_account,switch_account,0.9943758590093584
updaing info on standard account,edit_account,edit_account,0.9943416653039073
how to inform of an issue with a registration?,registration_problems,registration_problems,0.9958270427084691
can I check order {{Order Number}} current status?,track_order,track_order,0.9966695034981949
I'm trying to report troubles with online  payment,payment_issue,payment_issue,0.9954559041454792
how to subscribe to the newsletter?,newsletter_subscription,newsletter_subscription,0.996427032704975
I don't know how I can buy several of yur product,place_order,place_order,0.9928273559830799
i want assistance to notify of errors with online payment,payment_issue,payment_issue,0.995614127586626
i want assistance to get rebates of my money,get_refund,get_refund,0.9962546026277105
help checking in which situations can i ask to be refunded,check_refund_policy,check_refund_policy,0.9948047981159572
I can't pay  for order {{Order Number}},cancel_order,cancel_order,0.9666002656189208
I do not know what I need to do to inform of payment errors,payment_issue,payment_issue,0.9935183464908147
I need assistance to speak to na assistant,contact_human_agent,contact_human_agent,0.9894259293094496
where to submit my feedback for your company?,review,review,0.9962741669370309
I don't know how I could restore my user key,recover_password,recover_password,0.990693652067046
want assistance checking the early termination penalty,check_cancellation_fee,check_cancellation_fee,0.9942652235493794
can uhelp me cancelling purchazse {{Order Number}},cancel_order,cancel_order,0.9936782989128742
i dont know how to cncel purchase {{Order Number}},cancel_order,cancel_order,0.9914456093051284
need help obtaining rebates,get_refund,get_refund,0.9937638360914738
cancel platinum account,delete_account,delete_account,0.9878194334702662
I do not know what to do to acquire a few of your product,place_order,place_order,0.9937169730393443
I need help recoveting my user profile key,recover_password,recover_password,0.9926488694830424
open another {{Account Category}} account,create_account,create_account,0.9941083183392738
i try to see the early temrination penalty,check_cancellation_fee,check_cancellation_fee,0.9941918250128697
I try to see purchase {{Order Number}} current status,track_order,track_order,0.9962751161034725
check order {{Order Number}} status,track_order,track_order,0.9970696631119442
i call to file a consumer claim against ur company,complaint,complaint,0.995828053243922
I don't know what to do to submit a shipping address,set_up_shipping_address,set_up_shipping_address,0.9950024486441021
I need assistance to notify of a payment error,payment_issue,payment_issue,0.9953775198614974
I want help to see the termination penalty,check_cancellation_fee,check_cancellation_fee,0.995435106047205
I'm calling to gt the bloody bills from {{Person Name}},get_invoice,get_invoice,0.8894436884522464
I am trying to cancel purchaes {{Order Number}},cancel_order,cancel_order,0.9936682567995083
see the bill from {{Person Name}},check_invoice,check_invoice,0.9897555759904763
I'm trying to report a probloem with a fucking signup,registration_problems,registration_problems,0.9903842667030949
i want assistance removing my damn {{Account Type}} account,delete_account,delete_account,0.9923642907718381
creating gold account,create_account,create_account,0.9932116170080936
i have to receive ur corporate newsletter,newsletter_subscription,newsletter_subscription,0.9960862839005724
I do not know what I need to do to download invoice #85632,get_invoice,get_invoice,0.9919487997527221
i want help correcting purchase {{Order Number}},change_order,change_order,0.9907164610928733
I have a problem with the shipment options,delivery_options,delivery_options,0.9940477199111499
can you help me to set a shipping address up?,set_up_shipping_address,set_up_shipping_address,0.9966160979093174
where can I download the invoice #37777?,get_invoice,get_invoice,0.9951985742650713
where to subscribe to the newsletter?,newsletter_subscription,newsletter_subscription,0.9964426587089138
i have a problem with an adress update,change_shipping_address,change_shipping_address,0.977618777842753
i try to sap some items of order {{Order Number}},change_order,change_order,0.9362596031397784
I do not know what I have to do to correct my address,change_shipping_address,change_shipping_address,0.9951606336249004
assistance to lodge a fucking consumer claim,complaint,complaint,0.9932081353258866
I don't know how to make a claim against your organization,complaint,complaint,0.9936665740347385
i cant delete some items from order {{Order Number}},change_order,change_order,0.9925569755192515
want assistance to cancel order  {{Order Number}},cancel_order,cancel_order,0.9960735499724293
I try tosubmit my secondary delivery address,set_up_shipping_address,set_up_shipping_address,0.9957129498652101
I don't know what I need to do to speak to customer service,contact_customer_service,contact_customer_service,0.9939002549394004
I am trying to download the bills from {{Person Name}},get_invoice,get_invoice,0.9954128861986397
I need help seeing the bills from {{Person Name}},check_invoice,check_invoice,0.9930747790426132
assistance seeing in what situations can I request a refund,check_refund_policy,check_refund_policy,0.9947214761837074
Itry to see your available payment modalities,check_payment_methods,check_payment_methods,0.9960586118437743
I need to check the payment methods,check_payment_methods,check_payment_methods,0.9947540898941863
I'm trying to list ur payment methods,check_payment_methods,check_payment_methods,0.9960887601545023
there is an error setting a secondary delivery address up,set_up_shipping_address,set_up_shipping_address,0.9963499566726185
are there early termination fees?,check_cancellation_fee,check_cancellation_fee,0.9955849839630456
modify details on {{Account Type}} account,edit_account,edit_account,0.9968824645567239
need to know if there are any updates on the ocmpensation,track_refund,track_refund,0.9931937114052088
I expect a compendation of {{Currency Symbol}}{{Refund Amount}},track_refund,track_refund,0.9952248843277637
I'm dissatisfied with ur services help to file a reclamation,complaint,complaint,0.9947905383817431
help me modifying order {{Order Number}},change_order,change_order,0.9916969150633257
edit details on premium account,edit_account,edit_account,0.9964196356481868
help removing several products from purchase {{Order Number}},change_order,change_order,0.9943666170175653
I want help to see what payment options you accept,check_payment_methods,check_payment_methods,0.9960987507579815
how to notify of issues with payment?,payment_issue,payment_issue,0.9965462379356333
where can I set the new delivery address up?,set_up_shipping_address,set_up_shipping_address,0.9965677695257539
I can't see if there are any updates on my compensation,track_refund,track_refund,0.994536935538796
needx help to check the ETA of purchase {{Order Number}},track_order,track_order,0.9960428687784543
where do I check the early exit fee?,check_cancellation_fee,check_cancellation_fee,0.9928417545758955
I need help cancelling a {{Account Category}} account,delete_account,delete_account,0.9867676891393288
i aint registered yet could i create a bloody gold acocunt,create_account,create_account,0.9899283029315188
where can I give a quick look at invoice #37777?,check_invoice,check_invoice,0.9941416316540049
help seeing at what time customer service available is,contact_customer_service,contact_customer_service,0.9940507561309214
I need information about the removal of a premium account,delete_account,delete_account,0.9958753658949813
do you have an address to send a review?,review,review,0.9933999499478433
I don't know what I have to do to modify my delivery address,change_shipping_address,change_shipping_address,0.9948618273216945
assistance chatting with an operator,contact_human_agent,contact_human_agent,0.9933096397127187
edit order {{Order Number}},change_order,change_order,0.9894432305440374
what do i need to do to set up a different shipping address,set_up_shipping_address,set_up_shipping_address,0.9952307711687992
where do I open a premium account?,create_account,create_account,0.9949496161637899
is it possible to check the withdrawal charges,check_cancellation_fee,check_cancellation_fee,0.9929500587954904
help me check the allowed payment methods,check_payment_methods,check_payment_methods,0.9967770329041589
i need supports tryingh to modify my delivery address,change_shipping_address,change_shipping_address,0.9964637071824091
where can I check what payment options are allowed?,check_payment_methods,check_payment_methods,0.9964064071659667
d uship to {{Delivery City}},delivery_options,delivery_options,0.9953501554098668
"I want to check the methods for delivery, help me",delivery_options,delivery_options,0.9950964446774536
could you help me to see what payment methods are accepted?,check_payment_methods,check_payment_methods,0.9954463514244211
i do not know how i could casncel order {{Order Number}},cancel_order,cancel_order,0.9789704757679503
i need assistance to set my new delovery address up,set_up_shipping_address,set_up_shipping_address,0.9956233375255429
"you are not helpful at all, could I contact a human agent?",contact_human_agent,contact_human_agent,0.9915226909138322
can you help me seeing how soon can I expect my purchase?,delivery_period,delivery_period,0.9941689583622041
need assistance with a address update,change_shipping_address,change_shipping_address,0.9895924410478912
file reclamation,complaint,complaint,0.9935711030520015
I do not know how I can inform of problems with signuo,registration_problems,registration_problems,0.990505523015015
I do not know how to report a signup error,registration_problems,registration_problems,0.9943737621145491
I'd like information about creating a pro account,create_account,create_account,0.9944221165380499
downlpoad bills from {{Person Name}},get_invoice,get_invoice,0.978590155229543
can I see how long it usually takes for the item to arrive?,delivery_period,delivery_period,0.9904021117703827
wanna swap a product of purchase {{Order Number}} can uhelp me,change_order,change_order,0.9801924898966159
I don't know what to do to create a {{Account Category}} account,create_account,create_account,0.9940531581944446
I do not know how to seehow soon can I expect my purchase,delivery_period,delivery_period,0.9945572019640557
how to unsubscribe to the newsletter?,newsletter_subscription,newsletter_subscription,0.9968286991233944
can I see in which situations can I request to be refunded?,check_refund_policy,check_refund_policy,0.9957153899565928
need help seeing what hours i can contact customer service,contact_customer_service,contact_customer_service,0.9949953749234216
i lost the bills from {{Person Name}} could ufnid them for me,check_invoice,check_invoice,0.9626934555666589
"I want to sign up to your newsletter, how do I do it?",newsletter_subscription,newsletter_subscription,0.9927547474978532
i dont know how to check purchase {{Order Number}} status,track_order,track_order,0.9962324248797637
"I expect a restitution of {{Refund Amount}} dollars, was it processed",track_refund,track_refund,0.9955960652573236
I want assistnace to use the {{Account Category}} account,switch_account,switch_account,0.9936357324610854
i  do not know what i need to do to download invoice #85632,get_invoice,get_invoice,0.9919487997527221
I need to ese the early exit fee,check_cancellation_fee,check_cancellation_fee,0.9933066238450271
I wanty to contact an operator,contact_human_agent,contact_human_agent,0.9935589082836943
i have a probelm with the password retrieval,recover_password,recover_password,0.9943159733518286
closing pro account,delete_account,delete_account,0.9949018558402263
where to cancel my company newsletter subscription?,newsletter_subscription,newsletter_subscription,0.997403665079017
can ya help me notify of registration errors,registration_problems,registration_problems,0.9943606795793493
wanna see the eta of order {{Order Number}} how can i do it,track_order,track_order,0.9952357756993454
assistance seeing what shipment options are available,delivery_options,delivery_options,0.9937681837226541
could I check what shipment options you offer?,delivery_options,delivery_options,0.994613199690717
can i place an oeder from {{Delivery City}},delivery_options,delivery_options,0.9947009918904355
problem with a forgotten access key,recover_password,recover_password,0.9940297812700131
how to check purchase {{Order Number}} status?,track_order,track_order,0.9972274896605674
creating new {{Account Category}} account for daughter,create_account,create_account,0.9966396955176142
I need help to sign up to your newsletter,newsletter_subscription,newsletter_subscription,0.9958634752129027
how can I unsubscribe from your newsletter?,newsletter_subscription,newsletter_subscription,0.9948749393629283
would it be possible to delete a {{Account Type}} account?,delete_account,delete_account,0.9879611890989719
what do I have to do to download the invoice #12588?,get_invoice,get_invoice,0.9942874278068583
need assistance to cancel order {{Order Number}},cancel_order,cancel_order,0.9956830225111372
can you help me canceling purchase {{Order Number}}?,cancel_order,cancel_order,0.9939278805581341
i expect an reimbursement of {{Refund Amount}} dollars,track_refund,track_refund,0.9957520398032259
is it possible to ordet from {{Delivery Country}},delivery_options,delivery_options,0.9917831071017326
I do not know what to do to chat with a live agent,contact_human_agent,contact_human_agent,0.9921333371113371
i need assistance sending feedback for u company,review,review,0.9937380678257336
can I check in which cases can I request my damn money back?,check_refund_policy,check_refund_policy,0.9948941085175115
check in what situations can I request to be reimbursed,check_refund_policy,check_refund_policy,0.9954329137500061
want assistance modifying the goddamn user info,edit_account,edit_account,0.9892962791684133
help resetting the pin coder of my profile,recover_password,recover_password,0.9951156077560331
I do not know what I need to do to contact an operator,contact_human_agent,contact_human_agent,0.9906181424125916
where to check what payment methods are allowed?,check_payment_methods,check_payment_methods,0.9964699706871407
i cannot change several items of order {{Order Number}},change_order,change_order,0.9960314922099528
I want information about opening a standard account,create_account,create_account,0.9958244283656118
I try to notify of errors with online payment,payment_issue,payment_issue,0.9961187015886447
is it possible to place an order from {{Delivery City}}?,delivery_options,delivery_options,0.9924299842904943
I need assistance to remove my freemium account,delete_account,delete_account,0.9950857310898176
can I see under what circumstances can I request a refund?,check_refund_policy,check_refund_policy,0.9943550724297499
shiping to {{Delivery City}},delivery_options,delivery_options,0.9938288439653697
can I subscribe to the corporate newsletter?,newsletter_subscription,newsletter_subscription,0.9971475094437631
help seeing the available payment methods,check_payment_methods,check_payment_methods,0.9965403507429197
I do not know what I have to do to delete a {{Account Category}} account,delete_account,delete_account,0.9912483590466182
can you help me leave my feedback about your products?,review,review,0.9959890292158935
I need assistance canceling purchase {{Order Number}},cancel_order,cancel_order,0.9942400511972145
I cannot check if there are any news on my rebate,track_refund,track_refund,0.9959876923874121
report anissue with payment,payment_issue,payment_issue,0.9970411464154761
would it be possible to lolok for my bill #12588,check_invoice,check_invoice,0.9873552678803201
assistance to notify of an error with online payment,payment_issue,payment_issue,0.9960448767431854
I don't know what I need to do to close a {{Account Type}} account,delete_account,delete_account,0.9927746227906029
I have a problem with canceling purchase {{Order Number}},cancel_order,cancel_order,0.9947516251176918
I want assistance speaking to customer support,contact_customer_service,contact_customer_service,0.9949997931535727
correct information on platinum account,edit_account,edit_account,0.993416944504823
I'm calling to write a comment about ur services,review,review,0.995296939307306
want help to make an claim against ur organization,complaint,complaint,0.9900553610231525
tell me more about unsubscribing frmo ur company newsletter,newsletter_subscription,newsletter_subscription,0.9950721898840236
i do not know how to give a quick look at invoice #85632,check_invoice,check_invoice,0.9926585310145334
I have an error setting up another delivery address,set_up_shipping_address,set_up_shipping_address,0.9955989402872983
I don't know how I can open a gold account for my daughter,create_account,create_account,0.9933853428381366
I do not know how to see the accepted payment methods,check_payment_methods,check_payment_methods,0.9957482363920199
I do not know how I can see purchase {{Order Number}} status,track_order,track_order,0.9939980330608607
i have got to update my account can i get some help,edit_account,edit_account,0.9847904404270703
do you have a section to submit some feedback for a service?,review,review,0.995785056495435
notify of issues with signup,registration_problems,registration_problems,0.9955915327554598
i do not know what to do to locate the bill #37777,check_invoice,check_invoice,0.9832168248904795
want help knowing if there are any updates on my refund,track_refund,track_refund,0.9935377343316484
I need help to open a {{Account Category}} account for my daughter,create_account,create_account,0.9962384470739497
how can I checkthe cancellation charges?,check_cancellation_fee,check_cancellation_fee,0.9938614935920177
how can I see order {{Order Number}} current status?,track_order,track_order,0.9958507316132911
can ya show me at what time customr service available is,contact_customer_service,contact_customer_service,0.9915412650890468
i dont know how i can see my bill from {{Person Name}},check_invoice,check_invoice,0.9913400220621513
need to receive the damn newsletter will uhelp me,newsletter_subscription,newsletter_subscription,0.9934436569396469
wanna correct order {{Order Number}},change_order,change_order,0.9935793764991594
I want to update the info included on my user account,edit_account,edit_account,0.9964935095796558
i lost the bill from {{Person Name}} will ya mail it to m,get_invoice,get_invoice,0.991848292829108
"I purchased some damn product, help me cancel order {{Order Number}}",cancel_order,cancel_order,0.9917078034670145
I don't know how to inform of problems with a signup,registration_problems,registration_problems,0.9940899345279753
I do not know what I have to do to look for the bill #12588,check_invoice,check_invoice,0.9928259924332945
editing information on {{Account Category}} account,edit_account,edit_account,0.996732519726094
is it possible to modify the shipping address,change_shipping_address,change_shipping_address,0.9935455943053038
need to edit the info included on my user profile help me,edit_account,edit_account,0.9951753623436859
i want help ordering several of ur article,place_order,place_order,0.9943672498433657
have problems with the deletion of my gold account,delete_account,delete_account,0.996117830541038
I want assistance to see your damn money back guarantee,check_refund_policy,check_refund_policy,0.9916992524227494
how could I inform of payment errors?,payment_issue,payment_issue,0.9940070644260773
I don't know how I can chat with someone,contact_human_agent,contact_human_agent,0.9908356788291469
how could I change to the goddamn {{Account Category}} account?,switch_account,switch_account,0.9915286255753722
"I want to locate invoice #37777, how to do it?",check_invoice,check_invoice,0.9877147377746843
I do not know how to send feedback about your services,review,review,0.9947512978021912
mldifying gold account,edit_account,edit_account,0.9930426387222857
I need assistance to cancel order {{Order Number}},cancel_order,cancel_order,0.9955972424335178
leaving review for your company,review,review,0.9949393832715744
where can I earn some articles?,place_order,place_order,0.9939928893934115
I do not know what I have to do to make a reclamation,complaint,complaint,0.9893419952537661
deleter a product from purchase {{Order Number}},change_order,change_order,0.9932305106742548
I need assistance requesting a refund of money,get_refund,get_refund,0.9950404311991107
I am waiting for a rebate of {{Currency Symbol}}{{Refund Amount}},track_refund,track_refund,0.994895436257841
new bloody {{Account Type}} cacount,create_account,create_account,0.9841823756334396
I have a problem with the deletion of my {{Account Category}} account,delete_account,delete_account,0.996679669636784
could you help me to buy some products?,place_order,place_order,0.9915088711297031
help me retrieve the fucking PIN code of my account,recover_password,recover_password,0.9950739692967571
i put my old address by mistake i need help updating it,change_shipping_address,change_shipping_address,0.9911559714395332
is it possible to set the delivery address up?,set_up_shipping_address,set_up_shipping_address,0.9944140749016682
i try to report a problem with a registration,registration_problems,registration_problems,0.9956747958928198
"I have got to enter a delivery address, I need assistance",set_up_shipping_address,set_up_shipping_address,0.9937449263442693
I have to change the delivery adfress,change_shipping_address,change_shipping_address,0.9508992377472506
want assistance to ask for a restitution of my money,get_refund,get_refund,0.9960266970051963
want help to contact customer service,contact_customer_service,contact_customer_service,0.9966866590370643
I want help to make a reclamation,complaint,complaint,0.9942209840643069
"I put the old address by mistake, how do I modify it?",change_shipping_address,change_shipping_address,0.9926698171274643
is there an addressx to submit an opinion for ur company,review,review,0.9925399039628141
"I haveto locate my bills from {{Person Name}}, how to do it?",check_invoice,check_invoice,0.9913377248818097
need assistance to speak to a live agent,contact_human_agent,contact_human_agent,0.9940995800900533
"I have got to set a shipping address up, how can I do it?",set_up_shipping_address,set_up_shipping_address,0.994785058556087
how do i subscribe to the corporate newsletter,newsletter_subscription,newsletter_subscription,0.9967602393125236
can you help me canceling order {{Order Number}}?,cancel_order,cancel_order,0.9944433716609443
corrrect order {{Order Number}},change_order,change_order,0.9874684233781387
I try to see in which cases can I ask for reimbursements,check_refund_policy,check_refund_policy,0.9958780671470958
"I cannot remember my account PIN, I haved to reset it",recover_password,recover_password,0.9953998647922058
where can I find information about my gold account deletion?,delete_account,delete_account,0.9949483047111786
i  need assistance reporting troubles with online payments,payment_issue,payment_issue,0.9952434261679425
i need assistance to check the eta of the order {{Order Number}},track_order,track_order,0.9961616580568466
I do not know what I need to do to get the invoice #85632,get_invoice,get_invoice,0.9921120430451399
i dont know how i can check my refund current status,track_refund,track_refund,0.9900083429600123
how to swap an article of purchase {{Order Number}}?,change_order,change_order,0.9947461362432605
"I can't register, help to inform of a signup issue",registration_problems,registration_problems,0.9959195128085021
I want assistance doing a purchase,place_order,place_order,0.9874774951526355
assistance to use the premium profile,switch_account,switch_account,0.9958093473317152
could you help me adding some items to purchase {{Order Number}}?,change_order,change_order,0.9904552014631026
i do not know what i have to do to purchase some articles,place_order,place_order,0.9919564547840553
I need assistance checking the cancellation charges,check_cancellation_fee,check_cancellation_fee,0.9930815210672312
can ya help em inform of a trouble with online payments,payment_issue,payment_issue,0.9943236813841443
I want assistance obtaining a reimbursement of my money,get_refund,get_refund,0.9951036851567224
want help tyo modify my shipping address,change_shipping_address,change_shipping_address,0.9959602541968219
i want information about the termination of my pro account,delete_account,delete_account,0.9952142527043623
what do i need to do to see the termination fee,check_cancellation_fee,check_cancellation_fee,0.9921317815137732
help me checking when will my package arrive,delivery_period,delivery_period,0.9931461265592402
would it be possible to obtain damn compensations of money,get_refund,get_refund,0.9920265155530821
I do nt know how I could set a different delivery address up,set_up_shipping_address,set_up_shipping_address,0.9921385863663518
"I would like to correct order {{Order Number}}, I need help",change_order,change_order,0.9883073011149547
howq can i set up the secondary delivery address,set_up_shipping_address,set_up_shipping_address,0.9970578624298773
I don't know how to speak with customer support,contact_customer_service,contact_customer_service,0.9954634974432445
i have to receive the corporate newsletter could ya help me,newsletter_subscription,newsletter_subscription,0.9948164028242897
correct data on {{Account Type}} account,edit_account,edit_account,0.995773792675075
