text,actual,predicted,confidence,correct
need assistance to report problems with online payments,payment_issue,payment_issue,1.0,True
I'm trying to see in what cases can i ask for my money back,check_refund_policy,check_refund_policy,1.0,True
i need assistance to check the allowed payment options,check_payment_methods,check_payment_methods,1.0,True
edit ordr {{Order Number}},change_order,change_order,1.0,True
were do i receive bloody compensations of my money,get_refund,get_refund,1.0,True
I am trying to check what delivery methods you offer,delivery_options,delivery_options,1.0,True
I try to lodge a consumer claim against your organization,complaint,complaint,1.0,True
help seeing in what situations can I request to be refunded,check_refund_policy,check_refund_policy,1.0,True
"I cannot sign up, assistance reporting fucking signup issues",registration_problems,registration_problems,1.0,True
would it be possible to ask for compensations of my money?,get_refund,get_refund,1.0,True
I need assistance to give a quick look at the bill #37777,check_invoice,check_invoice,1.0,True
where to leave a review for ur products,review,review,1.0,True
I don't know how I could speak to a human agent,contact_human_agent,contact_human_agent,1.0,True
rebating  {{Refund Amount}} dollars,get_refund,get_refund,1.0,True
I don't know what to do to download the invoice #85632,get_invoice,get_invoice,1.0,True
I want assistance to download my bill #85632,get_invoice,get_invoice,1.0,True
I don't know what I need to do to change to the {{Account Type}} account,switch_account,switch_account,1.0,True
I want help to get my bill from {{Person Name}},get_invoice,get_invoice,1.0,True
send me bills from {{Person Name}},get_invoice,get_invoice,1.0,True
how long does it take for a shipment to arrive,delivery_period,delivery_period,1.0,True
I'm trying to report a problem with online payment,payment_issue,payment_issue,1.0,True
i dont know what i have to do to speak to an assistant,contact_human_agent,contact_human_agent,1.0,True
assistance checking your allowed payment modalities,check_payment_methods,check_payment_methods,1.0,True
i need help notifying of registration issues,registration_problems,registration_problems,1.0,True
"I have paid {{Currency Symbol}}{{Refund Amount}} for an item, help to receive my money back",get_refund,get_refund,1.0,True
i do not know what to do to get my invoice #12588,get_invoice,get_invoice,1.0,True
where can i see how long the shipping takes,delivery_period,delivery_period,1.0,True
"I have got to see your payment modalities, I need help",check_payment_methods,check_payment_methods,1.0,True
how can I demand reimbursements of my money?,get_refund,get_refund,1.0,True
where do i check ur goddamn money bafk guarantee,check_refund_policy,check_refund_policy,1.0,True
creating new {{Account Category}} account,create_account,create_account,1.0,True
"I have to get the goddamn bill from {{Person Name}}, help me",get_invoice,get_invoice,1.0,True
is there an address to leave my feedback for a service,review,review,1.0,True
where is order {{Order Number}}?,track_order,track_order,1.0,True
can I check in which situations can I request refunds?,check_refund_policy,check_refund_policy,1.0,True
"I cannot make a payment, how could I report bloody problems?",payment_issue,payment_issue,1.0,True
i do not know what i need to do to get my invoice #85632,get_invoice,get_invoice,1.0,True
"I have to sign up to your corporate newsletter, help me",newsletter_subscription,newsletter_subscription,1.0,True
I don't know what I need to do to modify my delivery address,change_shipping_address,change_shipping_address,1.0,True
where to notify of problems with online payments?,payment_issue,payment_issue,1.0,True
canm you help me to update purchase {{Order Number}}?,change_order,change_order,1.0,True
i need help trying to change the address,change_shipping_address,change_shipping_address,1.0,True
i have to check at what time i can contact custome support,contact_customer_service,contact_customer_service,1.0,True
I don't know how I can shop several articles,place_order,place_order,1.0,True
"I would like to list the payment methods, how to do it?",check_payment_methods,check_payment_methods,1.0,True
purchase {{Order Number}} current status,track_order,track_order,1.0,True
could you help me modify the bloody data on my profile?,edit_account,edit_account,1.0,True
needc help checking the withdrawal fees,check_cancellation_fee,check_cancellation_fee,1.0,True
help me to retrieve my PIN code,recover_password,recover_password,1.0,True
errors setting up a different shipping address,set_up_shipping_address,set_up_shipping_address,1.0,True
I want assistance updating the shipping address,change_shipping_address,change_shipping_address,1.0,True
can you help me cancelling the {{Account Category}} account?,delete_account,delete_account,1.0,True
could you help me see the withdrawal charges?,check_cancellation_fee,check_cancellation_fee,1.0,True
error setting up a damn new shipping address,set_up_shipping_address,set_up_shipping_address,1.0,True
I try to check how long reimbursements usually take,check_refund_policy,check_refund_policy,1.0,True
consumer claim against your business,complaint,complaint,1.0,True
can you help me listing your accepted payment modalities?,check_payment_methods,check_payment_methods,1.0,True
help me seeing the early exit fee,check_cancellation_fee,check_cancellation_fee,1.0,True
how can I report a sign-up error?,registration_problems,registration_problems,1.0,True
help to lodge a claim against your organization,complaint,complaint,1.0,True
can you help me purchasing a damn item?,place_order,place_order,1.0,True
wanna see how soon can i expect the package how to do it,delivery_period,delivery_period,1.0,True
help checking the status of the refund,track_refund,track_refund,1.0,True
can ya give me information about a forgotten access key,recover_password,recover_password,1.0,True
open a {{Account Type}} account,create_account,create_account,1.0,True
how can I see what shipping methods are there?,delivery_options,delivery_options,1.0,True
getbills from {{Person Name}},get_invoice,get_invoice,1.0,True
i need assistance to track the restitution,track_refund,track_refund,1.0,True
help me to see the ETA of the purchase {{Order Number}},track_order,track_order,1.0,True
i have  a trouble setting up the shipping address,set_up_shipping_address,set_up_shipping_address,1.0,True
I don't  know how I can find the invoices from {{Person Name}},check_invoice,check_invoice,1.0,True
I need assistance to switch to the {{Account Type}} account,switch_account,switch_account,1.0,True
can you help me receiving rebates of money?,get_refund,get_refund,1.0,True
need assistance to notify of errors with a registration,registration_problems,registration_problems,1.0,True
can you help me cancel purchase {{Order Number}}?,cancel_order,cancel_order,1.0,True
I don't know how to check the compensation status,track_refund,track_refund,1.0,True
I want assistance to change to the {{Account Type}} account,switch_account,switch_account,1.0,True
i need help to notify of payment errors,payment_issue,payment_issue,1.0,True
help me restoring my account key,recover_password,recover_password,1.0,True
get bills from {{Person Name}},get_invoice,get_invoice,1.0,True
question about canceling order {{Order Number}},cancel_order,cancel_order,1.0,True
where  do i lodge a consumer claim against ur company,complaint,complaint,1.0,True
modifying info on premium account,edit_account,edit_account,1.0,True
assistance seeing what hours I can contact customer service,contact_customer_service,contact_customer_service,1.0,True
is it possible to notify of a registration problem?,registration_problems,registration_problems,1.0,True
needhelp submitting some feedback,review,review,1.0,True
i need information about the termination of my {{Account Type}} account,delete_account,delete_account,1.0,True
I need assistance to check how soon can I expect my package,delivery_period,delivery_period,1.0,True
i dont know what to do to talk to an assistant,contact_human_agent,contact_human_agent,1.0,True
i call to get my invoice from {{Person Name}},get_invoice,get_invoice,1.0,True
need assistance acquiring several articles,place_order,place_order,1.0,True
wanna know about delivery periods give me some informtion,delivery_period,delivery_period,1.0,True
I need help seeing the ETA of the purchase {{Order Number}},track_order,track_order,1.0,True
help sending feedback for your company,review,review,1.0,True
I need to earn several articles,place_order,place_order,1.0,True
where can i order somedthing,place_order,place_order,1.0,True
can uhelp me cancelling purchase {{Order Number}},cancel_order,cancel_order,1.0,True
i want assistance setting the new shipping dadress up,set_up_shipping_address,set_up_shipping_address,1.0,True
i dont know what to do to notify of sign-up issues,registration_problems,registration_problems,1.0,True
i do not know how to see the cancellation penalty,check_cancellation_fee,check_cancellation_fee,1.0,True
"I have got to submit a new shipping address, I need help",set_up_shipping_address,set_up_shipping_address,1.0,True
where do I see when my item is going to arrive?,delivery_period,delivery_period,1.0,True
how can i leave my feedback for ur company,review,review,1.0,True
can you help me to see the compensation current status?,track_refund,track_refund,1.0,True
"I have to change an item of purchase {{Order Number}}, help me",change_order,change_order,1.0,True
"I want to see the status of my rebate, help me",track_refund,track_refund,1.0,True
"I have got to see your refund policy, I need assistance",check_refund_policy,check_refund_policy,1.0,True
problem with {{Account Category}} account removals,delete_account,delete_account,1.0,True
information about canceling the newsletter subscription,newsletter_subscription,newsletter_subscription,1.0,True
report a goddamn problem with payment,payment_issue,payment_issue,1.0,True
"I want to submit my feedback for your products, help me",review,review,1.0,True
I have got to unsubscribe to the company newsletter,newsletter_subscription,newsletter_subscription,1.0,True
I do not know how to close a standard account,delete_account,delete_account,1.0,True
can you help me enter the secondary shipping address ?,set_up_shipping_address,set_up_shipping_address,1.0,True
"I never make use of my {{Account Type}} account, assistance deleting it",delete_account,delete_account,1.0,True
I have to notify of issues with a signup,registration_problems,registration_problems,1.0,True
help to talk with a person,contact_human_agent,contact_human_agent,1.0,True
can you help me to ask for damn restitutions of money?,get_refund,get_refund,1.0,True
I do not know how I can see hlw soon can I expect my package,delivery_period,delivery_period,1.0,True
can you show me what delivery methods I can choose?,delivery_options,delivery_options,1.0,True
camceling order {{Order Number}},cancel_order,cancel_order,1.0,True
need to locate my invoice #37777 how do i do it,check_invoice,check_invoice,1.0,True
i want assistance to buy a few of ur article,place_order,place_order,1.0,True
I need help to submit feedback about your products,review,review,1.0,True
I need assistance to see the allowed payment options,check_payment_methods,check_payment_methods,1.0,True
help to unsubscribe to the company newsletter,newsletter_subscription,newsletter_subscription,1.0,True
I want herlp to obtain reimbursements of money,get_refund,get_refund,1.0,True
add product to purchase {{Order Number}},change_order,change_order,1.0,True
how doI see the early termination penalty?,check_cancellation_fee,check_cancellation_fee,1.0,True
see invoices from {{Person Name}},check_invoice,check_invoice,1.0,True
is it possible to create a freemium account?,create_account,create_account,1.0,True
what do i have to do to see the available payment modalities,check_payment_methods,check_payment_methods,1.0,True
unsubscribe from your corporate newsletter,newsletter_subscription,newsletter_subscription,1.0,True
I have to report a problem with signup,registration_problems,registration_problems,1.0,True
I am waiting for a refund of {{Refund Amount}} dollars,track_refund,track_refund,1.0,True
take a quick look at my invoices from {{Person Name}},check_invoice,check_invoice,1.0,True
I want to give a quick look at my invoice #12588,check_invoice,check_invoice,1.0,True
edit platinum accont,edit_account,edit_account,1.0,True
is it possible to see what delivery options I have?,delivery_options,delivery_options,1.0,True
remove item from order {{Order Number}},change_order,change_order,1.0,True
how to speak with somebody ?,contact_human_agent,contact_human_agent,1.0,True
editing {{Account Type}} account,edit_account,edit_account,1.0,True
"I have to report a sign-up issue, can you help me?",registration_problems,registration_problems,1.0,True
i want help creating a {{Account Type}} account for my dad,create_account,create_account,1.0,True
i have got to request reimbirsements of money,get_refund,get_refund,1.0,True
wanna check in wshat situations can i ask for a refund,check_refund_policy,check_refund_policy,1.0,True
I have got to see the early exit fee,check_cancellation_fee,check_cancellation_fee,1.0,True
i need assistance to locate bill #85632,check_invoice,check_invoice,1.0,True
where can i report issues with payment,payment_issue,payment_issue,1.0,True
i dont know what to do to notify of an issue with a sign-up,registration_problems,registration_problems,1.0,True
how can I cancel my subscription to your neswletter?,newsletter_subscription,newsletter_subscription,1.0,True
see in which cases can I request my money back,check_refund_policy,check_refund_policy,1.0,True
i cant pay  inform of a problem with payment,payment_issue,payment_issue,1.0,True
what do i need to do to leave an opinion for a service,review,review,1.0,True
I expect a reimbursmeent of {{Refund Amount}} dollars,track_refund,track_refund,1.0,True
i expect a refund of {{Refund Amount}} dollars has it been processed,track_refund,track_refund,1.0,True
where can I find information about changing my address?,change_shipping_address,change_shipping_address,1.0,True
assistance to restore my damn profile access key,recover_password,recover_password,1.0,True
closing {{Account Category}} account,delete_account,delete_account,1.0,True
I want help swapping an item of order {{Order Number}},change_order,change_order,1.0,True
want assistance to reset the pin of my account,recover_password,recover_password,1.0,True
i expect an rebate of {{Currency Symbol}}{{Refund Amount}},track_refund,track_refund,1.0,True
"I would like to correct order {{Order Number}}, will you help me?",change_order,change_order,1.0,True
I'm trying to check if there are any updates on the rebate,track_refund,track_refund,1.0,True
I am trying to find the shipping perod,delivery_period,delivery_period,1.0,True
I don't know how I can list the payment options,check_payment_methods,check_payment_methods,1.0,True
help me cancel purchase {{Order Number}},cancel_order,cancel_order,1.0,True
I don't know how I can speak to an agent,contact_human_agent,contact_human_agent,1.0,True
is it possible to ordet from {{Delivery Country}},delivery_options,delivery_options,1.0,True
want assistance informing of an error with online payment,payment_issue,payment_issue,1.0,True
help me to file a consumer claim,complaint,complaint,1.0,True
what do I need to do to delete a goddamn gold account?,delete_account,delete_account,1.0,True
do you deliver to {{Delivery Country}}?,delivery_options,delivery_options,1.0,True
help me to see in what cases can I ask for reimbursements,check_refund_policy,check_refund_policy,1.0,True
change details on freemium account,edit_account,edit_account,1.0,True
i cant subscribe to the damn company newsletter,newsletter_subscription,newsletter_subscription,1.0,True
I am trying to check my compensation current status,track_refund,track_refund,1.0,True
delete {{Account Category}} account,delete_account,delete_account,1.0,True
"I would like to cancel purchase {{Order Number}}, I need help",cancel_order,cancel_order,1.0,True
could I edit my damn profile?,edit_account,edit_account,1.0,True
can you help me obtaining a compensation?,get_refund,get_refund,1.0,True
order {{Order Number}} current status,track_order,track_order,1.0,True
i want assistance to solve issues with payment,payment_issue,payment_issue,1.0,True
can you help me cancelling the bloody purchase I made?,cancel_order,cancel_order,1.0,True
I don't know what I have to do to make a customer complaint,complaint,complaint,1.0,True
can i place an oeder from {{Delivery City}},delivery_options,delivery_options,1.0,True
I want help to notify of issues with payment,payment_issue,payment_issue,1.0,True
where can i leave my feedback about ur products,review,review,1.0,True
can you help me informing of errors with payment?,payment_issue,payment_issue,1.0,True
I want assistance to see how soon can I expect my purchase,delivery_period,delivery_period,1.0,True
deleting premium account,delete_account,delete_account,1.0,True
is it possible to demand a rebate of my money?,get_refund,get_refund,1.0,True
where do i restore the password ofmy account,recover_password,recover_password,1.0,True
how can i talk wiht customer service,contact_customer_service,contact_customer_service,1.0,True
i have to reset the pin code of my profile,recover_password,recover_password,1.0,True
I do not know how to retrieve my user account pwd,recover_password,recover_password,1.0,True
can i order frlm {{Delivery City}},delivery_options,delivery_options,1.0,True
could I check in what cases can I ask to be reimbursed?,check_refund_policy,check_refund_policy,1.0,True
what do i need to do to chcek when will my article arrive,delivery_period,delivery_period,1.0,True
where can I find information about an address update?,change_shipping_address,change_shipping_address,1.0,True
purchase {{Order Number}} current  status,track_order,track_order,1.0,True
I have to make a claim against your organization,complaint,complaint,1.0,True
I don't know how to make a complaint against your company,complaint,complaint,1.0,True
I do not know how to reset the pass of my profile,recover_password,recover_password,1.0,True
I do not know how to acquire a few of your product,place_order,place_order,1.0,True
could you help me to check what delivery methods I have?,delivery_options,delivery_options,1.0,True
opening standard account for wife,create_account,create_account,1.0,True
how do i shop some products,place_order,place_order,1.0,True
see in which cases can I request to be refunded,check_refund_policy,check_refund_policy,1.0,True
I would like to know about changing my delivery address,change_shipping_address,change_shipping_address,1.0,True
I need to see in what cases can I request to be refunded,check_refund_policy,check_refund_policy,1.0,True
I need to talk with customer service,contact_customer_service,contact_customer_service,1.0,True
"I want to see when will my product arrive, I need help",delivery_period,delivery_period,1.0,True
is there a way to send a comment for ur products,review,review,1.0,True
"I want astandard account, could I open it?",create_account,create_account,1.0,True
I need assistance to inform of issues with payments,payment_issue,payment_issue,1.0,True
is it possible to notify of an issue with signup,registration_problems,registration_problems,1.0,True
check accepted payment methoxs,check_payment_methods,check_payment_methods,1.0,True
I expect an reimbursement of {{Currency Symbol}}{{Refund Amount}},track_refund,track_refund,1.0,True
what do I have to do to close the {{Account Type}} account?,delete_account,delete_account,1.0,True
I try to see what shipment options are available,delivery_options,delivery_options,1.0,True
how ot edit order {{Order Number}}?,change_order,change_order,1.0,True
deleting {{Account Type}} accoumt,delete_account,delete_account,1.0,True
I do not know how to find invoice #85632,check_invoice,check_invoice,1.0,True
I want help informing of sign-up errors,registration_problems,registration_problems,1.0,True
help me to inform of an issue with online payment,payment_issue,payment_issue,1.0,True
how can i lodge a cuxtomer complaint against ur organization,complaint,complaint,1.0,True
help me sign up to ur company newsletter,newsletter_subscription,newsletter_subscription,1.0,True
can I swap something of order {{Order Number}}?,change_order,change_order,1.0,True
want help to get my money back,get_refund,get_refund,1.0,True
wanna check what payment methods uaccept,check_payment_methods,check_payment_methods,1.0,True
I don't know how I can change to the freemium account,switch_account,switch_account,1.0,True
I don't want purchase {{Order Number}},cancel_order,cancel_order,1.0,True
whaty do i need to do to check the invoice #00108,check_invoice,check_invoice,1.0,True
i have an error trying to correct my address,change_shipping_address,change_shipping_address,1.0,True
can uhelp me check what hours customer support available is,contact_customer_service,contact_customer_service,1.0,True
I want to receive your corporate newsletter,newsletter_subscription,newsletter_subscription,1.0,True
can you help me seeing in what cases can I request a refund?,check_refund_policy,check_refund_policy,1.0,True
how to make a complaint against your organization?,complaint,complaint,1.0,True
I have to see when will my article arrive,delivery_period,delivery_period,1.0,True
how do i check the current status of the reimbursement,track_refund,track_refund,1.0,True
I need help to see if there are any updates on my rebate,track_refund,track_refund,1.0,True
could you help me listing the allowed payment modalities?,check_payment_methods,check_payment_methods,1.0,True
i paid {{Currency Symbol}}{{Refund Amount}} for this order want help getting an rebate,get_refund,get_refund,1.0,True
assistance to inform of an issue with registrations,registration_problems,registration_problems,1.0,True
is it possible to report problems with sign-up?,registration_problems,registration_problems,1.0,True
I do not know how I can list the accepted payment modalitiws,check_payment_methods,check_payment_methods,1.0,True
how to demand a compensation of my money?,get_refund,get_refund,1.0,True
check ETA of order {{Order Number}},track_order,track_order,1.0,True
"I want to add something to purchase {{Order Number}}, help me",change_order,change_order,1.0,True
uhave a method to submit an opinion for ur company,review,review,1.0,True
where can i acquire an few of ur article,place_order,place_order,1.0,True
how to set up my secondary shipping address?,set_up_shipping_address,set_up_shipping_address,1.0,True
i want help to file a complaint against ur business,complaint,complaint,1.0,True
help regarding payments,payment_issue,payment_issue,1.0,True
can Icontact a person?,contact_human_agent,contact_human_agent,1.0,True
would it be possible to talk to an operator?,contact_human_agent,contact_human_agent,1.0,True
how can i see the bill #00108,check_invoice,check_invoice,1.0,True
how can I check what hours I can reach customer service?,contact_customer_service,contact_customer_service,1.0,True
where can I make a claim against your company?,complaint,complaint,1.0,True
how to notify of a trouble with online payment,payment_issue,payment_issue,1.0,True
need to inform of problems with registrations,registration_problems,registration_problems,1.0,True
i have a question about the termination of a standard acount,delete_account,delete_account,1.0,True
need to remove the platinum account,delete_account,delete_account,1.0,True
I am trying to unsubscribe from your newsletter,newsletter_subscription,newsletter_subscription,1.0,True
can you help me checking the early exit fees?,check_cancellation_fee,check_cancellation_fee,1.0,True
information about my subscription to your company newsletter,newsletter_subscription,newsletter_subscription,1.0,True
editing data on gold account,edit_account,edit_account,1.0,True
cance order {{Order Number}},cancel_order,cancel_order,1.0,True
I want help to check in which cases can I ask for a refund,check_refund_policy,check_refund_policy,1.0,True
need help canging to the premium account,switch_account,switch_account,1.0,True
want help downloading the invoice  from {{Person Name}},get_invoice,get_invoice,1.0,True
can uhelp me leaving a comment about ur services,review,review,1.0,True
I want assistance seeing how soon can I expect my parcel,delivery_period,delivery_period,1.0,True
help adding an article to purchase {{Order Number}},change_order,change_order,1.0,True
help recovering the password of my profile,recover_password,recover_password,1.0,True
what do I need to do to download my bills from {{Person Name}}?,get_invoice,get_invoice,1.0,True
I have to unsubscribe to your newsletter,newsletter_subscription,newsletter_subscription,1.0,True
do you deliver to {{Delivery City}} ?,delivery_options,delivery_options,1.0,True
i dont know how to give a quick look at bill #37777,check_invoice,check_invoice,1.0,True
I am waiting for a refund of {{Currency Symbol}}{{Refund Amount}},track_refund,track_refund,1.0,True
accepted payment methods,check_payment_methods,check_payment_methods,1.0,True
i dont know what i need to do to open a {{Account Type}} account,create_account,create_account,1.0,True
can you tell me more about a delivery address correction?,change_shipping_address,change_shipping_address,1.0,True
i want assistznce signing up to ur company newsletter,newsletter_subscription,newsletter_subscription,1.0,True
help with cancelling purchase {{Order Number}},cancel_order,cancel_order,1.0,True
I am trying to check your bloody reimbursement policy,check_refund_policy,check_refund_policy,1.0,True
is it possible to inform of a sign-up issue,registration_problems,registration_problems,1.0,True
need help to see the ETA of the purchase {{Order Number}},track_order,track_order,1.0,True
i do not know how i could leave some feedback for a product,review,review,1.0,True
hw to report troubles with payment?,payment_issue,payment_issue,1.0,True
need help to see how long it takes for my shipment to arrive,delivery_period,delivery_period,1.0,True
I am calling to write a review about a service,review,review,1.0,True
I want help seeing when will my item arrive,delivery_period,delivery_period,1.0,True
I need help opening a standard account,create_account,create_account,1.0,True
wanna see bill #85632,check_invoice,check_invoice,1.0,True
assistance sending my feedback about ur services,review,review,1.0,True
i dont know how to sign up to the newsletter,newsletter_subscription,newsletter_subscription,1.0,True
can I check purchase {{Order Number}} status?,track_order,track_order,1.0,True
I do not know how I candownload my bill #37777,get_invoice,get_invoice,1.0,True
I don't know how I can report registration errors,registration_problems,registration_problems,1.0,True
report issues with payments,payment_issue,payment_issue,1.0,True
how do i see the termination penalty,check_cancellation_fee,check_cancellation_fee,1.0,True
help me delete an article from purchase {{Order Number}},change_order,change_order,1.0,True
use {{Account Type}} account,switch_account,switch_account,1.0,True
i need assistance talking with an agent,contact_human_agent,contact_human_agent,1.0,True
"I have to speak with customer support, can you help me?",contact_customer_service,contact_customer_service,1.0,True
I'm waiting for a reimbjrsement of {{Currency Symbol}}{{Refund Amount}},track_refund,track_refund,1.0,True
I do not know how I can cancel purchase {{Order Number}},cancel_order,cancel_order,1.0,True
where do I change my shipping address?,change_shipping_address,change_shipping_address,1.0,True
i aint registered yet help me opening an {{Account Type}} account,create_account,create_account,1.0,True
can i place an oeder from {{Delivery City}},delivery_options,delivery_options,1.0,True
need assistance seeing the withdrawal penalty,check_cancellation_fee,check_cancellation_fee,1.0,True
how can i earn several of urarticle,place_order,place_order,1.0,True
where doi see the withdrawal penalties,check_cancellation_fee,check_cancellation_fee,1.0,True
I do not know what to do to check the cancellation penalties,check_cancellation_fee,check_cancellation_fee,1.0,True
see order {{Order Number}} stats,track_order,track_order,1.0,True
i have paid {{Currency Symbol}}{{Refund Amount}} for a product where to receive a rebate,get_refund,get_refund,1.0,True
change to {{Account Type}} acount,switch_account,switch_account,1.0,True
i dont know how to get a reimbursement of my money,get_refund,get_refund,1.0,True
how can I locate the invoice #37777?,check_invoice,check_invoice,1.0,True
get bill #00108,get_invoice,get_invoice,1.0,True
I'm trying to notify of payment problems,payment_issue,payment_issue,1.0,True
I cannot change some products of pirchase {{Order Number}},change_order,change_order,1.0,True
can you help me to speak to a person?,contact_human_agent,contact_human_agent,1.0,True
"I have to shop a few of your product, how could I do it?",place_order,place_order,1.0,True
i do not know what to do to purchase several of ur product,place_order,place_order,1.0,True
wat support trying to update my address,change_shipping_address,change_shipping_address,1.0,True
what do I need to do to chat with a person?,contact_human_agent,contact_human_agent,1.0,True
problem with canceling purchase {{Order Number}},cancel_order,cancel_order,1.0,True
i cant chat with an operator,contact_human_agent,contact_human_agent,1.0,True
see status of purchase {{Order Number}},track_order,track_order,1.0,True
I need hepl with opening a premium account,create_account,create_account,1.0,True
download bill from {{Person Name}},get_invoice,get_invoice,1.0,True
I have to contact an operator,contact_human_agent,contact_human_agent,1.0,True
i purchased some fucking item cancel order {{Order Number}},cancel_order,cancel_order,1.0,True
I want assistance to see the ETA of the order {{Order Number}},track_order,track_order,1.0,True
how can I check the payment modalities?,check_payment_methods,check_payment_methods,1.0,True
help recovering thr PIN of my profile,recover_password,recover_password,1.0,True
how can i notify of an issue with a signup,registration_problems,registration_problems,1.0,True
checking order {{Order Number}} current status,track_order,track_order,1.0,True
I expect a rebate of {{Refund Amount}} dollars,track_refund,track_refund,1.0,True
help me cancelling purchase {{Order Number}},cancel_order,cancel_order,1.0,True
I am trying to speak to an agent,contact_human_agent,contact_human_agent,1.0,True
edit details on freemium account,edit_account,edit_account,1.0,True
"I want to see the allowed payment methods , how can I do it?",check_payment_methods,check_payment_methods,1.0,True
can I close a {{Account Category}} account?,delete_account,delete_account,1.0,True
"I have to find the damn bill from {{Person Name}}, help me",check_invoice,check_invoice,1.0,True
"I wold like to talk to customer service, could you help me?",contact_customer_service,contact_customer_service,1.0,True
show me my invoices fromn {{Person Name}},check_invoice,check_invoice,1.0,True
i have an issue setting up my new dedlivery address,set_up_shipping_address,set_up_shipping_address,1.0,True
is it possible to purchase a few of your article?,place_order,place_order,1.0,True
getting bill #37777,get_invoice,get_invoice,1.0,True
I expect a rebate of {{Refund Amount}} dollars,track_refund,track_refund,1.0,True
I need help to see the status of my newsletter subscription,newsletter_subscription,newsletter_subscription,1.0,True
need to get the invoices from {{Person Name}},get_invoice,get_invoice,1.0,True
can uhelp me to see how long reimbursements usually take,check_refund_policy,check_refund_policy,1.0,True
need assistance modifying my user info,edit_account,edit_account,1.0,True
I need help checking the allowed payment  options,check_payment_methods,check_payment_methods,1.0,True
"I have to update purchase {{Order Number}}, how could I do it?",change_order,change_order,1.0,True
"I want to reset the bloody key of my user, will you help me?",recover_password,recover_password,1.0,True
leaving review about your company,review,review,1.0,True
were do I see at what time I can reach customer service?,contact_customer_service,contact_customer_service,1.0,True
need help filing an complaint against your company,complaint,complaint,1.0,True
could you show me inwhat cases can I ask for refunds?,check_refund_policy,check_refund_policy,1.0,True
where do I receive the corporate newsletter?,newsletter_subscription,newsletter_subscription,1.0,True
I want assistance ordering an article,place_order,place_order,1.0,True
I need help informing of an issue with payment,payment_issue,payment_issue,1.0,True
I am trying to earn several items,place_order,place_order,1.0,True
help creating account,registration_problems,create_account,1.0,False
i do not know what to do to cancel purchase {{Order Number}},cancel_order,cancel_order,1.0,True
is it possible to place a order from {{Delivery Country}}?,delivery_options,delivery_options,1.0,True
I want help canceling the standard account,delete_account,delete_account,1.0,True
where to recover the pass og my user account,recover_password,recover_password,1.0,True
how can I get information about my newsletter subscription?,newsletter_subscription,newsletter_subscription,1.0,True
"I lost my bill from {{Person Name}}, can you show them to me?",check_invoice,check_invoice,1.0,True
I do not know how I can receive the company newsletter,newsletter_subscription,newsletter_subscription,1.0,True
I want help checking how soon can I expect the parcel,delivery_period,delivery_period,1.0,True
help me retsore my pass,recover_password,recover_password,1.0,True
I can't redtore my bloody user pwd,recover_password,recover_password,1.0,True
i need help ordering several articles,place_order,place_order,1.0,True
I need help entering the shipping address,set_up_shipping_address,set_up_shipping_address,1.0,True
i try to talk with a person,contact_human_agent,contact_human_agent,1.0,True
cancel purchase  {{Order Number}},cancel_order,cancel_order,1.0,True
is it possible to cancel order {{Order Number}}?,cancel_order,cancel_order,1.0,True
wanna call cystomer assistance,contact_customer_service,contact_customer_service,1.0,True
I want assistance to get my invoices from {{Person Name}},get_invoice,get_invoice,1.0,True
help to purcase some of your item,place_order,place_order,1.0,True
check in which situations can I request my money back,check_refund_policy,check_refund_policy,1.0,True
need help with canceling order {{Order Number}},cancel_order,cancel_order,1.0,True
where do I make a customer reclamation against your company?,complaint,complaint,1.0,True
ehlp to check ur allowed payment modalities,check_payment_methods,check_payment_methods,1.0,True
can you help me checking your reimbursement policy?,check_refund_policy,check_refund_policy,1.0,True
where do I earn something?,place_order,place_order,1.0,True
i cannot pay want help to report errors with payments,payment_issue,payment_issue,1.0,True
can you help me create a different bloody platinum account?,create_account,create_account,1.0,True
could I check at what time I can call customer service?,contact_customer_service,contact_customer_service,1.0,True
I need assistance to unsubscribe from the company newsletter,newsletter_subscription,newsletter_subscription,1.0,True
I need assistance to chat with a fucking human agent,contact_human_agent,contact_human_agent,1.0,True
file reclamation against your organization,complaint,complaint,1.0,True
I want to know about correcting my delivery address,change_shipping_address,change_shipping_address,1.0,True
I try to notify of an error with online payments,payment_issue,payment_issue,1.0,True
editting details on pro account,edit_account,edit_account,1.0,True
acn ya help me to sign up to ur corporate newsletter,newsletter_subscription,newsletter_subscription,1.0,True
showing me estimated time of arrival of purchase {{Order Number}},track_order,track_order,1.0,True
another {{Account Category}} account for father,create_account,create_account,1.0,True
where can I get the invoices from {{Person Name}}?,get_invoice,get_invoice,1.0,True
wanna see at what time customer service available is,contact_customer_service,contact_customer_service,1.0,True
i need help to see the goddamn allowed payment methods,check_payment_methods,check_payment_methods,1.0,True
can I use the bloody {{Account Type}} profile?,switch_account,switch_account,1.0,True
hoe can i check the withdrawal penalties,check_cancellation_fee,check_cancellation_fee,1.0,True
I don't know how I can update my address,change_shipping_address,change_shipping_address,1.0,True
assistance seeing how soon can I exect my delivery,delivery_period,delivery_period,1.0,True
"I need to cancel a {{Account Type}} account, could you help me?",delete_account,delete_account,1.0,True
I want assistance to cancel order {{Order Number}},cancel_order,cancel_order,1.0,True
help to locate the bill from {{Person Name}},check_invoice,check_invoice,1.0,True
i cant find anything about the cancellation fees,check_cancellation_fee,check_cancellation_fee,1.0,True
check ur paymnt modalities,check_payment_methods,check_payment_methods,1.0,True
assistance seeing in what casew can i ask to be refunded,check_refund_policy,check_refund_policy,1.0,True
i expect a compensqtion of {{Refund Amount}} dollars,track_refund,track_refund,1.0,True
could you help me request a compensation of my money?,get_refund,get_refund,1.0,True
I'm trying to retrieve the pas of my user profile,recover_password,recover_password,1.0,True
hjow to use the gold profile?,switch_account,switch_account,1.0,True
hwat do I have to do to see the early termination charges?,check_cancellation_fee,check_cancellation_fee,1.0,True
what do I need to do to  submit a delivery address?,set_up_shipping_address,set_up_shipping_address,1.0,True
I need to ask fot refunds of money,get_refund,get_refund,1.0,True
i do not know how i can find bill #00108,check_invoice,check_invoice,1.0,True
I can't talk with  a human agent,contact_human_agent,contact_human_agent,1.0,True
how can I inform of a trouble with payhments?,payment_issue,payment_issue,1.0,True
I want assistance deleting a gold account,delete_account,delete_account,1.0,True
I have to restore my profile PIN,recover_password,recover_password,1.0,True
I don't know how I can download my invoice from {{Person Name}},get_invoice,get_invoice,1.0,True
I want help using the pro profile,switch_account,switch_account,1.0,True
I want assistance checking the payment modalities,check_payment_methods,check_payment_methods,1.0,True
need to check in which cases can i request an refund,check_refund_policy,check_refund_policy,1.0,True
I don't know how I can obtain rebates,get_refund,get_refund,1.0,True
"I want to enter the new shipping address, how to do it?",set_up_shipping_address,set_up_shipping_address,1.0,True
help using the {{Account Type}} profile,switch_account,switch_account,1.0,True
is it possible to retrieve my user account password?,recover_password,recover_password,1.0,True
I don't know how I can see the early termination penalties,check_cancellation_fee,check_cancellation_fee,1.0,True
need assistancee to check your damn reimbursement policy,check_refund_policy,check_refund_policy,1.0,True
I want assistance chatting with an operator,contact_human_agent,contact_human_agent,1.0,True
cancel {{Account Type}} account,delete_account,delete_account,1.0,True
"I have to get the bill from {{Person Name}}, how to do it?",get_invoice,get_invoice,1.0,True
will ya send me my invoices from {{Person Name}},get_invoice,get_invoice,1.0,True
modifying information on {{Account Type}} account,edit_account,edit_account,1.0,True
help me create a {{Account Category}} account,create_account,create_account,1.0,True
edit ordr {{Order Number}},change_order,change_order,1.0,True
wanna use thed freemium profile can ya help me,switch_account,switch_account,1.0,True
where to buy an item,place_order,place_order,1.0,True
how do I check when my shipment is going to arrive?,delivery_period,delivery_period,1.0,True
I can't recerive the newsletter,newsletter_subscription,newsletter_subscription,1.0,True
i have to see how soon can i expect my package how to do ig,delivery_period,delivery_period,1.0,True
updating order {{Order Number}},change_order,change_order,1.0,True
how can I create a gold account for my fiance?,create_account,create_account,1.0,True
need help cancelling my subscription to ur newsletter,newsletter_subscription,newsletter_subscription,1.0,True
want assistance canceling the standard account,delete_account,delete_account,1.0,True
where do I check the payment modalities?,check_payment_methods,check_payment_methods,1.0,True
I want assistance making a complaint against your business,complaint,complaint,1.0,True
help me see in what situations can I request reimbursements,check_refund_policy,check_refund_policy,1.0,True
where to notify of issues with a registration,registration_problems,registration_problems,1.0,True
i dont know what to do to speak to customer support,contact_customer_service,contact_customer_service,1.0,True
i dont know what i need to do to locate invoice #85632,check_invoice,check_invoice,1.0,True
how do Ispeak with customer service?,contact_customer_service,contact_customer_service,1.0,True
create standard account for wife,create_account,create_account,1.0,True
would it be possible to retrieve my user account access key?,recover_password,recover_password,1.0,True
need help to place an oredr,place_order,place_order,1.0,True
new {{Account Category}} account for wife,create_account,create_account,1.0,True
I want to buy an article,place_order,place_order,1.0,True
get invoice from nine months ago,get_invoice,get_invoice,1.0,True
is it possible to change to the standard account?,switch_account,switch_account,1.0,True
help me inform of an error with online payment,payment_issue,payment_issue,1.0,True
Ido not know how I can leave a comment,review,review,1.0,True
could you help me cancel purchase {{Order Number}}?,cancel_order,cancel_order,1.0,True
information about opening {{Account Category}} accounts,create_account,create_account,1.0,True
I do not know what to do to chat with an operator,contact_human_agent,contact_human_agent,1.0,True
I want assistance checking how long refunds take,check_refund_policy,check_refund_policy,1.0,True
I need to see the available payment modalities,check_payment_methods,check_payment_methods,1.0,True
correcting purchase {{Order Number}},change_order,change_order,1.0,True
I want help to see your payment modalities,check_payment_methods,check_payment_methods,1.0,True
need help informing of rergistration errors,registration_problems,registration_problems,1.0,True
talk with a human agent,contact_human_agent,contact_human_agent,1.0,True
I cannot find the termination penalties,check_cancellation_fee,check_cancellation_fee,1.0,True
i dont know what to do to obtain a reimbursement of money,get_refund,get_refund,1.0,True
help me to get in touch with bloody customer support,contact_customer_service,contact_customer_service,1.0,True
i need assistance to set up the new delivery address,set_up_shipping_address,set_up_shipping_address,1.0,True
I don't know how I can track my rebate,track_refund,track_refund,1.0,True
I try to change several bloody items of order {{Order Number}},change_order,change_order,1.0,True
calling customer assistance,contact_customer_service,contact_customer_service,1.0,True
is it possible to order some of ur item,place_order,place_order,1.0,True
I can't talk with a person,contact_human_agent,contact_human_agent,1.0,True
there are issues setting up a secondary shipping address,set_up_shipping_address,set_up_shipping_address,1.0,True
I can't add some items to order {{Order Number}},change_order,change_order,1.0,True
I don't know what to do to remove the platinum account,delete_account,delete_account,1.0,True
where do I check the early termination penalty?,check_cancellation_fee,check_cancellation_fee,1.0,True
need to see in what situations can i ask to be refunded,check_refund_policy,check_refund_policy,1.0,True
i need a {{Account Type}} account could i openm it,create_account,create_account,1.0,True
i dont khow what i need to do to change to the {{Account Type}} account,switch_account,switch_account,1.0,True
order {{Order Number}} status,track_order,track_order,1.0,True
want assistance updating the address,change_shipping_address,change_shipping_address,1.0,True
I don't know what I need to do to order several itmes,place_order,place_order,1.0,True
help seeing order {{Order Number}} status,track_order,track_order,1.0,True
assistance to check the reimbursement status,track_refund,track_refund,1.0,True
i have got to cancel my newsletter subscription,newsletter_subscription,newsletter_subscription,1.0,True
"I have got to write a comment about a product, help me",review,review,1.0,True
I do not know how to recover the PIN code of my user account,recover_password,recover_password,1.0,True
need help acquiring a few of your article,place_order,place_order,1.0,True
I don't know how I can speak with customer support,contact_customer_service,contact_customer_service,1.0,True
how can I check if there is anything new on the restitution?,track_refund,track_refund,1.0,True
check withdrawal charge,check_cancellation_fee,check_cancellation_fee,1.0,True
help to see at what time i  can reach customer assistance,contact_customer_service,contact_customer_service,1.0,True
I cannot swap several articles of order {{Order Number}},change_order,change_order,1.0,True
can ya help me restore my account pass,recover_password,recover_password,1.0,True
how can i inform of problems with online payment,payment_issue,payment_issue,1.0,True
help me to check the acceptedpayment modalities,check_payment_methods,check_payment_methods,1.0,True
help correcting the address,change_shipping_address,change_shipping_address,1.0,True
I expect a compensation of {{Currency Symbol}}{{Refund Amount}},track_refund,track_refund,1.0,True
I need help checking the allowed payment methods,check_payment_methods,check_payment_methods,1.0,True
modifu details on freemium account,edit_account,edit_account,1.0,True
i paid {{Refund Amount}} dollars for an article how can i obtain a rebate,get_refund,get_refund,1.0,True
i do not know what to do to correct the shipping address,change_shipping_address,change_shipping_address,1.0,True
want assistance canceling order {{Order Number}},cancel_order,cancel_order,1.0,True
I'm trying to request my money back,get_refund,get_refund,1.0,True
need help switching some articles of order {{Order Number}},change_order,change_order,1.0,True
I don't know what I have to do to report payment problems,payment_issue,payment_issue,1.0,True
i dont know what ihave to do to find my bill #37777,check_invoice,check_invoice,1.0,True
i want help canceling the {{Account Category}} account,delete_account,delete_account,1.0,True
I want help to check how soon can I expect my package,delivery_period,delivery_period,1.0,True
can you help me cancel my subscription to the newsletter?,newsletter_subscription,newsletter_subscription,1.0,True
i want help solving a trouble with online paymwnts,payment_issue,payment_issue,1.0,True
I do not know how I can buy some of your article,place_order,place_order,1.0,True
check the ETA of purchase {{Order Number}},track_order,track_order,1.0,True
i do not have a standard account assistance registering,create_account,create_account,1.0,True
I need information about correcting purchase {{Order Number}},change_order,change_order,1.0,True
i need assistance cancelling purchase {{Order Number}},cancel_order,cancel_order,1.0,True
i have problems setting up my delivery address,set_up_shipping_address,set_up_shipping_address,1.0,True
i need help seeing ur reimbursement policy,check_refund_policy,check_refund_policy,1.0,True
"I am not happy with your work, I need help making a claim",complaint,complaint,1.0,True
assistance to shop a few of your item,place_order,place_order,1.0,True
help me to find my invoice from {{Person Name}},check_invoice,check_invoice,1.0,True
I do not know how to leave some feedback about a product,review,review,1.0,True
"I want to see the early exit penalty, how can I do it?",check_cancellation_fee,check_cancellation_fee,1.0,True
I don't know what I need to do to enter the shipping address,set_up_shipping_address,set_up_shipping_address,1.0,True
need assistance checking my compensation current status,track_refund,track_refund,1.0,True
question about my lost access key,recover_password,recover_password,1.0,True
where to see how long the delivery takes?,delivery_period,delivery_period,1.0,True
can uhelp me downloading the invoice from {{Person Name}},get_invoice,get_invoice,1.0,True
I want assistance to create a pro account,create_account,create_account,1.0,True
want assistance to make a consumer claim against ur business,complaint,complaint,1.0,True
create new platinum account for daughter,create_account,create_account,1.0,True
I need help to submit my delivery address,set_up_shipping_address,set_up_shipping_address,1.0,True
"I have got to call customer support, how could I do it?",contact_customer_service,contact_customer_service,1.0,True
update details on {{Account Type}} account,edit_account,edit_account,1.0,True
switch to  {{Account Category}} account,switch_account,switch_account,1.0,True
want asistance to download the bill #85632,get_invoice,get_invoice,1.0,True
"my card was declined, can I report problems with payments?",payment_issue,payment_issue,1.0,True
i do not know how to obtain rebates of money,get_refund,get_refund,1.0,True
assistance to talk to somebody,contact_human_agent,contact_human_agent,1.0,True
I try to change the delivery address,change_shipping_address,change_shipping_address,1.0,True
want assistance to request a restitution of money,get_refund,get_refund,1.0,True
see the early termination charge,check_cancellation_fee,check_cancellation_fee,1.0,True
"I lost my bill from {{Person Name}}, will you show it to me?",check_invoice,check_invoice,1.0,True
can uhelp me downloading my invoice #12588,get_invoice,get_invoice,1.0,True
I'd like to use the premium profile i need assistance,switch_account,switch_account,1.0,True
where can I look for the invoice #12588?,check_invoice,check_invoice,1.0,True
"I am waiting for a compensation of {{Currency Symbol}}{{Refund Amount}}, was it processed",track_refund,track_refund,1.0,True
need to modify my fucking user information how can i do it,edit_account,edit_account,1.0,True
i dont know what i need to do to sign up to the newsletter,newsletter_subscription,newsletter_subscription,1.0,True
can you send me my damn invoice from {{Person Name}}?,get_invoice,get_invoice,1.0,True
i want assistance to swap something of purchase {{Order Number}},change_order,change_order,1.0,True
assistance to check ur refund pollicy,check_refund_policy,check_refund_policy,1.0,True
could you help me opening a gold account?,create_account,create_account,1.0,True
help touse the pro profile,switch_account,switch_account,1.0,True
closing freemium account,delete_account,delete_account,1.0,True
I don't know how I could check my bill #37777,check_invoice,check_invoice,1.0,True
I am trying to see the allowed payment methods,check_payment_methods,check_payment_methods,1.0,True
new platinum acount for wife,create_account,create_account,1.0,True
i do not know what i need to do to remove my {{Account Type}} account,delete_account,delete_account,1.0,True
I am looking for information about my password reset,recover_password,recover_password,1.0,True
assistance using the {{Account Category}} profile,switch_account,switch_account,1.0,True
find information about my lost PIN,recover_password,recover_password,1.0,True
how do i use the standard account,switch_account,switch_account,1.0,True
i want assistance to see the eta of order {{Order Number}},track_order,track_order,1.0,True
i expect a restitution of {{Currency Symbol}}{{Refund Amount}},track_refund,track_refund,1.0,True
i have to set up the delivery  address,set_up_shipping_address,set_up_shipping_address,1.0,True
"I have got to locate bill #85632, how do I do it?",check_invoice,check_invoice,1.0,True
I cannot check your reimbursement policy,check_refund_policy,check_refund_policy,1.0,True
how can I obtain my money back?,get_refund,get_refund,1.0,True
I need assistance to earn some articles,place_order,place_order,1.0,True
I don't know what I have to do to chat with an assistant,contact_human_agent,contact_human_agent,1.0,True
want assistance to check the status of purchase {{Order Number}},track_order,track_order,1.0,True
remove {{Account Type}} account,delete_account,delete_account,1.0,True
i have a problem with the termination of my {{Account Type}} account,delete_account,delete_account,1.0,True
do you have a free number to contact customer support?,contact_customer_service,contact_customer_service,1.0,True
how can I find information about changing my address?,change_shipping_address,change_shipping_address,1.0,True
I don't know what to do to contact customer assistance,contact_customer_service,contact_customer_service,1.0,True
cancel purchase00123842,cancel_order,cancel_order,1.0,True
where could I acquire something?,place_order,place_order,1.0,True
I don't know how I can unsubscribe to the newsletter,newsletter_subscription,newsletter_subscription,1.0,True
"you are not helpful, I want assistance talking with someone",contact_human_agent,contact_human_agent,1.0,True
open a {{Account Category}} account for my dad,create_account,create_account,1.0,True
edit information on {{Account Category}} account,edit_account,edit_account,1.0,True
"I do not understand you, could I contact a person?",contact_human_agent,contact_human_agent,1.0,True
help to lodge a customer claim against ur organization,complaint,complaint,1.0,True
i have got to check when my shipment is gonna arrive,delivery_period,delivery_period,1.0,True
i have to delete the fucking freemium account i need help,delete_account,delete_account,1.0,True
want help giving a quick look at my bills from {{Person Name}},check_invoice,check_invoice,1.0,True
I try to see in what cases can I request refunds,check_refund_policy,check_refund_policy,1.0,True
where do i open a standard account,create_account,create_account,1.0,True
how to contact a human agent?,contact_human_agent,contact_human_agent,1.0,True
where to open a {{Account Category}} account?,create_account,create_account,1.0,True
is it possible to check the statsu of order {{Order Number}}?,track_order,track_order,1.0,True
I don't know what to do to delete a freemium account,delete_account,delete_account,1.0,True
how long till I receive my refund of money ?,get_refund,get_refund,1.0,True
i dont know how i can purcase some items,place_order,place_order,1.0,True
I want help downloading bill #00108,get_invoice,get_invoice,1.0,True
need assistance checking the ETA of the purchase {{Order Number}},track_order,track_order,1.0,True
can ya help me seeing the bloody early exit fee,check_cancellation_fee,check_cancellation_fee,1.0,True
I don't know  what to do to retrieve the pwd of my profile,recover_password,recover_password,1.0,True
how to see at what time i can reach customer support,contact_customer_service,contact_customer_service,1.0,True
create gold account,create_account,create_account,1.0,True
I do not know how I can chat with an operator,contact_human_agent,contact_human_agent,1.0,True
i need help to file a consumer complaint,complaint,complaint,1.0,True
seeing biols from {{Person Name}},check_invoice,check_invoice,1.0,True
I have to notify of a sign-up error,registration_problems,registration_problems,1.0,True
i have issues modifying my delivery address,change_shipping_address,change_shipping_address,1.0,True
I try to see the ETA of order {{Order Number}},track_order,track_order,1.0,True
i expect a compensation of {{Currency Symbol}}{{Refund Amount}} was it processed,track_refund,track_refund,1.0,True
what do i have to do to remove a {{Account Category}} account,delete_account,delete_account,1.0,True
help me retrieve the key of my account,recover_password,recover_password,1.0,True
want assistance to update my shipping address,change_shipping_address,change_shipping_address,1.0,True
i do not know how to lodge a consumer cmplaint,complaint,complaint,1.0,True
can ya help me remove some products from order {{Order Number}},change_order,change_order,1.0,True
were could I check your money back policy?,check_refund_policy,check_refund_policy,1.0,True
wanna know more about delivery period find some information,delivery_period,delivery_period,1.0,True
updating details on {{Account Type}} account,edit_account,edit_account,1.0,True
help me to close the platinum account,delete_account,delete_account,1.0,True
"I want to check the available payment methods, help me",check_payment_methods,check_payment_methods,1.0,True
I want help to shop several products,place_order,place_order,1.0,True
"my delivery address changed, help me update it",change_shipping_address,change_shipping_address,1.0,True
how do I use the {{Account Category}} account?,switch_account,switch_account,1.0,True
I want assistance submitting my new shipping address,set_up_shipping_address,set_up_shipping_address,1.0,True
what do I need to do to call cusromer support?,contact_customer_service,contact_customer_service,1.0,True
how can  i purchase something,place_order,place_order,1.0,True
want assistance to make a claim,complaint,complaint,1.0,True
I try to purchase some of your item,place_order,place_order,1.0,True
am I entitled to a reimbursement?,check_refund_policy,get_refund,1.0,False
I need assistance earning several of your product,place_order,place_order,1.0,True
assistance to see the ETA of the purchase {{Order Number}},track_order,track_order,1.0,True
where do I check the ETA of the purchase {{Order Number}}?,track_order,track_order,1.0,True
need assistance to download invoice #00108,get_invoice,get_invoice,1.0,True
I want help setting up my secondary delivery address,set_up_shipping_address,set_up_shipping_address,1.0,True
I need help to see what hours I can reach customer service,contact_customer_service,contact_customer_service,1.0,True
assistance to submit feedback about a service,review,review,1.0,True
want assistance entering a seconxary shipping address,set_up_shipping_address,set_up_shipping_address,1.0,True
how can I acquire a product?,place_order,place_order,1.0,True
can i check what hours i can contact customer service,contact_customer_service,contact_customer_service,1.0,True
reimburse {{Refund Amount}} dollars,get_refund,get_refund,1.0,True
can you show me what payment options you accept?,check_payment_methods,check_payment_methods,1.0,True
help me to change to the {{Account Category}} account,switch_account,switch_account,1.0,True
I can't change to the damn gold account,switch_account,switch_account,1.0,True
help me check the eta of purchase {{Order Number}},track_order,track_order,1.0,True
how do I speak to an assistant?,contact_human_agent,contact_human_agent,1.0,True
i need help to update my address,change_shipping_address,change_shipping_address,1.0,True
I cannot submit my shipping address,set_up_shipping_address,set_up_shipping_address,1.0,True
locate order {{Order Number}},track_order,track_order,1.0,True
where do I check what damn shipment options are available?,delivery_options,delivery_options,1.0,True
I want assistance to check the bill #85632,check_invoice,check_invoice,1.0,True
I need assistance downloading invoice #00108,get_invoice,get_invoice,1.0,True
clsoe {{Account Category}} account,delete_account,delete_account,1.0,True
help to create a {{Account Category}} account for my fiance,create_account,create_account,1.0,True
is there a section to send feedback about ur products,review,review,1.0,True
I have to use the pro account,switch_account,switch_account,1.0,True
wanna see pjrchase {{Order Number}} damn current status,track_order,track_order,1.0,True
can you help me see the termination charge?,check_cancellation_fee,check_cancellation_fee,1.0,True
see what hours customer service available is,contact_customer_service,contact_customer_service,1.0,True
how do i check what goddamn payment methods are lalowed,check_payment_methods,check_payment_methods,1.0,True
assistance checking what payment methods are accepted,check_payment_methods,check_payment_methods,1.0,True
can you help me cancel purchase {{Order Number}}?,cancel_order,cancel_order,1.0,True
I'm trying to inform of an issue with payments,payment_issue,payment_issue,1.0,True
i do not know how to check my compensation status,track_refund,track_refund,1.0,True
do you have a way to submit some feedback for your services?,review,review,1.0,True
cancelling order {{Order Number}},cancel_order,cancel_order,1.0,True
do you have a toll-free number to reach customer support?,contact_customer_service,contact_customer_service,1.0,True
I'm waiting for a  compensation of {{Currency Symbol}}{{Refund Amount}},track_refund,track_refund,1.0,True
I want help to use the bloody {{Account Category}} profile,switch_account,switch_account,1.0,True
how can i get information about  my pro account deletion,delete_account,delete_account,1.0,True
need help seeing in what cases can i ask ofr reimbursements,check_refund_policy,check_refund_policy,1.0,True
I try to check in what situations can I request a refund,check_refund_policy,check_refund_policy,1.0,True
"I have to see my invoice from {{Person Name}}, help me",check_invoice,check_invoice,1.0,True
i have to download my bills from 7 last weeks i need help,get_invoice,get_invoice,1.0,True
I have problems setting a secondary shipping address up,set_up_shipping_address,set_up_shipping_address,1.0,True
i don know what to do to see the payment modalities,check_payment_methods,check_payment_methods,1.0,True
I need help cancelling order {{Order Number}},cancel_order,cancel_order,1.0,True
how do I check the termination charge?,check_cancellation_fee,check_cancellation_fee,1.0,True
ETA of ordr {{Order Number}},track_order,track_order,1.0,True
wanna check at what time i can reach customer assistance,contact_customer_service,contact_customer_service,1.0,True
how to get bill #85632?,get_invoice,get_invoice,1.0,True
information about the cancellation of my {{Account Category}} account,delete_account,delete_account,1.0,True
wanna use theFreemium account i need help,switch_account,switch_account,1.0,True
how do i check  when will my parcel arrive,delivery_period,delivery_period,1.0,True
can you help me deleting my {{Account Type}} account?,delete_account,delete_account,1.0,True
i need assistance to submit feedback about a service,review,review,1.0,True
I want assistance to remove a pro account,delete_account,delete_account,1.0,True
"I need to check your reimbursement policy, will you help me?",check_refund_policy,check_refund_policy,1.0,True
updating {{Account Type}} account,edit_account,edit_account,1.0,True
I am waiting for a rebate of {{Currency Symbol}}{{Refund Amount}},track_refund,track_refund,1.0,True
i do not know what i nded to do to edit my delivery address,change_shipping_address,change_shipping_address,1.0,True
i need assistance to switch to the {{Account Type}} account,switch_account,switch_account,1.0,True
I need help seeing how soon can I expect my purchase,delivery_period,delivery_period,1.0,True
I need assistance editing the information on my user,edit_account,edit_account,1.0,True
help to leave my goddamn feedback for your company,review,review,1.0,True
canceling order {{Order Number}},cancel_order,cancel_order,1.0,True
supports editing the shipping address,change_shipping_address,change_shipping_address,1.0,True
i have an error trying to change my address,change_shipping_address,change_shipping_address,1.0,True
I have to receive a reimbursement of money,get_refund,get_refund,1.0,True
"I cannot create a user, help to inform of a signup problem",registration_problems,registration_problems,1.0,True
I do not know what to do to send feedback for a product,review,review,1.0,True
assistance to check in which cases can I request a refund,check_refund_policy,check_refund_policy,1.0,True
I want help notifying of a error with a signup,registration_problems,registration_problems,1.0,True
I don't know what I have to do to change to the pro account,switch_account,switch_account,1.0,True
i dont know what i have to do to buy an article,place_order,place_order,1.0,True
i expect a compensation of {{Refund Amount}} dollars,track_refund,track_refund,1.0,True
I am looking for information about the access key retrieval,recover_password,recover_password,1.0,True
where to notify of an error with signup?,registration_problems,registration_problems,1.0,True
need to  locate the bill from {{Person Name}} help me,check_invoice,check_invoice,1.0,True
I want supports editing my address,change_shipping_address,change_shipping_address,1.0,True
how do i check at what time i can call  customer service,contact_customer_service,contact_customer_service,1.0,True
i have a question about creating a {{Account Type}} account,create_account,create_account,1.0,True
change details on platinum account,edit_account,edit_account,1.0,True
need help removing several products from order {{Order Number}},change_order,change_order,1.0,True
help me see the current status of my rebate,track_refund,track_refund,1.0,True
can you help me notifying of troubles with online payment?,payment_issue,payment_issue,1.0,True
can you help me to update order {{Order Number}}?,change_order,change_order,1.0,True
why I cannot set the new shipping address valid up,set_up_shipping_address,set_up_shipping_address,1.0,True
I want assistance to subscribe to your company newsletter,newsletter_subscription,newsletter_subscription,1.0,True
creating new premium account for daughter,create_account,create_account,1.0,True
where can I change to the goddamn {{Account Category}} account?,switch_account,switch_account,1.0,True
i have got to download my invoice #12588 how do i do it,get_invoice,get_invoice,1.0,True
can ya help me checking the cancellation charges,check_cancellation_fee,check_cancellation_fee,1.0,True
I havd problems with a shipping address update,change_shipping_address,change_shipping_address,1.0,True
help me receiving your company newsletter,newsletter_subscription,newsletter_subscription,1.0,True
what do I need to do to see the ETA of purchase {{Order Number}}?,track_order,track_order,1.0,True
assistance to report troubles with payments,payment_issue,payment_issue,1.0,True
reimburse {{Refund Amount}} dollar,get_refund,get_refund,1.0,True
can you help me to lodge a claim against your business?,complaint,complaint,1.0,True
wana swap a damn product of order {{Order Number}} help me,change_order,change_order,1.0,True
could you help me to correct my shipping address?,change_shipping_address,change_shipping_address,1.0,True
I do not know how to open a {{Account Type}} account for my daughter,create_account,create_account,1.0,True
help me checking in what cases can i ask for refunds,check_refund_policy,check_refund_policy,1.0,True
I  need assistance to sign up to the newsletter,newsletter_subscription,newsletter_subscription,1.0,True
I don't know what to do to see what shipment methods I have,delivery_options,delivery_options,1.0,True
can you help me to cancel order {{Order Number}} ?,cancel_order,cancel_order,1.0,True
how to delete an article from order {{Order Number}},change_order,change_order,1.0,True
help me to cancel purchase {{Order Number}},cancel_order,cancel_order,1.0,True
do ya have an e-mail to leave a comment for ur products,review,review,1.0,True
there is a trouble modifying the shipping address,change_shipping_address,change_shipping_address,1.0,True
"I do not want this item, cancel order {{Order Number}}",cancel_order,cancel_order,1.0,True
can i order frlm {{Delivery City}},delivery_options,delivery_options,1.0,True
shipments to {{Delivery City}},delivery_options,delivery_options,1.0,True
how to check at what time i can call customer service,contact_customer_service,contact_customer_service,1.0,True
seebills from {{Person Name}},check_invoice,check_invoice,1.0,True
I don't know how to check the available payment methods,check_payment_methods,check_payment_methods,1.0,True
seeing order {{Order Number}} status,track_order,track_order,1.0,True
where do i check what hours i can call customer service,contact_customer_service,contact_customer_service,1.0,True
show me ur accepted payment methods,check_payment_methods,check_payment_methods,1.0,True
how do i check what delivery methods are available,delivery_options,delivery_options,1.0,True
getting invoices from {{Person Name}},get_invoice,get_invoice,1.0,True
help to report a registration problem,registration_problems,registration_problems,1.0,True
reporting issue creating account,registration_problems,registration_problems,1.0,True
where do i make a complaint,complaint,complaint,1.0,True
need to modify the details on my user profile how to do it,edit_account,edit_account,1.0,True
there are errors setting up a damn delivery address,set_up_shipping_address,set_up_shipping_address,1.0,True
need help seeing when my shipment is gonna arrive,delivery_period,delivery_period,1.0,True
i need assistance giving a quick look at my bill #00108,check_invoice,check_invoice,1.0,True
is there an e-mail to send feedback about ur services,review,review,1.0,True
I try to retrieve my profile access key,recover_password,recover_password,1.0,True
"I want to file a customer reclamation, can I get some help?",complaint,complaint,1.0,True
i need assistance to cancel order {{Order Number}},cancel_order,cancel_order,1.0,True
where can I see when my package is going to arrive?,delivery_period,delivery_period,1.0,True
i want assistance talking to customer service,contact_customer_service,contact_customer_service,1.0,True
"I need to set my shipping address up, how do I do it?",set_up_shipping_address,set_up_shipping_address,1.0,True
need assikstance checking your allowed payment modalities,check_payment_methods,check_payment_methods,1.0,True
need to sign up to the corporate newsletter how can i do it,newsletter_subscription,newsletter_subscription,1.0,True
i have to see the early exit chrge can i get some help,check_cancellation_fee,check_cancellation_fee,1.0,True
how do I use the platinum profile?,switch_account,switch_account,1.0,True
edtiing order {{Order Number}},change_order,change_order,1.0,True
where can i get information about the delivery period,delivery_period,delivery_period,1.0,True
what do I need to do to get my goddamn bill from {{Person Name}}?,get_invoice,get_invoice,1.0,True
create pro accountfor wife,create_account,create_account,1.0,True
help me checking what payment options are allowed,check_payment_methods,check_payment_methods,1.0,True
create pro account for wife,create_account,create_account,1.0,True
updating data on premium account,edit_account,edit_account,1.0,True
I try to know if there is anything new on my compensation,track_refund,track_refund,1.0,True
unsubscribe to company newsletter,newsletter_subscription,newsletter_subscription,1.0,True
supports trying to update my address,change_shipping_address,change_shipping_address,1.0,True
i do not know how i can obtain a restitution of my money,get_refund,get_refund,1.0,True
I cannot edit ym address,change_shipping_address,change_shipping_address,1.0,True
I want help ordering several articlers,place_order,place_order,1.0,True
do you have an e-mail address to contact customer support?,contact_customer_service,contact_customer_service,1.0,True
i habe a problem with my pin retrieval,recover_password,recover_password,1.0,True
want help to file a consumer claim,complaint,complaint,1.0,True
I am trying to submit feedback about a product,review,review,1.0,True
i try to niform of issues with a signup,registration_problems,registration_problems,1.0,True
want help to see the cancellation fees,check_cancellation_fee,check_cancellation_fee,1.0,True
information about a PIN recovery,recover_password,recover_password,1.0,True
i do not know what i need to do to open a {{Account Type}} account,create_account,create_account,1.0,True
I need help seeing purchase {{Order Number}} current status,track_order,track_order,1.0,True
i want information about my password retrieval,recover_password,recover_password,1.0,True
help me informing of an issue with payment,payment_issue,payment_issue,1.0,True
I do not know what I need to do to purchase several items,place_order,place_order,1.0,True
I need assistance seeing the compensation current status,track_refund,track_refund,1.0,True
can you help me to see your accepted payment modalities?,check_payment_methods,check_payment_methods,1.0,True
I have got to subscribe to the company newsletter,newsletter_subscription,newsletter_subscription,1.0,True
I have to report issues with payments,payment_issue,payment_issue,1.0,True
help me to restore the key of my user,recover_password,recover_password,1.0,True
need help editing m address,change_shipping_address,change_shipping_address,1.0,True
"I paid {{Currency Symbol}}{{Refund Amount}} for a product, where can I get a fucking rebate?",get_refund,get_refund,1.0,True
I need to speak to an operator,contact_human_agent,contact_human_agent,1.0,True
can I check how long reimbursements usually take?,check_refund_policy,check_refund_policy,1.0,True
help me check your refund policy,check_refund_policy,check_refund_policy,1.0,True
I need assistance to submit my feedback for your products,review,review,1.0,True
i dont know how to look for  my invoice #85632,check_invoice,check_invoice,1.0,True
I am calling to make a complaint against your company,complaint,complaint,1.0,True
I'm trying to open a {{Account Category}} account,create_account,create_account,1.0,True
open a damn {{Account Type}} account for my father,create_account,create_account,1.0,True
tell me more about correcting the delivery address,change_shipping_address,change_shipping_address,1.0,True
I have got to earn some products,place_order,place_order,1.0,True
"I have got to earn a product, I need help",place_order,place_order,1.0,True
I cannot inform of sign-up issues,registration_problems,registration_problems,1.0,True
I try to retrieve my fucking profile password,recover_password,recover_password,1.0,True
show me how long it takes for the article to arrive,delivery_period,delivery_period,1.0,True
what do I need to do to check the shipment options?,delivery_options,delivery_options,1.0,True
are there early termination penalties,check_cancellation_fee,check_cancellation_fee,1.0,True
want assistance cancelling order {{Order Number}},cancel_order,cancel_order,1.0,True
can I modify order {{Order Number}}?,change_order,change_order,1.0,True
how can I check how soon can I expect my item?,delivery_period,delivery_period,1.0,True
edit standard account,edit_account,edit_account,1.0,True
where to submit a new delivery address?,set_up_shipping_address,set_up_shipping_address,1.0,True
"I would like to make a complaint, I need assistance",complaint,complaint,1.0,True
I am waiting for a reimbursement of {{Refund Amount}} dollras,track_refund,track_refund,1.0,True
i have to find my invoice #12588 how todo it,check_invoice,check_invoice,1.0,True
I'm trying to correct my shipping address,change_shipping_address,change_shipping_address,1.0,True
"my experience with your brand was bad, lodge a reclamation",complaint,complaint,1.0,True
I'm waiting for a ocmpensation of {{Refund Amount}} dollars,track_refund,track_refund,1.0,True
i have a problem entering a secondary shipping address,set_up_shipping_address,set_up_shipping_address,1.0,True
uhave a free number to talk to customer support,contact_customer_service,contact_customer_service,1.0,True
I want to see at what time I can call customer support,contact_customer_service,contact_customer_service,1.0,True
I need to open a {{Account Type}} account,create_account,create_account,1.0,True
need to chnange to the {{Account Type}} account could i get some help,switch_account,switch_account,1.0,True
i do not know what to do to see what shipping methods i have,delivery_options,delivery_options,1.0,True
i dont know how to switch to the platinum account,switch_account,switch_account,1.0,True
when am i gonna get a reimbursement,get_refund,get_refund,1.0,True
help me earning a few of your product,place_order,place_order,1.0,True
need help obtaining  damn rebates of my money,get_refund,get_refund,1.0,True
I want help to close a standard account,delete_account,delete_account,1.0,True
add several articles to order {{Order Number}},change_order,change_order,1.0,True
edit details on {{Account Category}} account,edit_account,edit_account,1.0,True
"I have to leave a comment for your services, help me",review,review,1.0,True
I don't know what to do to speak with cusstomer service,contact_customer_service,contact_customer_service,1.0,True
i do not have a goddamn pro acciunt yet help to create one,create_account,create_account,1.0,True
I need support with my sign-up,registration_problems,registration_problems,1.0,True
wanna see ur available payment metods i need assistance,check_payment_methods,check_payment_methods,1.0,True
i expect a reimbursement of {{Currency Symbol}}{{Refund Amount}},track_refund,track_refund,1.0,True
can i check what hours i can call customer assitsance,contact_customer_service,contact_customer_service,1.0,True
I need assistance to see your money bac guarantee,check_refund_policy,check_refund_policy,1.0,True
how could I see the shipment options?,delivery_options,delivery_options,1.0,True
I need assistance cancelling purchase {{Order Number}},cancel_order,cancel_order,1.0,True
is it possible to report issues with sin-up?,registration_problems,registration_problems,1.0,True
"I want to see how soon can I expect the order, how to do it?",delivery_period,delivery_period,1.0,True
i lost the pass of my user how do i recover it,recover_password,recover_password,1.0,True
help me lodging a customer complaint against your business,complaint,complaint,1.0,True
would it be possible to inform of damn errors with payments?,payment_issue,payment_issue,1.0,True
is it possible to locate invoice #37777,check_invoice,check_invoice,1.0,True
open a freemium account,create_account,create_account,1.0,True
how do I report issues with online payment?,payment_issue,payment_issue,1.0,True
"I want to see the termination fee, help me",check_cancellation_fee,check_cancellation_fee,1.0,True
help me see your accepted payment methods,check_payment_methods,check_payment_methods,1.0,True
"I have to check purchase {{Order Number}} status, I need help",track_order,track_order,1.0,True
I don't know how I can change to the standard account,switch_account,switch_account,1.0,True
I can't subscribe to the newsletter,newsletter_subscription,newsletter_subscription,1.0,True
how can i notify of errors with a sign-up,registration_problems,registration_problems,1.0,True
how can i set up my new shipping address,set_up_shipping_address,set_up_shipping_address,1.0,True
is it possible to notify of sign-up errors?,registration_problems,registration_problems,1.0,True
i need help calling customer service,contact_customer_service,contact_customer_service,1.0,True
can you help me take a quick look at the invoice #00108?,check_invoice,check_invoice,1.0,True
want assistance to get the bills from {{Person Name}},get_invoice,get_invoice,1.0,True
can you help me subscribe to your newsletter?,newsletter_subscription,newsletter_subscription,1.0,True
is it possible to see in what cases can i ask for a refund,check_refund_policy,check_refund_policy,1.0,True
I cannot submit a secondary delivery address,set_up_shipping_address,set_up_shipping_address,1.0,True
where can I see what hours I can reach customer assistance?,contact_customer_service,contact_customer_service,1.0,True
how to list your bloody accepted payment methods?,check_payment_methods,check_payment_methods,1.0,True
assistance to buiy some of your product,place_order,place_order,1.0,True
i have to lodge a complaint against ur business,complaint,complaint,1.0,True
i do not know what i have to do to get my bill #00108,get_invoice,get_invoice,1.0,True
need help acquiring a few of ur product,place_order,place_order,1.0,True
can you show me what hours I can reach customer assistance?,contact_customer_service,contact_customer_service,1.0,True
need help using the gold aaccount,switch_account,switch_account,1.0,True
where can I get information about updating my address?,change_shipping_address,change_shipping_address,1.0,True
how to restore the key of my profile,recover_password,recover_password,1.0,True
how can I contact an agent?,contact_human_agent,contact_human_agent,1.0,True
can I remove an article from order {{Order Number}}?,change_order,change_order,1.0,True
wanna send my feedback for ur services,review,review,1.0,True
what do I have to do to close a premium account?,delete_account,delete_account,1.0,True
I want assistance to swap some items of order {{Order Number}},change_order,change_order,1.0,True
"I do not have a freemium account, help me register",create_account,create_account,1.0,True
can you help me sending my feedback for your services?,review,review,1.0,True
I am trying to file a rreclamation against your business,complaint,complaint,1.0,True
I want assistance cancelling purchase {{Order Number}},cancel_order,cancel_order,1.0,True
can i retrieve my prfile pin code,recover_password,recover_password,1.0,True
problem with cancelling purchase {{Order Number}},cancel_order,cancel_order,1.0,True
"I no longer need the {{Account Type}} account, I want to delete it",delete_account,delete_account,1.0,True
help with deleting some items from my last order,change_order,change_order,1.0,True
can ya help me checking the early termination  penalties,check_cancellation_fee,check_cancellation_fee,1.0,True
I have got to see what shipment options I can choose,delivery_options,delivery_options,1.0,True
i have got to modify the details on my account help me,edit_account,edit_account,1.0,True
I would like to see in which cases can I ask to be refunded,check_refund_policy,check_refund_policy,1.0,True
I need help cancelling purchase {{Order Number}},cancel_order,cancel_order,1.0,True
see at what time I can get in touch with customer support,contact_customer_service,contact_customer_service,1.0,True
what do i have to do to open a {{Account Type}} account,create_account,create_account,1.0,True
want help cancelling purchase {{Order Number}},cancel_order,cancel_order,1.0,True
i need help cancelling puchase {{Order Number}},cancel_order,cancel_order,1.0,True
could you help me update order {{Order Number}}?,change_order,change_order,1.0,True
I need to see the ETA of order {{Order Number}},track_order,track_order,1.0,True
assistance changing to the standard account,switch_account,switch_account,1.0,True
I do not know what to do to change to the {{Account Type}} account,switch_account,switch_account,1.0,True
remove {{Account Category}} accoint,delete_account,delete_account,1.0,True
can you show me the ETA of order {{Order Number}}?,track_order,track_order,1.0,True
can ya help me to see what payment options ya accept,check_payment_methods,check_payment_methods,1.0,True
"I made a mistake, I need to correct order {{Order Number}}",change_order,change_order,1.0,True
I have to report troubles with payment,payment_issue,payment_issue,1.0,True
I don't know how I could leave a comment about your company,review,review,1.0,True
can i order from {{Delivery City}},delivery_options,delivery_options,1.0,True
I do not know what I need to do to report payment problems,payment_issue,payment_issue,1.0,True
changkng to {{Account Type}} account,switch_account,switch_account,1.0,True
I do not know what to do to check the termination penalties,check_cancellation_fee,check_cancellation_fee,1.0,True
i haveto get the invoice from {{Person Name}} how can i do it,get_invoice,get_invoice,1.0,True
can ya help me to see what payment option are allowed,check_payment_methods,check_payment_methods,1.0,True
I have got to make a complaint against your company,complaint,complaint,1.0,True
checking order status,track_order,track_order,1.0,True
unsubscribe from company newsletter,newsletter_subscription,newsletter_subscription,1.0,True
can uhelp me to contact somebody,contact_human_agent,contact_human_agent,1.0,True
"the new delivery address isn't valid, how to do it?",set_up_shipping_address,set_up_shipping_address,1.0,True
I can't see order {{Order Number}} status,track_order,track_order,1.0,True
need assistance purchasing some of ur article,place_order,place_order,1.0,True
I am trying to recover my user profile PIN,recover_password,recover_password,1.0,True
shipnents to {{Delivery Country}},delivery_options,delivery_options,1.0,True
can you help me make a customer claim against your company?,complaint,complaint,1.0,True
I need to speak with a human agent,contact_human_agent,contact_human_agent,1.0,True
how could I see the cancellation fee?,check_cancellation_fee,check_cancellation_fee,1.0,True
where to get a rebate?,get_refund,get_refund,1.0,True
want assistance retrieving the password of my user,recover_password,recover_password,1.0,True
need assistance seeing ur accepted payment modalities,check_payment_methods,check_payment_methods,1.0,True
see your allowed payment options,check_payment_methods,check_payment_methods,1.0,True
cancel {{Account Category}} acount,delete_account,delete_account,1.0,True
see at what time I can reach customer assistance,contact_customer_service,contact_customer_service,1.0,True
I need to lodge a claim against your organization,complaint,complaint,1.0,True
need to write a comment about ur serfices how could i do it,review,review,1.0,True
I want assistance editing purchase {{Order Number}},change_order,change_order,1.0,True
see the available payment options,check_payment_methods,check_payment_methods,1.0,True
need to give a quick look at my invoice #85632,check_invoice,check_invoice,1.0,True
help solving a trouble with online payment,payment_issue,payment_issue,1.0,True
reimbursing {{Currency Symbol}}{{Refund Amount}},get_refund,get_refund,1.0,True
i have to check what methods for delivery i have,delivery_options,delivery_options,1.0,True
need help to unsubscribe from your corporate newsletter,newsletter_subscription,newsletter_subscription,1.0,True
update info on {{Account Type}} account,edit_account,edit_account,1.0,True
help me add some articles to purchase {{Order Number}},change_order,change_order,1.0,True
I want support chanigng my delivery address,change_shipping_address,change_shipping_address,1.0,True
how do I report troubles with payments?,payment_issue,payment_issue,1.0,True
I do not know what I have to do to cancel a {{Account Category}} account,delete_account,delete_account,1.0,True
I'm extremely unhapp with ur services help to make a claim,complaint,complaint,1.0,True
get ibll #12588,get_invoice,get_invoice,1.0,True
"I have to receive the newsletter, help me",newsletter_subscription,newsletter_subscription,1.0,True
I don't know how to check the goddamn shipment methods,delivery_options,delivery_options,1.0,True
could I contact an operator?,contact_human_agent,contact_human_agent,1.0,True
can you help me canceling purchase {{Order Number}}?,cancel_order,cancel_order,1.0,True
could you help me to submit the secondary delivery address?,set_up_shipping_address,set_up_shipping_address,1.0,True
i dont know what i have to do to see the rebate status,track_refund,track_refund,1.0,True
I try to see th accepted payment options,check_payment_methods,check_payment_methods,1.0,True
change to {{Account Category}} account,switch_account,switch_account,1.0,True
I don't know what I need to do to shop some of your article,place_order,place_order,1.0,True
how do I check what hours I can ocntact customer service?,contact_customer_service,contact_customer_service,1.0,True
I need help with canceling purchase {{Order Number}},cancel_order,cancel_order,1.0,True
i do not know how to send my feedback about a product,review,review,1.0,True
I call to lodge a customer complaint against your company,complaint,complaint,1.0,True
what do I have to do to recover my user PIN?,recover_password,recover_password,1.0,True
can ya help me checking what methds for delivery ya offer,delivery_options,delivery_options,1.0,True
is it possible to remove the standardaccount?,delete_account,delete_account,1.0,True
how could I open a standard account?,create_account,create_account,1.0,True
is it possible to subscribe to your corporate newsletter?,newsletter_subscription,newsletter_subscription,1.0,True
give me information about the deletion of a {{Account Type}} account,delete_account,delete_account,1.0,True
I want help seeing your reimbursement policy,check_refund_policy,check_refund_policy,1.0,True
using gold account,switch_account,switch_account,1.0,True
editing details on {{Account Category}} account,edit_account,edit_account,1.0,True
how do i unsubscribe fromur corporate newsletter,newsletter_subscription,newsletter_subscription,1.0,True
I do not know how I could chat with an agent,contact_human_agent,contact_human_agent,1.0,True
see order {{Order Number}} stats,track_order,track_order,1.0,True
assistance submitting feedback for ur services,review,review,1.0,True
can you show me what shipping options I have?,delivery_options,delivery_options,1.0,True
I have a error changing the delivery address,change_shipping_address,change_shipping_address,1.0,True
"I am looking for the shipping periods, how can I find them ?",delivery_period,delivery_period,1.0,True
where can I get information about a {{Account Type}} account deletion?,delete_account,delete_account,1.0,True
is it possible to take a quick look at the invoice #85632?,check_invoice,check_invoice,1.0,True
can I see what hours I can reach customer assistance ?,contact_customer_service,contact_customer_service,1.0,True
I try to chat with an operator,contact_human_agent,contact_human_agent,1.0,True
I do not know how to see what shipment methods I can choose,delivery_options,delivery_options,1.0,True
help to check the ETA of purchase {{Order Number}},track_order,track_order,1.0,True
i need help to see how soon can i expect the parcel,delivery_period,delivery_period,1.0,True
I don't know what I have to do to notify of a payment error,payment_issue,payment_issue,1.0,True
wanna check the iwthdrawal penalty,check_cancellation_fee,check_cancellation_fee,1.0,True
how to reset the apssword of my account,recover_password,recover_password,1.0,True
i want assistance checking what paytment methods ya accept,check_payment_methods,check_payment_methods,1.0,True
I am calling to check when my purchase is going to arrive,delivery_period,delivery_period,1.0,True
what do i need to do to delete the {{Account Type}} account,delete_account,delete_account,1.0,True
I want help receiving the corporate newsletter,newsletter_subscription,newsletter_subscription,1.0,True
I am waiting for an bloody restitution of {{Refund Amount}} dollars,track_refund,track_refund,1.0,True
can I see how soon can I expect my shipment?,delivery_period,delivery_period,1.0,True
I need to see how long it takes for my item to arrive,delivery_period,delivery_period,1.0,True
wherecan I check the termination charge?,check_cancellation_fee,check_cancellation_fee,1.0,True
how do I check at what time I can call customer support?,contact_customer_service,contact_customer_service,1.0,True
problem with adding some articles to order {{Order Number}},change_order,change_order,1.0,True
want assistance reporting a sign-up issue,registration_problems,registration_problems,1.0,True
need to get the bill from {{Person Name}} can uhelp m,get_invoice,get_invoice,1.0,True
could I make a goddamn reclamation?,complaint,complaint,1.0,True
want help checking your available payment methods,check_payment_methods,check_payment_methods,1.0,True
can ya help me list the available payment modalities,check_payment_methods,check_payment_methods,1.0,True
how do I update my personal information?,edit_account,edit_account,1.0,True
i have got to create a platinum account how can i do it,create_account,create_account,1.0,True
i have a problem with creating a freemium account,create_account,create_account,1.0,True
"I would like to contact customer support, could you help me?",contact_customer_service,contact_customer_service,1.0,True
I would like to request a refund,get_refund,get_refund,1.0,True
I want help to set my new delivery address up,set_up_shipping_address,set_up_shipping_address,1.0,True
I do not know how to check how soon can I expect the parcel,delivery_period,delivery_period,1.0,True
I want help listing the accepted payment options,check_payment_methods,check_payment_methods,1.0,True
checking order {{Order Number}} status,track_order,track_order,1.0,True
I don't know what I have to do to get the invoice #85632,get_invoice,get_invoice,1.0,True
can I use the {{Account Category}} profile?,switch_account,switch_account,1.0,True
how to see order {{Order Number}} fucking current status?,track_order,track_order,1.0,True
can you help me notify of registration problems?,registration_problems,registration_problems,1.0,True
i dont know how i can switch to the freemium account,switch_account,switch_account,1.0,True
assistance to check the termination fee,check_cancellation_fee,check_cancellation_fee,1.0,True
help me use the freemium profile,switch_account,switch_account,1.0,True
I need assistance locating order {{Order Number}},track_order,track_order,1.0,True
get invoice #37777,get_invoice,get_invoice,1.0,True
help talking  with a live agent,contact_human_agent,contact_human_agent,1.0,True
"I want to check the payment modalities, I need  help",check_payment_methods,check_payment_methods,1.0,True
problem with {{Account Type}} acconut removals,delete_account,delete_account,1.0,True
i have paid {{Currency Symbol}}{{Refund Amount}} for na article i need to get a rebate,get_refund,get_refund,1.0,True
can you show me the rebate current status?,track_refund,track_refund,1.0,True
want help subscribing to ur companynewsletter,newsletter_subscription,newsletter_subscription,1.0,True
"I purchased some items, I want to cancel order {{Order Number}}",cancel_order,cancel_order,1.0,True
how do I add some articles to purchase {{Order Number}}?,change_order,change_order,1.0,True
i want help making a claim against u company,complaint,complaint,1.0,True
help me check your available payment methods,check_payment_methods,check_payment_methods,1.0,True
is there a e-mail to send some feedback for ur company,review,review,1.0,True
I do not know what to do to get invoice #00108,get_invoice,get_invoice,1.0,True
editing information on {{Account Type}} account,edit_account,edit_account,1.0,True
I want information about updating order {{Order Number}},change_order,change_order,1.0,True
i have got to lodge a reclamaion i need help,complaint,complaint,1.0,True
I have to speak with customer support,contact_customer_service,contact_customer_service,1.0,True
i dont know what to do to remove the {{Account Type}} account,delete_account,delete_account,1.0,True
is there a section to leave feedback about a service?,review,review,1.0,True
is it possible to list your payment options?,check_payment_methods,check_payment_methods,1.0,True
help me to retrieve the pwd of my account,recover_password,recover_password,1.0,True
want supports trying to modify the delivery address,change_shipping_address,change_shipping_address,1.0,True
is it possible to order from {{Delivery Country}}?,delivery_options,delivery_options,1.0,True
I can't find the  termination charge,check_cancellation_fee,check_cancellation_fee,1.0,True
where could I inform of issues with a signup?,registration_problems,registration_problems,1.0,True
I do not know what I need to do to remove a pro account,delete_account,delete_account,1.0,True
I am calling to make an customer claim against your company,complaint,complaint,1.0,True
"I need to check the cancellation penalties, help me",check_cancellation_fee,check_cancellation_fee,1.0,True
cani file a customer claim,complaint,complaint,1.0,True
I have problems with canceling purchase {{Order Number}},cancel_order,cancel_order,1.0,True
i need help canceling order {{Order Number}},cancel_order,cancel_order,1.0,True
assistance signing up to your company newxletter,newsletter_subscription,newsletter_subscription,1.0,True
I want assistance to submit a delivery address,set_up_shipping_address,set_up_shipping_address,1.0,True
i have a problem entering the new delivery address,set_up_shipping_address,set_up_shipping_address,1.0,True
show me how long refunds take,check_refund_policy,check_refund_policy,1.0,True
i try to cancel purchase {{Order Number}},cancel_order,cancel_order,1.0,True
I need help earning some articles,place_order,place_order,1.0,True
is it possible to inmform of errors with a registration,registration_problems,registration_problems,1.0,True
need assistance to switch to the {{Account Type}} account,switch_account,switch_account,1.0,True
give me information about updating my delivery address,change_shipping_address,change_shipping_address,1.0,True
create new freemium account,create_account,create_account,1.0,True
i dont know what i have to do to delete my {{Account Category}} account,delete_account,delete_account,1.0,True
I want to recover the password of my profile,recover_password,recover_password,1.0,True
"I would like to locate order {{Order Number}}, I need help",track_order,track_order,1.0,True
I want help getting a compensation of my money,get_refund,get_refund,1.0,True
assistance seeing your money back policy,check_refund_policy,check_refund_policy,1.0,True
I want help opening a standard account,create_account,create_account,1.0,True
is it possible to lodge a customer claim,complaint,complaint,1.0,True
wanna see what shipping methods are available how to do it,delivery_options,delivery_options,1.0,True
i need assistance with creating a freemium acount,create_account,create_account,1.0,True
assistance t obtain a refund,get_refund,get_refund,1.0,True
there is a problem entering my delivery address,set_up_shipping_address,set_up_shipping_address,1.0,True
I do not knowhow to receive compensations of my money,get_refund,get_refund,1.0,True
need assistance reporting an issue with pyments,payment_issue,payment_issue,1.0,True
what do I need to do to see the terminbation fee?,check_cancellation_fee,check_cancellation_fee,1.0,True
do you have an e-mail to send a comment for your company?,review,review,1.0,True
I do not know what I have to do to look for my bill #00108,check_invoice,check_invoice,1.0,True
what do I need to do to demand my money back?,get_refund,get_refund,1.0,True
need to restore the pass of my user account,recover_password,recover_password,1.0,True
can you help me see how soon can I expect the order?,delivery_period,delivery_period,1.0,True
I need information about a delivery address update,change_shipping_address,change_shipping_address,1.0,True
could i see the ETA of the purchase {{Order Number}},track_order,track_order,1.0,True
i want help seeing purchase {{Order Number}} current status,track_order,track_order,1.0,True
can i correct order {{Order Number}},change_order,change_order,1.0,True
problem with {{Account Category}} acconut removals,delete_account,delete_account,1.0,True
changing to {{Account Category}} account,switch_account,switch_account,1.0,True
i dont know how i can set up a new shipping address,set_up_shipping_address,set_up_shipping_address,1.0,True
where can I notify of problems with payent?,payment_issue,payment_issue,1.0,True
transferring to operator,contact_human_agent,contact_human_agent,1.0,True
need help cancelling purchase {{Order Number}},cancel_order,cancel_order,1.0,True
want assistance to check the early exit fee,check_cancellation_fee,check_cancellation_fee,1.0,True
can I list your allowed payment modalities?,check_payment_methods,check_payment_methods,1.0,True
assistance to leave some feedback,review,review,1.0,True
help me to check how long it takes for my delivery to arrive,delivery_period,delivery_period,1.0,True
I need to obtain a rebate,get_refund,get_refund,1.0,True
how to open a standard account?,create_account,create_account,1.0,True
i need help to inform of troubles with payment,payment_issue,payment_issue,1.0,True
i dont know how i can locate invoice #85632,check_invoice,check_invoice,1.0,True
I do not know how I can enter another shipping address,set_up_shipping_address,set_up_shipping_address,1.0,True
I do not know how to update my shipping address,change_shipping_address,change_shipping_address,1.0,True
I do not know what I need to do to cancel the gold account,delete_account,delete_account,1.0,True
i dont know how i can ask for compensations of money,get_refund,get_refund,1.0,True
can you help me downloading my bill #85632?,get_invoice,get_invoice,1.0,True
how do I change an article of purchase {{Order Number}}?,change_order,change_order,1.0,True
can you give me information about delivery periods?,delivery_period,delivery_period,1.0,True
how could I check what shipping options are available?,delivery_options,delivery_options,1.0,True
notify of online registration issues,registration_problems,registration_problems,1.0,True
can i check when my package is gonna arrive,delivery_period,delivery_period,1.0,True
have a problem with a shpiping address modification,change_shipping_address,change_shipping_address,1.0,True
I need help to swap a product of order {{Order Number}},change_order,change_order,1.0,True
assistance to report an issue with a sign-up,registration_problems,registration_problems,1.0,True
is it possible to see ur payment modalities,check_payment_methods,check_payment_methods,1.0,True
how do I chat with a fucking person?,contact_human_agent,contact_human_agent,1.0,True
I'm waiting for a refund of {{Refund Amount}} dollars,track_refund,track_refund,1.0,True
someone stole the pin of my user want help restoring it,recover_password,recover_password,1.0,True
"I need to see when will my package arrive, help me",delivery_period,delivery_period,1.0,True
problems with correcting order {{Order Number}},change_order,change_order,1.0,True
"I don't want this item, cancel order {{Order Number}}",cancel_order,cancel_order,1.0,True
I don't know what I have to do to sign up to the newsletter,newsletter_subscription,newsletter_subscription,1.0,True
edit purchase {{Order Number}},change_order,change_order,1.0,True
"I want to see your payment modalities, can I get some help?",check_payment_methods,check_payment_methods,1.0,True
how could I use the {{Account Category}} profile?,switch_account,switch_account,1.0,True
i do not know what i need to do to download my bill #85632,get_invoice,get_invoice,1.0,True
i need help to add a product to order {{Order Number}},change_order,change_order,1.0,True
i try to remove some items from order {{Order Number}},change_order,change_order,1.0,True
how could I swap some products of purchase {{Order Number}}?,change_order,change_order,1.0,True
i do not know how i can report a sign-up error,registration_problems,registration_problems,1.0,True
I want help modifying my shipping address,change_shipping_address,change_shipping_address,1.0,True
can you help me seeing in what cases can I request refunds?,check_refund_policy,check_refund_policy,1.0,True
I need help with cancelling order {{Order Number}},cancel_order,cancel_order,1.0,True
I want assistance seeing when my item is going to arrive,delivery_period,delivery_period,1.0,True
help me demand a compensation of money,get_refund,get_refund,1.0,True
how can I write a comment?,review,review,1.0,True
I don't know how I can inform of problems with sign-up,registration_problems,registration_problems,1.0,True
I want assistance to change to the gold account,switch_account,switch_account,1.0,True
I want help resetting my access key,recover_password,recover_password,1.0,True
i expect a refund of {{Refund Amount}} dollars has it been processed,track_refund,track_refund,1.0,True
how can I purchase some of your article?,place_order,place_order,1.0,True
i have an issue setting an different shipping address up,set_up_shipping_address,set_up_shipping_address,1.0,True
"I don't understand you, I need to talk to a human agent",contact_human_agent,contact_human_agent,1.0,True
I cannot report a sign-up error,registration_problems,registration_problems,1.0,True
want help to cancel order {{Order Number}},cancel_order,cancel_order,1.0,True
is it possible to talk to a damn assistant?,contact_human_agent,contact_human_agent,1.0,True
what do i have to do to download my invoice #85632,get_invoice,get_invoice,1.0,True
correct data on {{Account Category}} account,edit_account,edit_account,1.0,True
can you help me see how soon can I expect my item?,delivery_period,delivery_period,1.0,True
where could I get information about updating my address?,change_shipping_address,change_shipping_address,1.0,True
need assistance switching to the pro account,switch_account,switch_account,1.0,True
I need help calling customer assistance,contact_customer_service,contact_customer_service,1.0,True
i do not know how to lodge a consumer complaint,complaint,complaint,1.0,True
can utell me more about modifying my delivery address,change_shipping_address,change_shipping_address,1.0,True
i need help to obtain compensations,get_refund,get_refund,1.0,True
can you help me get in touch with customer service?,contact_customer_service,contact_customer_service,1.0,True
I want help seeing how soon can I expect the parcel,delivery_period,delivery_period,1.0,True
can you help me setting my delivery address up?,set_up_shipping_address,set_up_shipping_address,1.0,True
help me unsubscribe from your newsletter,newsletter_subscription,newsletter_subscription,1.0,True
new {{Account Category}} account for wife,create_account,create_account,1.0,True
wanna check how long the shipment takes i need help,delivery_period,delivery_period,1.0,True
retrieve the key of my user account,recover_password,recover_password,1.0,True
where do i check the termination penalty,check_cancellation_fee,check_cancellation_fee,1.0,True
modifying {{Account Category}} account,edit_account,edit_account,1.0,True
i want assistance asking for a reimbursement of my money,get_refund,get_refund,1.0,True
help me check in which situations can I request refunds,check_refund_policy,check_refund_policy,1.0,True
I want to unsubscribe from thd company newsletter,newsletter_subscription,newsletter_subscription,1.0,True
can ya help me to check the bill #37777,check_invoice,check_invoice,1.0,True
order  {{Order Number}} status,track_order,track_order,1.0,True
would you give me information about my gold account removal?,delete_account,delete_account,1.0,True
want assistance receiving a refund of money,get_refund,get_refund,1.0,True
help me change to the {{Account Category}} account,switch_account,switch_account,1.0,True
could you show me in what situations can I request refunds?,check_refund_policy,check_refund_policy,1.0,True
want hep receiving a refund of my money,get_refund,get_refund,1.0,True
want assistance to delete a gold account,delete_account,delete_account,1.0,True
could you help me seeing when will my parcel arrive?,delivery_period,delivery_period,1.0,True
would ig be possible to order some bloody articles?,place_order,place_order,1.0,True
modifying information on gold account,edit_account,edit_account,1.0,True
i try to submit my delivery address,set_up_shipping_address,set_up_shipping_address,1.0,True
i do not know whzt to do to inform of a problem with payment,payment_issue,payment_issue,1.0,True
I want help to download bill #12588,get_invoice,get_invoice,1.0,True
i dont know how i can report an error with registrations,registration_problems,registration_problems,1.0,True
can uhelp me to submit some feedback about ur products,review,review,1.0,True
help me to use the premium account,switch_account,switch_account,1.0,True
I'm trying to see how long it takes for my product to arrive,delivery_period,delivery_period,1.0,True
can uhelp me receive a rebate of money,get_refund,get_refund,1.0,True
wanna find the invoices from {{Person Name}} how can i do it,check_invoice,check_invoice,1.0,True
how to see what methods for delivery I can choose?,delivery_options,delivery_options,1.0,True
help me setting up the new shipping address,set_up_shipping_address,set_up_shipping_address,1.0,True
seebills from {{Person Name}},check_invoice,check_invoice,1.0,True
i want help listing ur available payment methods,check_payment_methods,check_payment_methods,1.0,True
can ya help mw to solve errors with payment,payment_issue,payment_issue,1.0,True
help me speaking with an assistant,contact_human_agent,contact_human_agent,1.0,True
want assistance signing up to the company newsletter,newsletter_subscription,newsletter_subscription,1.0,True
want help checking ur money back policy,check_refund_policy,check_refund_policy,1.0,True
I cannot speak to a person,contact_human_agent,contact_human_agent,1.0,True
help to edit order {{Order Number}},change_order,change_order,1.0,True
remove {{Account Category}} account,delete_account,delete_account,1.0,True
I want help cancelling my corporate newsletter subscription,newsletter_subscription,newsletter_subscription,1.0,True
i dont know what to do to submit feedback about a service,review,review,1.0,True
assistance to acquire some of  ur item,place_order,place_order,1.0,True
i need assistance requesting reimbursements of my money,get_refund,get_refund,1.0,True
I exxpect a rebate of {{Currency Symbol}}{{Refund Amount}},track_refund,track_refund,1.0,True
assistance seeing how soon can i expect the shipment,delivery_period,delivery_period,1.0,True
get invoice #12588,get_invoice,get_invoice,1.0,True
can i switch a product of order {{Order Number}},change_order,change_order,1.0,True
help me retrieve my user account PIN,recover_password,recover_password,1.0,True
shipping address not valid,set_up_shipping_address,set_up_shipping_address,1.0,True
"I submitted a wrong address, edit it",change_shipping_address,change_shipping_address,1.0,True
"I paid {{Currency Symbol}}{{Refund Amount}} for these items, where can I receive a refund?",get_refund,get_refund,1.0,True
I have to see in which cases can I sak for reimbursements,check_refund_policy,check_refund_policy,1.0,True
"I have to write an opinion, can I get some help?",review,review,1.0,True
I have got to see purchase {{Order Number}} current status,track_order,track_order,1.0,True
have a problem with the cancellation of my gold account,delete_account,delete_account,1.0,True
help me ask for a compensation,get_refund,get_refund,1.0,True
I don't know how I can order a few of your article,place_order,place_order,1.0,True
show cancellation penalty,check_cancellation_fee,check_cancellation_fee,1.0,True
can I check if there are any news on my reimbursement?,track_refund,track_refund,1.0,True
"I have to submit my damn secondary delivery address, help me",set_up_shipping_address,set_up_shipping_address,1.0,True
i dont wat order {{Order Number}} cancel it,cancel_order,cancel_order,1.0,True
I try to leave some feedback about your services,review,review,1.0,True
want help to check ur payment methods,check_payment_methods,check_payment_methods,1.0,True
will you show me the accepted payment options?,check_payment_methods,check_payment_methods,1.0,True
what do I need to do to call customer assistance?,contact_customer_service,contact_customer_service,1.0,True
I cannot talk to somebody,contact_human_agent,contact_human_agent,1.0,True
want help submitting another bloody shipping address,set_up_shipping_address,set_up_shipping_address,1.0,True
how to inform of an sign-up error,registration_problems,registration_problems,1.0,True
help me see in what situations can I request a refund,check_refund_policy,check_refund_policy,1.0,True
wann locate order {{Order Number}},track_order,track_order,1.0,True
"I want to see the cancellation fees, I need assistance",check_cancellation_fee,check_cancellation_fee,1.0,True
help me checking the current status of purchase {{Order Number}},track_order,track_order,1.0,True
I want help to enter another delivery address,set_up_shipping_address,set_up_shipping_address,1.0,True
can you help me writing an opinion about your products?,review,review,1.0,True
correct info on {{Account Type}} account,edit_account,edit_account,1.0,True
editing {{Account Type}} account,edit_account,edit_account,1.0,True
check bills from {{Person Name}},check_invoice,check_invoice,1.0,True
how can I delete several ites from purchase {{Order Number}}?,change_order,change_order,1.0,True
I need support trying to modify my address,change_shipping_address,change_shipping_address,1.0,True
report issues creating user,registration_problems,registration_problems,1.0,True
where do i notify of a trouble with payments,payment_issue,payment_issue,1.0,True
where can i enter a secondary shipping address,set_up_shipping_address,set_up_shipping_address,1.0,True
i need assistance tospeak with fucking customer support,contact_customer_service,contact_customer_service,1.0,True
what do I need to do to change to the pro account?,switch_account,switch_account,1.0,True
how can i take a quick look at my invoice from {{Person Name}},check_invoice,check_invoice,1.0,True
i have got to change my user info,edit_account,edit_account,1.0,True
I don't know how I can notify of issues with damn sign-up,registration_problems,registration_problems,1.0,True
i cannot retrieve the passqord of my profile,recover_password,recover_password,1.0,True
how can i inform of an error with payment,payment_issue,payment_issue,1.0,True
help unsubscribing to ur newsletter,newsletter_subscription,newsletter_subscription,1.0,True
i want help notifying of errors with a signup,registration_problems,registration_problems,1.0,True
I need to lodge a goddamn conplaint against your business,complaint,complaint,1.0,True
help me lodge a customer claim against your business,complaint,complaint,1.0,True
help me checking the status of purchase {{Order Number}},track_order,track_order,1.0,True
is it possible to acquire several of ur article,place_order,place_order,1.0,True
I want assistance to write a review for your company,review,review,1.0,True
i do not know how to enter a delivery address,set_up_shipping_address,set_up_shipping_address,1.0,True
can you show me what shipping options are there?,delivery_options,delivery_options,1.0,True
i want assistance to find the bikll #00108,check_invoice,check_invoice,1.0,True
i have got to send some fedback about ur products,review,review,1.0,True
help to earn several of your item,place_order,place_order,1.0,True
I want to inform of problems with sign-up,registration_problems,registration_problems,1.0,True
i do not know how to download the bills from {{Person Name}},get_invoice,get_invoice,1.0,True
could i list ur accepted payment options,check_payment_methods,check_payment_methods,1.0,True
can I open a pro account for my daughter?,create_account,create_account,1.0,True
want help to make a complaint against your business,complaint,complaint,1.0,True
"I can't register, how could I report signup problems?",registration_problems,registration_problems,1.0,True
cdan uhelp me using the platinum account,switch_account,switch_account,1.0,True
help me check in which cases can I ask to be reimbursed,check_refund_policy,check_refund_policy,1.0,True
subscription to ur company newsletter,newsletter_subscription,newsletter_subscription,1.0,True
can I see if there is anything new on the refund?,track_refund,track_refund,1.0,True
I try to speak to an assistant,contact_human_agent,contact_human_agent,1.0,True
need assistance submitting some feedback for ur products,review,review,1.0,True
have a problem with a standard account cancellation,delete_account,delete_account,1.0,True
i try tosee under what circumstances can i ask for refunds,check_refund_policy,check_refund_policy,1.0,True
help to make a consumer complaint against your business,complaint,complaint,1.0,True
I want assistance to leave feedback about a product,review,review,1.0,True
want help ot write a review for a service,review,review,1.0,True
i need assistance to see how soon can i expect the order,delivery_period,delivery_period,1.0,True
i need assistance to chat with somebody,contact_human_agent,contact_human_agent,1.0,True
i want assistance reporting a problem with sign-up,registration_problems,registration_problems,1.0,True
i try to leave my feedback,review,review,1.0,True
I don't know how I can see the cancellation fee,check_cancellation_fee,check_cancellation_fee,1.0,True
problem updating delivery address,change_shipping_address,change_shipping_address,1.0,True
I cannot talk to an operator,contact_human_agent,contact_human_agent,1.0,True
correct information on standardaccount,edit_account,edit_account,1.0,True
I ned assistance to get my invoice #12588,get_invoice,get_invoice,1.0,True
I want help cancelling purchase {{Order Number}},cancel_order,cancel_order,1.0,True
I don't know how to inform of sign-up errrors,registration_problems,registration_problems,1.0,True
update {{Account Type}} account,edit_account,edit_account,1.0,True
see cancellation charge,check_cancellation_fee,check_cancellation_fee,1.0,True
would it be possible to open a {{Account Type}} account for my daughter?,create_account,create_account,1.0,True
I can no longer pay for purchase {{Order Number}},cancel_order,cancel_order,1.0,True
"I am unhappy with your work, how to make a customer claim?",complaint,complaint,1.0,True
I have an error updating my address,change_shipping_address,change_shipping_address,1.0,True
were can i submit some feedback for a product,review,review,1.0,True
could you help me to request a restitution of my money?,get_refund,get_refund,1.0,True
need assistance leaving some feedback about your products,review,review,1.0,True
I want help cancellkng purchase {{Order Number}},cancel_order,cancel_order,1.0,True
checkbill #00108,check_invoice,check_invoice,1.0,True
can you help me listing your available payment methods?,check_payment_methods,check_payment_methods,1.0,True
I need to contact someone,contact_human_agent,contact_human_agent,1.0,True
how can I see the allowed payment methods?,check_payment_methods,check_payment_methods,1.0,True
i dnt use my {{Account Category}} account want help to delete it,delete_account,delete_account,1.0,True
i expect an rebate of {{Currency Symbol}}{{Refund Amount}},track_refund,track_refund,1.0,True
i want help to recver my user account pwd,recover_password,recover_password,1.0,True
where can i get information about an {{Account Type}} account deletion,delete_account,delete_account,1.0,True
"I want to check my rebate current status, could you help me?",track_refund,track_refund,1.0,True
i have got to update the info included on my user profile,edit_account,edit_account,1.0,True
modify details on standard account,edit_account,edit_account,1.0,True
is it possible to chec my bill #37777,check_invoice,check_invoice,1.0,True
seeing bill from {{Person Name}},check_invoice,check_invoice,1.0,True
change data on {{Account Type}} account,edit_account,edit_account,1.0,True
have problems with canceling purchase {{Order Number}},cancel_order,cancel_order,1.0,True
I'm trying to check how long reimbursements take,check_refund_policy,check_refund_policy,1.0,True
I'm trying to enter an shipping address,set_up_shipping_address,set_up_shipping_address,1.0,True
can i swap a product of purchase {{Order Number}},change_order,change_order,1.0,True
find information about the delivery period,delivery_period,delivery_period,1.0,True
review,review,review,1.0,True
I'm trying to see my refund current status,track_refund,track_refund,1.0,True
"I want to enter the delivery address, how to do it?",set_up_shipping_address,set_up_shipping_address,1.0,True
need help tyo obtain fucking compensations,get_refund,get_refund,1.0,True
"I can't open a profile, I want to report signup problems",registration_problems,registration_problems,1.0,True
check in what cases can I request to be reimbursed,check_refund_policy,check_refund_policy,1.0,True
I cannot reset the key of my account,recover_password,recover_password,1.0,True
wanna look for my bill #85632 could i get some help,check_invoice,check_invoice,1.0,True
give me information about a delivery address modification,change_shipping_address,change_shipping_address,1.0,True
help me see in what cases can I request a reimbursement,check_refund_policy,check_refund_policy,1.0,True
editing information on standard account,edit_account,edit_account,1.0,True
help me informing of sign-up issues,registration_problems,registration_problems,1.0,True
in which situations can I request the damn refunds?,check_refund_policy,check_refund_policy,1.0,True
i lost the invoices from {{Person Name}} can ufind them for me,check_invoice,check_invoice,1.0,True
i need assistance to get my invoices  from {{Person Name}},get_invoice,get_invoice,1.0,True
how do i obtain a rebate of money,get_refund,get_refund,1.0,True
help checking your accepted payment options,check_payment_methods,check_payment_methods,1.0,True
help reporting troubles with payments,payment_issue,payment_issue,1.0,True
assistance to speak to a live agent,contact_human_agent,contact_human_agent,1.0,True
what do I have to do to cancel a premium account?,delete_account,delete_account,1.0,True
I call to check the shipment options,delivery_options,delivery_options,1.0,True
I need assistance seeing the early termination penalties,check_cancellation_fee,check_cancellation_fee,1.0,True
how can I check how soon can I expect the article?,delivery_period,delivery_period,1.0,True
can ya help me set up a shipping address,set_up_shipping_address,set_up_shipping_address,1.0,True
where do I inform of problems with registrations?,registration_problems,registration_problems,1.0,True
I need assistance retsoring the fucking key of my user,recover_password,recover_password,1.0,True
i do not know what to do to check the shipping options,delivery_options,delivery_options,1.0,True
opening {{Account Type}} account for wife,create_account,create_account,1.0,True
will you tell me what hours I can call customer service ?,contact_customer_service,contact_customer_service,1.0,True
"I have got to see how long refunds take, I need help",check_refund_policy,check_refund_policy,1.0,True
can you help me to list your accepted payment modalities?,check_payment_methods,check_payment_methods,1.0,True
"I paid {{Currency Symbol}}{{Refund Amount}} for this order, help me to get a rebate",get_refund,get_refund,1.0,True
I have to cancel order {{Order Number}},cancel_order,cancel_order,1.0,True
how can I get information about my {{Account Category}} account removal?,delete_account,delete_account,1.0,True
I don't know what I have to do to cancel my {{Account Type}} account,delete_account,delete_account,1.0,True
I want help to set up my delivery address,set_up_shipping_address,set_up_shipping_address,1.0,True
i dont know what i need to do to call customer assistance,contact_customer_service,contact_customer_service,1.0,True
I want to know more about editng my address,change_shipping_address,change_shipping_address,1.0,True
I am trying to cancel my subscription to your newsletter,newsletter_subscription,newsletter_subscription,1.0,True
I want help to use the standard account,switch_account,switch_account,1.0,True
"I lost the PIN of my profile, I want help restoring it",recover_password,recover_password,1.0,True
help me notifying of an error with a sign-up,registration_problems,registration_problems,1.0,True
where to list your allowed payment options?,check_payment_methods,check_payment_methods,1.0,True
can I open a {{Account Type}} account for my daughter?,create_account,create_account,1.0,True
seebill from {{Person Name}},check_invoice,check_invoice,1.0,True
how to use the premium profile,switch_account,switch_account,1.0,True
I don't know how to check the early termination charge,check_cancellation_fee,check_cancellation_fee,1.0,True
need help giving a quick look at my invouce from {{Person Name}},check_invoice,check_invoice,1.0,True
i cant swap an item of order {{Order Number}},change_order,change_order,1.0,True
I need help to receive restitutions of money,get_refund,get_refund,1.0,True
what do I have to do to see the early exit charge?,check_cancellation_fee,check_cancellation_fee,1.0,True
i want help talking with an agent,contact_human_agent,contact_human_agent,1.0,True
I am trying to check what shipping methods are there,delivery_options,delivery_options,1.0,True
i have a question about opening a premium account,create_account,create_account,1.0,True
want help asking for reimbursements,get_refund,get_refund,1.0,True
where can i find information about a {{Account Type}} account deletion,delete_account,delete_account,1.0,True
there are issues setting up the delivery address,set_up_shipping_address,set_up_shipping_address,1.0,True
how do I switch to the {{Account Category}} account?,switch_account,switch_account,1.0,True
is it possible to order a few of your product?,place_order,place_order,1.0,True
new freemium account for wife,create_account,create_account,1.0,True
canuhelp me to get the bills from {{Person Name}},get_invoice,get_invoice,1.0,True
"I have entered a wrong delivery address, help me changing it",change_shipping_address,change_shipping_address,1.0,True
where can I receive the corporate newsletter?,newsletter_subscription,newsletter_subscription,1.0,True
I want assistance to inform of an issue with a signup,registration_problems,registration_problems,1.0,True
where could I inform of issues with payment?,payment_issue,payment_issue,1.0,True
i have to inform of problems with signup can i get some help,registration_problems,registration_problems,1.0,True
need assistance to see your accepted payment options,check_payment_methods,check_payment_methods,1.0,True
"I want to check your reimbursement policy, help me",check_refund_policy,check_refund_policy,1.0,True
I don't know how I can request a rebate,get_refund,get_refund,1.0,True
I have to inform of an issje with a sign-up,registration_problems,registration_problems,1.0,True
"I have got to see the shipment options, I need help",delivery_options,delivery_options,1.0,True
I don't knoq how I can inform of an issue with payment,payment_issue,payment_issue,1.0,True
I want help creating a pro account,create_account,create_account,1.0,True
editing details on freemium account,edit_account,edit_account,1.0,True
I can no longer pay for purchase {{Order Number}},cancel_order,cancel_order,1.0,True
assistance to make a caim against ur business,complaint,complaint,1.0,True
cnange info on {{Account Type}} account,edit_account,edit_account,1.0,True
can I leave some feedback about a product?,review,review,1.0,True
i dont know how to request a refund,get_refund,get_refund,1.0,True
I'm trying to list the available payment modalities,check_payment_methods,check_payment_methods,1.0,True
help to call customer support,contact_customer_service,contact_customer_service,1.0,True
consumer reclamation,complaint,complaint,1.0,True
could you help me shop a few of your article?,place_order,place_order,1.0,True
"I need to unsubscribe from the newsletter, can yyou help me?",newsletter_subscription,newsletter_subscription,1.0,True
I need assistance retrieving the access key of my account,recover_password,recover_password,1.0,True
need help cancelling order {{Order Number}},cancel_order,cancel_order,1.0,True
want help opening a pro account for my daughter,create_account,create_account,1.0,True
I try to change the address,change_shipping_address,change_shipping_address,1.0,True
I do not know how I can cancel order {{Order Number}},cancel_order,cancel_order,1.0,True
I need help seeing the cancellation fee,check_cancellation_fee,check_cancellation_fee,1.0,True
how can i know if there is anything wrong with my refund,track_refund,track_refund,1.0,True
how do I sign up to the newsletter?,newsletter_subscription,newsletter_subscription,1.0,True
edit data on platinum account,edit_account,edit_account,1.0,True
I want to know more about a delivery address change,change_shipping_address,change_shipping_address,1.0,True
I'd like to modify the details on my user how can i do it,edit_account,edit_account,1.0,True
troubles setting up a delivery address,set_up_shipping_address,set_up_shipping_address,1.0,True
"I do not want my last bloody item, cancel order {{Order Number}}",cancel_order,cancel_order,1.0,True
I want assistance talking with customer service,contact_customer_service,contact_customer_service,1.0,True
I have troubles modifying the fucking shipping address,change_shipping_address,change_shipping_address,1.0,True
how could I write a review?,review,review,1.0,True
i want assistance seting my new delivery address up,set_up_shipping_address,set_up_shipping_address,1.0,True
help to remove several articles from purchase {{Order Number}},change_order,change_order,1.0,True
how to submit another shipping address,set_up_shipping_address,set_up_shipping_address,1.0,True
where do i check what hours i can call customer assistance,contact_customer_service,contact_customer_service,1.0,True
I need help reporting a problem with payment,payment_issue,payment_issue,1.0,True
how do i use the {{Account Category}} profile,switch_account,switch_account,1.0,True
assistance to check the eta of the purchase {{Order Number}},track_order,track_order,1.0,True
I want assistance to check the methods for delivery,delivery_options,delivery_options,1.0,True
I don't know what I need to do to chat with a person,contact_human_agent,contact_human_agent,1.0,True
where could I see how soon can I expect the product ?,delivery_period,delivery_period,1.0,True
I have got to download my goddamn invoice from {{Person Name}},get_invoice,get_invoice,1.0,True
is it possible to list ur accepted payment modalities,check_payment_methods,check_payment_methods,1.0,True
help me reset my PIN,recover_password,recover_password,1.0,True
can uhelp me canceling my subscription to ur newsletter,newsletter_subscription,newsletter_subscription,1.0,True
I cannot check the ETA of the order {{Order Number}},track_order,track_order,1.0,True
could I check if there is anything new on the compensation?,track_refund,track_refund,1.0,True
where can I see how soon can I expect my item?,delivery_period,delivery_period,1.0,True
i want help speaking to someone,contact_human_agent,contact_human_agent,1.0,True
i want assistance to track order {{Order Number}},track_order,track_order,1.0,True
cancelling {{Account Category}} account,delete_account,delete_account,1.0,True
can I download my invoice from {{Person Name}}?,get_invoice,get_invoice,1.0,True
I have to acquire a product,place_order,place_order,1.0,True
can you help me checking when will my parcel arrive?,delivery_period,delivery_period,1.0,True
"I would like to create a pro account, how do I do it?",create_account,create_account,1.0,True
checking bill from {{Person Name}},check_invoice,check_invoice,1.0,True
help to speak with a human agent,contact_human_agent,contact_human_agent,1.0,True
"someone stole my PIN, I want assistance to restore it",recover_password,recover_password,1.0,True
I don't know what to do to speak with customer assistance,contact_customer_service,contact_customer_service,1.0,True
show status of refund,track_refund,track_refund,1.0,True
how do I inform of an issue with a signup?,registration_problems,registration_problems,1.0,True
I need to notify of problems with payments,payment_issue,payment_issue,1.0,True
i dont know what to do to obtain rebates of money,get_refund,get_refund,1.0,True
I want help checking when will my article arrive,delivery_period,delivery_period,1.0,True
how can I get in touch with customer support?,contact_customer_service,contact_customer_service,1.0,True
refunding {{Refund Amount}}  dollars,get_refund,get_refund,1.0,True
I need assistance with canceling purchase {{Order Number}},cancel_order,cancel_order,1.0,True
help to leave feedback for a product,review,review,1.0,True
need to give a quick look at the invoice #85632,check_invoice,check_invoice,1.0,True
I want help to change the delivery address,change_shipping_address,change_shipping_address,1.0,True
I am calling to check what methods for delivery are there,delivery_options,delivery_options,1.0,True
where to notify of problems with an sign-up,registration_problems,registration_problems,1.0,True
"I cannot make a transfer, notify of payment issues",payment_issue,payment_issue,1.0,True
can you help me see the damn withdrawal charge?,check_cancellation_fee,check_cancellation_fee,1.0,True
need to see what hours i can reach customer support,contact_customer_service,contact_customer_service,1.0,True
can I use the freemium profile?,switch_account,switch_account,1.0,True
I don't know what I have to do to do a pucrhase,place_order,place_order,1.0,True
help me check in which cases can i ask for reimbursements,check_refund_policy,check_refund_policy,1.0,True
"I can't afford purchase {{Order Number}}, I need help canceling it",cancel_order,cancel_order,1.0,True
want assistance notifying of an error with payments,payment_issue,payment_issue,1.0,True
"I want to see the cancellation charges, how do I do it?",check_cancellation_fee,check_cancellation_fee,1.0,True
"I expect a bloody rebate of {{Currency Symbol}}{{Refund Amount}}, was it processed already",track_refund,track_refund,1.0,True
"I bought some articles, help me to cancel order {{Order Number}}",cancel_order,cancel_order,1.0,True
could you help me to speak to customer support?,contact_customer_service,contact_customer_service,1.0,True
i need assistance checking the payment modalities,check_payment_methods,check_payment_methods,1.0,True
can you help me check your goddamn reimbursement policy?,check_refund_policy,check_refund_policy,1.0,True
can you tell me more about updating my delivery address?,change_shipping_address,change_shipping_address,1.0,True
assistance notifying of an issue with payments,payment_issue,payment_issue,1.0,True
is it possible to get rebates of my money,get_refund,get_refund,1.0,True
I don't know how I can see the available payment modalities,check_payment_methods,check_payment_methods,1.0,True
can you help me checking when will my purchase arrive?,delivery_period,delivery_period,1.0,True
i have got to file a claim against ur business,complaint,complaint,1.0,True
can I order from {{Delivery Country}}?,delivery_options,delivery_options,1.0,True
I do not knoe how I can see when will my package arrive,delivery_period,delivery_period,1.0,True
I have errors editing the shipping address,change_shipping_address,change_shipping_address,1.0,True
need to check what methods for delivery i can choose help me,delivery_options,delivery_options,1.0,True
i expect a reimbursxement of {{Currency Symbol}}{{Refund Amount}},track_refund,track_refund,1.0,True
assistance to see thd early termination fee,check_cancellation_fee,check_cancellation_fee,1.0,True
i have to rewet my fucking user pin i need assistance,recover_password,recover_password,1.0,True
i want help  to close the {{Account Category}} account,delete_account,delete_account,1.0,True
what do i have to do to locate purchase {{Order Number}},track_order,track_order,1.0,True
i aint registered yet assistance creating a {{Account Type}} account,create_account,create_account,1.0,True
what do i need to do to find my bill #37777,check_invoice,check_invoice,1.0,True
i want assistance to inform of problems with sign-up,registration_problems,registration_problems,1.0,True
assistance reporting a registration error,registration_problems,registration_problems,1.0,True
contact live agent,contact_human_agent,contact_human_agent,1.0,True
i do not know what to do to download the invoice #85632,get_invoice,get_invoice,1.0,True
can I add several articles to order {{Order Number}}?,change_order,change_order,1.0,True
I can no longer pay for order {{Order Number}},cancel_order,cancel_order,1.0,True
help to leave damn feedback for ru products,review,review,1.0,True
I have a problem trying to edit my shipping address,change_shipping_address,change_shipping_address,1.0,True
edit details oon {{Account Type}} account,edit_account,edit_account,1.0,True
i dont know how to see ur available payment modalities,check_payment_methods,check_payment_methods,1.0,True
i expect a reimbursement of {{Currency Symbol}}{{Refund Amount}},track_refund,track_refund,1.0,True
would it be possible to check the early termination charge?,check_cancellation_fee,check_cancellation_fee,1.0,True
issues updating shipping address,change_shipping_address,change_shipping_address,1.0,True
can i use the freemium rpofile,switch_account,switch_account,1.0,True
how can I sign up to the newsletter?,newsletter_subscription,newsletter_subscription,1.0,True
why I can't set up a secondary delivery address valid,set_up_shipping_address,set_up_shipping_address,1.0,True
I need help with opening my {{Account Category}} account,create_account,create_account,1.0,True
need help to see in what cases can I request my money back,check_refund_policy,check_refund_policy,1.0,True
i have got to create a {{Account Type}} account for my dad,create_account,create_account,1.0,True
help me to open a premium account for my daughter,create_account,create_account,1.0,True
check under which circumstances can I request my money back,check_refund_policy,check_refund_policy,1.0,True
get bill fromMr. Jones,get_invoice,get_invoice,1.0,True
refund {{Refund Amount}} dollars,get_refund,get_refund,1.0,True
"I need to see the methods for shipping, how to do it?",delivery_options,delivery_options,1.0,True
"I want to see your payment methods, how to do it?",check_payment_methods,check_payment_methods,1.0,True
I would like to list the payment modalities,check_payment_methods,check_payment_methods,1.0,True
can i call customer assistance,contact_customer_service,contact_customer_service,1.0,True
can uhelp me seeing the withdrawal charge,check_cancellation_fee,check_cancellation_fee,1.0,True
I do not know what to do to inform of a sign-up issue,registration_problems,registration_problems,1.0,True
need assistance downloading the invoice from {{Person Name}},get_invoice,get_invoice,1.0,True
I need help to check your allowed payment options,check_payment_methods,check_payment_methods,1.0,True
editting details on {{Account Category}} account,edit_account,edit_account,1.0,True
wanna find the bills from {{Person Name}} could i get somw help,check_invoice,check_invoice,1.0,True
wanna submit some feedback for a service how can i do it,review,review,1.0,True
i have got to get in touch with customerservice,contact_customer_service,contact_customer_service,1.0,True
i wanmt help trying to change my shipping address,change_shipping_address,change_shipping_address,1.0,True
tell me more about opening gold accounts,create_account,create_account,1.0,True
I need help with cancelling purchase {{Order Number}},cancel_order,cancel_order,1.0,True
uare not being helpful help me speak to an operator,contact_human_agent,contact_human_agent,1.0,True
how to swap some articles of order {{Order Number}}?,change_order,change_order,1.0,True
can i check theearly exit penalty,check_cancellation_fee,check_cancellation_fee,1.0,True
i expect a compensqtion of {{Refund Amount}} dollars,track_refund,track_refund,1.0,True
adsistance earning several of your product,place_order,place_order,1.0,True
"the address changed, can you help me change it?",change_shipping_address,change_shipping_address,1.0,True
need assistance reporting errors with a registration,registration_problems,registration_problems,1.0,True
updating details on pro account,edit_account,edit_account,1.0,True
i do not know how i could report signup issues,registration_problems,registration_problems,1.0,True
do you shp to {{Delivery City}}?,delivery_options,delivery_options,1.0,True
where can i find information about my gold account deletion,delete_account,delete_account,1.0,True
need to create an {{Account Type}} account,create_account,create_account,1.0,True
i want assistance to inform of problwms with payment,payment_issue,payment_issue,1.0,True
new {{Account Type}} account for wife,create_account,create_account,1.0,True
switching to {{Account Category}} account,switch_account,switch_account,1.0,True
is it possible to place a goddamn order from {{Delivery Country}},delivery_options,delivery_options,1.0,True
I want to know about modifying the delivery address,change_shipping_address,change_shipping_address,1.0,True
I need assistance to check when will my article arrive,delivery_period,delivery_period,1.0,True
deliveries to {{Delivery City}},delivery_options,delivery_options,1.0,True
can i place an oeder from {{Delivery City}},delivery_options,delivery_options,1.0,True
how can I report a trouble with online payment?,payment_issue,payment_issue,1.0,True
i do not know what i have to do to request refunds of money,get_refund,get_refund,1.0,True
i try to reoprt issues with sign-up,registration_problems,registration_problems,1.0,True
there is an issue setting up a shipping address,set_up_shipping_address,set_up_shipping_address,1.0,True
open pro cacount for wife,create_account,create_account,1.0,True
help me check when my fucking package is going to arrive,delivery_period,delivery_period,1.0,True
I want assistance checking the available payment options,check_payment_methods,check_payment_methods,1.0,True
want assistance checking how soon can i expect the delivery,delivery_period,delivery_period,1.0,True
wanna check how soon can i expect my article,delivery_period,delivery_period,1.0,True
help checking in which situations can i ask to be erimbursed,check_refund_policy,check_refund_policy,1.0,True
tell me about cancel my company newsletter subscription,newsletter_subscription,newsletter_subscription,1.0,True
check order {{Order Number}} current status,track_order,track_order,1.0,True
"I can't afford order {{Order Number}}, I need help to cancel it",cancel_order,cancel_order,1.0,True
edit info on {{Account Category}} accunt,edit_account,edit_account,1.0,True
help me download the invoice #12588,get_invoice,get_invoice,1.0,True
"the shipping address has changed, can you correct it?",change_shipping_address,change_shipping_address,1.0,True
help me checking the ETA of purchase {{Order Number}},track_order,track_order,1.0,True
I have errors signing up,registration_problems,registration_problems,1.0,True
is it possible to chat with a human  agent?,contact_human_agent,contact_human_agent,1.0,True
checking invoice #85632,check_invoice,check_invoice,1.0,True
I want assistance downloading boll #37777,get_invoice,get_invoice,1.0,True
i dont know what i need to do to chat with an agent,contact_human_agent,contact_human_agent,1.0,True
I have to report signup errors,registration_problems,registration_problems,1.0,True
show me ETA of purchase {{Order Number}},track_order,track_order,1.0,True
can you help me to restore the pass of my account?,recover_password,recover_password,1.0,True
I need assistance seeing what payment options are allowed,check_payment_methods,check_payment_methods,1.0,True
need help canging to the {{Account Category}} account,switch_account,switch_account,1.0,True
i need help requesting rebates of money,get_refund,get_refund,1.0,True
help me listing your available payment methods,check_payment_methods,check_payment_methods,1.0,True
information about updating the shipping address,change_shipping_address,change_shipping_address,1.0,True
help to get my invoices from {{Person Name}},get_invoice,get_invoice,1.0,True
where can i shop some articles,place_order,place_order,1.0,True
shiping to {{Delivery City}},delivery_options,delivery_options,1.0,True
editing {{Account Type}}  account,edit_account,edit_account,1.0,True
want assistance to fid my invoice from {{Person Name}},check_invoice,check_invoice,1.0,True
i dont know what i need to do to close the {{Account Category}} account,delete_account,delete_account,1.0,True
find my bilps from {{Person Name}},check_invoice,check_invoice,1.0,True
where to see purchase {{Order Number}} status?,track_order,track_order,1.0,True
is it possible to place an order from {{Delivery Country}},delivery_options,delivery_options,1.0,True
help checking in which situations can I ask for a refund,check_refund_policy,check_refund_policy,1.0,True
I have an issue submitting the secondray delivery address,set_up_shipping_address,set_up_shipping_address,1.0,True
i want assistance reporting a problem with payment,payment_issue,payment_issue,1.0,True
there are troubles setting up another shipping address,set_up_shipping_address,set_up_shipping_address,1.0,True
i have to recover my avcount pin code,recover_password,recover_password,1.0,True
I want help to check in which cases can I ask for refunds,check_refund_policy,check_refund_policy,1.0,True
i want help changing to the gold account,switch_account,switch_account,1.0,True
can i write a review for ur company,review,review,1.0,True
"I want to send my feedback, I need assistance",review,review,1.0,True
i dont understand a word ya say how to chat with a person,contact_human_agent,contact_human_agent,1.0,True
check in which cases can i request refunds,check_refund_policy,check_refund_policy,1.0,True
I want to know about a bloody shipping address modification,change_shipping_address,change_shipping_address,1.0,True
i want help to see at what time i can reach customer service,contact_customer_service,contact_customer_service,1.0,True
assistance recovering the access key of my user profile,recover_password,recover_password,1.0,True
where do I order an article?,place_order,place_order,1.0,True
hep using the {{Account Category}} profile,switch_account,switch_account,1.0,True
I expect a refund of {{Currency Symbol}}{{Refund Amount}},track_refund,track_refund,1.0,True
i have a issue entering my secondary delivery address,set_up_shipping_address,set_up_shipping_address,1.0,True
assistance to file a reclamation against your business,complaint,complaint,1.0,True
check invoice from {{Person Name}},check_invoice,check_invoice,1.0,True
see my bills from {{Person Name}},check_invoice,check_invoice,1.0,True
talk to person,contact_human_agent,contact_human_agent,1.0,True
Iwant assistance canceling order {{Order Number}},cancel_order,cancel_order,1.0,True
I want assistance to notify of an error with sign-up,registration_problems,registration_problems,1.0,True
what do i need to do to swigch to the standard account,switch_account,switch_account,1.0,True
I need help to check when my purchase is going to arive,delivery_period,delivery_period,1.0,True
help me see the status of purchase {{Order Number}},track_order,track_order,1.0,True
i need help to talk to someone,contact_human_agent,contact_human_agent,1.0,True
can ya help me speaking with an assistant,contact_human_agent,contact_human_agent,1.0,True
i dont know wha to do to check the status of order {{Order Number}},track_order,track_order,1.0,True
correcting information on freemium account,edit_account,edit_account,1.0,True
I want assistance to switch to the {{Account Category}} account,switch_account,switch_account,1.0,True
I need assistance to earn an item,place_order,place_order,1.0,True
can ya show me at what time customer service available is,contact_customer_service,contact_customer_service,1.0,True
"I need to see the cancellation penalties, will you help me?",check_cancellation_fee,check_cancellation_fee,1.0,True
wanna lodge a consumer reclamation against ur company,complaint,complaint,1.0,True
could you help me seeing how soon can I expect the product ?,delivery_period,delivery_period,1.0,True
where can I cancel my subscription to the newsletter?,newsletter_subscription,newsletter_subscription,1.0,True
where to see hwen my delivery is going to arrive?,delivery_period,delivery_period,1.0,True
I need assistance to edit the personal details,edit_account,edit_account,1.0,True
i do not know what i have to do to close the {{Account Category}} accont,delete_account,delete_account,1.0,True
I need assistance to switch to a new account,switch_account,switch_account,1.0,True
I have to acquire some of your article,place_order,place_order,1.0,True
help me to check what hours i can call customerr service,contact_customer_service,contact_customer_service,1.0,True
mail me bill #37777,get_invoice,get_invoice,1.0,True
notifying of problems creating user account,registration_problems,registration_problems,1.0,True
close pro account,delete_account,delete_account,1.0,True
assistance to list the payment options,check_payment_methods,check_payment_methods,1.0,True
see in what cases can I request a reimbursement,check_refund_policy,check_refund_policy,1.0,True
i dont know how i can check what delivery methods i have,delivery_options,delivery_options,1.0,True
where do I sign up to your company newsletter?,newsletter_subscription,newsletter_subscription,1.0,True
hsipping to {{Delivery Country}},delivery_options,delivery_options,1.0,True
i wan assistance checking how soon can i expect the purchase,delivery_period,delivery_period,1.0,True
"I no longer use my {{Account Type}} account, I need help removing it",delete_account,delete_account,1.0,True
help me to use the {{Account Category}} profile,switch_account,switch_account,1.0,True
help me to check ur allowed payment options,check_payment_methods,check_payment_methods,1.0,True
I expect a restitution of {{Currency Symbol}}{{Refund Amount}},track_refund,track_refund,1.0,True
i dont know how to cancel purchase {{Order Number}},cancel_order,cancel_order,1.0,True
wanna get reimbursements,get_refund,get_refund,1.0,True
registration issue,registration_problems,registration_problems,1.0,True
how can i chat with a live agent,contact_human_agent,contact_human_agent,1.0,True
wanna order a few of ur article,place_order,place_order,1.0,True
cn I place an order from {{Delivery City}}?,delivery_options,delivery_options,1.0,True
I am trying to lodge a complaint against your organization,complaint,complaint,1.0,True
how do I earn several of your article?,place_order,place_order,1.0,True
close gold account,delete_account,delete_account,1.0,True
have a problem with the termination of a {{Account Type}} account,delete_account,delete_account,1.0,True
I have a problem with opening a premium account,create_account,create_account,1.0,True
i have a question about the forgotten pin code,recover_password,recover_password,1.0,True
I'm waiting for a restitution of {{Currency Symbol}}{{Refund Amount}},track_refund,track_refund,1.0,True
I do not know what I need to do to talk with an assistant,contact_human_agent,contact_human_agent,1.0,True
want help notifying of troubles with online payments,payment_issue,payment_issue,1.0,True
acquire an item,place_order,place_order,1.0,True
help correcting order {{Order Number}},change_order,change_order,1.0,True
update details on {{Account Category}} account,edit_account,edit_account,1.0,True
where can I cancel purchase {{Order Number}}?,cancel_order,cancel_order,1.0,True
I do not know what I have to do to cal customer assistance,contact_customer_service,contact_customer_service,1.0,True
can uhelp me use the {{Account Category}} profile,switch_account,switch_account,1.0,True
I need to file a customer complaint against your company,complaint,complaint,1.0,True
I do not know what to do to inform of errors with signup,registration_problems,registration_problems,1.0,True
have a problem with cancelling order {{Order Number}},cancel_order,cancel_order,1.0,True
need assistance speaking to a hujan agent,contact_human_agent,contact_human_agent,1.0,True
"I have to sign up to your corporate newsletter, I need help",newsletter_subscription,newsletter_subscription,1.0,True
want help using the {{Account Type}} account,switch_account,switch_account,1.0,True
i want help to see the early termination charge,check_cancellation_fee,check_cancellation_fee,1.0,True
how to se your available payment modalities?,check_payment_methods,check_payment_methods,1.0,True
need to change something of order {{Order Number}},change_order,change_order,1.0,True
I am waiting for a compensation of {{Refund Amount}} doolars,track_refund,track_refund,1.0,True
wanna cancel the companynewsletter subscription,newsletter_subscription,newsletter_subscription,1.0,True
can i place an order frim {{Delivery Country}},delivery_options,delivery_options,1.0,True
i dont know what i have to do to receive a reimbursement,get_refund,get_refund,1.0,True
i have glt to receive the newsletter help me,newsletter_subscription,newsletter_subscription,1.0,True
leaving review,review,review,1.0,True
changing details on {{Account Category}} account,edit_account,edit_account,1.0,True
I do not know how I can recover my user key,recover_password,recover_password,1.0,True
I need assistance to solve a trouble with online paymentsd,payment_issue,payment_issue,1.0,True
shipments to {{Delivery Country}},delivery_options,delivery_options,1.0,True
i need help seeing the canclelation charge,check_cancellation_fee,check_cancellation_fee,1.0,True
contact somebodh,contact_human_agent,contact_human_agent,1.0,True
"I would like to list the accepted payment options, help me",check_payment_methods,check_payment_methods,1.0,True
"I have to see when my item is going to arrive, help me",delivery_period,delivery_period,1.0,True
I need a user,create_account,switch_account,0.37501654452750427,False
i need help checking when my package is gonna arrive,delivery_period,delivery_period,1.0,True
I have issues modifying the delivery address,change_shipping_address,change_shipping_address,1.0,True
can you help me to speak to customer assistance?,contact_customer_service,contact_customer_service,1.0,True
hwere to see the ETA of the order {{Order Number}},track_order,track_order,1.0,True
I would like to submit a secondary delivery address,set_up_shipping_address,set_up_shipping_address,1.0,True
want assistance to send my feedback about a product,review,review,1.0,True
can i correct the data on my user account,edit_account,edit_account,1.0,True
want assistance purchasing an article,place_order,place_order,1.0,True
"I want to see the methods for delivery, how could I do it?",delivery_options,delivery_options,1.0,True
i dont know how to see the shipping options,delivery_options,delivery_options,1.0,True
I don't kmow how I can make a claim,complaint,complaint,1.0,True
modify data on {{Account Type}} account,edit_account,edit_account,1.0,True
can ya help me to see the ETA of purchase {{Order Number}},track_order,track_order,1.0,True
I don't know how to retrieve my goddamn user PIN code,recover_password,recover_password,1.0,True
where to earn several of your article?,place_order,place_order,1.0,True
help to swap an item of purchase {{Order Number}},change_order,change_order,1.0,True
want help seeing in which cases can I ask for a refund,check_refund_policy,check_refund_policy,1.0,True
help top speak with customer assistance,contact_customer_service,contact_customer_service,1.0,True
where can I see the early termination penalty?,check_cancellation_fee,check_cancellation_fee,1.0,True
need to cancel my subscription to the company newsletter,newsletter_subscription,newsletter_subscription,1.0,True
"the secondary shipping address is not valid, help me",set_up_shipping_address,set_up_shipping_address,1.0,True
I want assistance canceling order {{Order Number}},cancel_order,cancel_order,1.0,True
I have got to obtain a compensation of money,get_refund,get_refund,1.0,True
want help to know if there is anything wrong with the refund,track_refund,track_refund,1.0,True
help me see in what cases can I ask for a refund,check_refund_policy,check_refund_policy,1.0,True
I don't know how to chat with an operator,contact_human_agent,contact_human_agent,1.0,True
I need assistance notifying of a problem with online payment,payment_issue,payment_issue,1.0,True
how can i leave a comment,review,review,1.0,True
"I have to see the ETA of the order {{Order Number}}, how to do it?",track_order,track_order,1.0,True
"I need to submit the goddamn shipping address, how to do it?",set_up_shipping_address,set_up_shipping_address,1.0,True
i have got to switch to the {{Account Category}} account help me,switch_account,switch_account,1.0,True
"I expect a rebate of {{Currency Symbol}}{{Refund Amount}}, was it processed",track_refund,track_refund,1.0,True
"I have ordered some item, cancel purchase {{Order Number}}",cancel_order,cancel_order,1.0,True
see in whnich situations can I request my money back,check_refund_policy,check_refund_policy,1.0,True
I want to check what methods for delivery you offer,delivery_options,delivery_options,1.0,True
show me what hours I can call customer support,contact_customer_service,contact_customer_service,1.0,True
need help changing to the standard account,switch_account,switch_account,1.0,True
assistance taking a quick look at the bill #00108,check_invoice,check_invoice,1.0,True
"I would like to send my goddamn feedback, help me",review,review,1.0,True
"I have to purchase an article, how can I do it?",place_order,place_order,1.0,True
assistance to see the delivery methods,delivery_options,delivery_options,1.0,True
can ushowme in which situations can i ask for reimbursements,check_refund_policy,check_refund_policy,1.0,True
i want help canceling purchase {{Order Number}},cancel_order,cancel_order,1.0,True
i dont know how i can leave feedback,review,review,1.0,True
I have problems with deleting an item from order {{Order Number}},change_order,change_order,1.0,True
sign up to your company newsletter,newsletter_subscription,newsletter_subscription,1.0,True
"I do not need my {{Account Category}} account, I want help to delete it",delete_account,delete_account,1.0,True
"I cannot pay for the last purchase I have made, cancel it",cancel_order,cancel_order,1.0,True
there is an issue with my online registration,registration_problems,registration_problems,1.0,True
assistance to report errors with sign-up,registration_problems,registration_problems,1.0,True
is it possible to place a goddamn order from {{Delivery Country}},delivery_options,delivery_options,1.0,True
how can I check my fucking bill from {{Person Name}}?,check_invoice,check_invoice,1.0,True
assistance with canceling order {{Order Number}},cancel_order,cancel_order,1.0,True
I do not know what to do to get the invoice #12588,get_invoice,get_invoice,1.0,True
want help to submit some feedback about your services,review,review,1.0,True
i cant pay i need help reporting problems with payments,payment_issue,payment_issue,1.0,True
can you help me leaving my feedback for a product?,review,review,1.0,True
I need assistance canceling ordr {{Order Number}},cancel_order,cancel_order,1.0,True
I need assistance to enter a secondary shipping address,set_up_shipping_address,set_up_shipping_address,1.0,True
how do i check what hours i can call customer support,contact_customer_service,contact_customer_service,1.0,True
is it possible to ask for an rebate of my money,get_refund,get_refund,1.0,True
I have got to notify of issues wit payments,payment_issue,payment_issue,1.0,True
"I want to see how long refunds take, how to do it?",check_refund_policy,check_refund_policy,1.0,True
I want to modify my delivery address,change_shipping_address,change_shipping_address,1.0,True
would it be possible to report problems with a sign-up?,registration_problems,registration_problems,1.0,True
how to check the  status of order {{Order Number}}?,track_order,track_order,1.0,True
how to get the invoices from {{Person Name}},get_invoice,get_invoice,1.0,True
ya are not helpful could i speak with a fucking human agent,contact_human_agent,contact_human_agent,1.0,True
cancel purchase113542617735902,cancel_order,cancel_order,1.0,True
I need assistance to check what shipment options are there,delivery_options,delivery_options,1.0,True
"I have got to check your payment methods, I need assistance",check_payment_methods,check_payment_methods,1.0,True
find inormation about creating standard accounts,create_account,create_account,1.0,True
I need help to see what payment methods are accepted,check_payment_methods,check_payment_methods,1.0,True
refund  {{Currency Symbol}}{{Refund Amount}},get_refund,get_refund,1.0,True
i dont know what i have to do to lodge a consumer complaint,complaint,complaint,1.0,True
password recovery,recover_password,recover_password,1.0,True
can you help me restore my fucking profile password?,recover_password,recover_password,1.0,True
want assistance notifying of issues with a registration,registration_problems,registration_problems,1.0,True
i do not know what to do to get my bills from {{Person Name}},get_invoice,get_invoice,1.0,True
"I have to correct purchase {{Order Number}}, can you help me?",change_order,change_order,1.0,True
i want help seeing the bill from {{Person Name}},check_invoice,check_invoice,1.0,True
i have to unsubscribe to ur corporate newsletter,newsletter_subscription,newsletter_subscription,1.0,True
I don't know what I need to do to report registration errors,registration_problems,registration_problems,1.0,True
I want help to give a quick look at the invoice #85632,check_invoice,check_invoice,1.0,True
I have to check how long it takes for the purchase to arrive,delivery_period,delivery_period,1.0,True
how can I lodge a customer reclamation against your company?,complaint,complaint,1.0,True
i want assistance cancelling order {{Order Number}},cancel_order,cancel_order,1.0,True
assistance seeing when my purchase is going to arrive,delivery_period,delivery_period,1.0,True
is it possible to ordet from {{Delivery Country}},delivery_options,delivery_options,1.0,True
I do not know how to get refunds of my money,get_refund,get_refund,1.0,True
help to contact damn customer support,contact_customer_service,contact_customer_service,1.0,True
I want help to check what shipping methods you offer,delivery_options,delivery_options,1.0,True
I need help to notify of troubles with payment,payment_issue,payment_issue,1.0,True
I do not know what I have to do to talk to customer suppory,contact_customer_service,contact_customer_service,1.0,True
help setting up my new delivery address,set_up_shipping_address,set_up_shipping_address,1.0,True
want assistance notifying of problems with a registration,registration_problems,registration_problems,1.0,True
modifying info on {{Account Type}} account,edit_account,edit_account,1.0,True
I am trying to change to the {{Account Category}} account,switch_account,switch_account,1.0,True
"I paid {{Currency Symbol}}{{Refund Amount}} for this item, want help to get a rebate",get_refund,get_refund,1.0,True
I need ehlp seeing the termination fees,check_cancellation_fee,check_cancellation_fee,1.0,True
need help to list your available payment modalities,check_payment_methods,check_payment_methods,1.0,True
help me find my invoices from {{Person Name}},check_invoice,check_invoice,1.0,True
need assistance to write a comment for ur services,review,review,1.0,True
I try to track purchase {{Order Number}},track_order,track_order,1.0,True
where to check the invoice from three last purchases?,check_invoice,check_invoice,1.0,True
i do not know whgat to do to set my shipping address up,set_up_shipping_address,set_up_shipping_address,1.0,True
i want help to see  ur allowed payment options,check_payment_methods,check_payment_methods,1.0,True
I want to see in which cases can I ask for my money back,check_refund_policy,check_refund_policy,1.0,True
I'm waiting for a ocmpensation of {{Refund Amount}} dollars,track_refund,track_refund,1.0,True
need assistance to receive compensations of my money,get_refund,get_refund,1.0,True
how do I use the {{Account Type}} profile?,switch_account,switch_account,1.0,True
changing info on gold account,edit_account,edit_account,1.0,True
how to see if there is anything wrong with my compensation,track_refund,track_refund,1.0,True
"you aren't helpful at all, help me speaking to a person",contact_human_agent,contact_human_agent,1.0,True
I have a problem with cancelling purchase {{Order Number}},cancel_order,cancel_order,1.0,True
I want to know more about creating a standard account,create_account,create_account,1.0,True
I have an issue trying to modify my address,change_shipping_address,change_shipping_address,1.0,True
send me bill #00108,get_invoice,get_invoice,1.0,True
i cannot make a  payment where do i report an error,payment_issue,payment_issue,1.0,True
i want assistance to list the accepted payment methods,check_payment_methods,check_payment_methods,1.0,True
I have got to add an article to order {{Order Number}},change_order,change_order,1.0,True
assistance using the platinum account,switch_account,switch_account,1.0,True
"you are not helpful, help talking to an operator",contact_human_agent,contact_human_agent,1.0,True
I want help notifying of troubles with online paymnet,payment_issue,payment_issue,1.0,True
I do not know how to leave a review about a product,review,review,1.0,True
want help to change to the {{Account Type}} account,switch_account,switch_account,1.0,True
i want assistance contacting somebody,contact_human_agent,contact_human_agent,1.0,True
what do I have to do to change to the gold account?,switch_account,switch_account,1.0,True
need to order a few of ur item,place_order,place_order,1.0,True
help recovering my profile access key,recover_password,recover_password,1.0,True
cancel {{Account Category}} account,delete_account,delete_account,1.0,True
help me shop some of your item,place_order,place_order,1.0,True
i need information about correcting purchase {{Order Number}},change_order,change_order,1.0,True
"I cannot remember my account PIN, I would like to recover it",recover_password,recover_password,1.0,True
i want help acquiring an article,place_order,place_order,1.0,True
I do not know what I need to do to buy a few of your item,place_order,place_order,1.0,True
I don't know what I need to do to check my invoice #00108,check_invoice,check_invoice,1.0,True
I need to see what delivery methods you offer,delivery_options,delivery_options,1.0,True
I can't see the status of order {{Order Number}},track_order,track_order,1.0,True
do ya ship toFinland,delivery_options,delivery_options,1.0,True
assistance using the {{Account Type}} profile,switch_account,switch_account,1.0,True
i want assikstance notifying of problems with a registration,registration_problems,registration_problems,1.0,True
can you help me to create a freemium account?,create_account,create_account,1.0,True
i need assistance to inform of errors with signup,registration_problems,registration_problems,1.0,True
where can I see when my item is going to arrive?,delivery_period,delivery_period,1.0,True
assistance to acquire several products,place_order,place_order,1.0,True
I do not know what to do to delete a pro account,delete_account,delete_account,1.0,True
help cancelling my subscription to your corporate newsletter,newsletter_subscription,newsletter_subscription,1.0,True
I do not know what to do to speak with customer service,contact_customer_service,contact_customer_service,1.0,True
assistance to solve troubles with payments,payment_issue,payment_issue,1.0,True
i want help to cancel purchase {{Order Number}},cancel_order,cancel_order,1.0,True
i want assistance trying to change ym shipping address,change_shipping_address,change_shipping_address,1.0,True
I need help buying several of your article,place_order,place_order,1.0,True
help me reset my user profile password,recover_password,recover_password,1.0,True
I want help checking when my shipment is going to arrive,delivery_period,delivery_period,1.0,True
I'm trying to switch to the premium account,switch_account,switch_account,1.0,True
what shipping methods do I have?,delivery_options,delivery_options,1.0,True
need help leaving an opinion for a product,review,review,1.0,True
I need assistance to cancel purchase {{Order Number}},cancel_order,cancel_order,1.0,True
tell me more about unsubscribing from your newsletter,newsletter_subscription,newsletter_subscription,1.0,True
want help talking to customer service,contact_customer_service,contact_customer_service,1.0,True
i try to see how soon can i expect my shipment,delivery_period,delivery_period,1.0,True
y i cannot submit the new shipping address  valid,set_up_shipping_address,set_up_shipping_address,1.0,True
I want assistance changing to the standard account,switch_account,switch_account,1.0,True
mail me my invoices from {{Person Name}},get_invoice,get_invoice,1.0,True
i need assistance checking the ETA of the purchase {{Order Number}},track_order,track_order,1.0,True
I am calling to check when my order is going to arrive,delivery_period,delivery_period,1.0,True
what are the payment payment modalities allowed?,check_payment_methods,check_payment_methods,1.0,True
I'm trying to check the status of purchase {{Order Number}},track_order,track_order,1.0,True
problem with switching a bloody product of order {{Order Number}},change_order,change_order,1.0,True
"my experience with your brand was bad, make a consumer claim",complaint,complaint,1.0,True
i need assistance to check the eta of the order {{Order Number}},track_order,track_order,1.0,True
i dont know what to do ti download my invoice #12588,get_invoice,get_invoice,1.0,True
want  help adding an item to purchase {{Order Number}},change_order,change_order,1.0,True
how to talk with an operator?,contact_human_agent,contact_human_agent,1.0,True
I would like to see in which cases can I request a refund,check_refund_policy,check_refund_policy,1.0,True
I want assistance to speak with a human agent,contact_human_agent,contact_human_agent,1.0,True
problems with my standard account removal,delete_account,delete_account,1.0,True
can you help me to inform of a trouble with payment?,payment_issue,payment_issue,1.0,True
see your payment modalities,check_payment_methods,check_payment_methods,1.0,True
i want help checking when my item is gonna arrive,delivery_period,delivery_period,1.0,True
"I don't understand you, can you help me talk with an agent?",contact_human_agent,contact_human_agent,1.0,True
I want assistance updating my delivery address,change_shipping_address,change_shipping_address,1.0,True
I'm trying to acquire some of ur item,place_order,place_order,1.0,True
how do i submit some goddamn feedback for a product,review,review,1.0,True
where could I submit a different delivery address?,set_up_shipping_address,set_up_shipping_address,1.0,True
reimbursing {{Refund Amount}} dollars,get_refund,get_refund,1.0,True
"I have got to talk with customer assistance, how to do it?",contact_customer_service,contact_customer_service,1.0,True
I don't know what I need to do to demand a rebate,get_refund,get_refund,1.0,True
i expect a damn restitution of {{Currency Symbol}}{{Refund Amount}},track_refund,track_refund,1.0,True
do you have an address to leave feedback for your services?,review,review,1.0,True
where to see the status of my rebate,track_refund,track_refund,1.0,True
I don't know how I can download my bill #12588,get_invoice,get_invoice,1.0,True
could i place an orde from {{Delivery Country}},delivery_options,delivery_options,1.0,True
how can i get information about the options for delivery,delivery_options,delivery_options,1.0,True
get bill fromAnna Freeman,get_invoice,get_invoice,1.0,True
want help restoring the pin code of my user account,recover_password,recover_password,1.0,True
create another {{Account Category}} account for mum,create_account,create_account,1.0,True
what options for shipment are available?,delivery_options,delivery_options,1.0,True
i cannot see if there is anything new on my refund,track_refund,track_refund,1.0,True
can yoj help me to make a complaint against your company?,complaint,complaint,1.0,True
I'm trying to set another delivery address up,set_up_shipping_address,set_up_shipping_address,1.0,True
get invoice from November,get_invoice,get_invoice,1.0,True
want assistance trying to update my shipping address,change_shipping_address,change_shipping_address,1.0,True
how to see order {{Order Number}} current status?,track_order,track_order,1.0,True
assistance seeing at what time customer support available is,contact_customer_service,contact_customer_service,1.0,True
I call to make a consumer claim against your company,complaint,complaint,1.0,True
help me to see at what time I can reach customer assistance,contact_customer_service,contact_customer_service,1.0,True
remove premium account,delete_account,delete_account,1.0,True
can you help me to delete something from order {{Order Number}}?,change_order,change_order,1.0,True
there are errors trying to update my shipping address,change_shipping_address,change_shipping_address,1.0,True
i dont know what to do to correct the delivery address,change_shipping_address,change_shipping_address,1.0,True
open freemium account for wife,create_account,create_account,1.0,True
i need assistance to notify of a registration problem,registration_problems,registration_problems,1.0,True
under which circumstances can I request refunds?,check_refund_policy,check_refund_policy,1.0,True
where to receive rebates of money,get_refund,get_refund,1.0,True
how to receive restitutions of money?,get_refund,get_refund,1.0,True
chatting with human agent,contact_human_agent,contact_human_agent,1.0,True
can I talk with customer service?,contact_customer_service,contact_customer_service,1.0,True
I have a trouble correcting the address,change_shipping_address,change_shipping_address,1.0,True
mail me the invoice from {{Person Name}},get_invoice,get_invoice,1.0,True
editing data on {{Account Category}} acocunt,edit_account,edit_account,1.0,True
"I have got to submit the new shipping address, I need help",set_up_shipping_address,set_up_shipping_address,1.0,True
check the available options for shipping,delivery_options,delivery_options,1.0,True
can I delete an item from purchase {{Order Number}} ?,change_order,change_order,1.0,True
want assistance to solve a payment problem,payment_issue,payment_issue,1.0,True
want help to enter my secondary shipping address,set_up_shipping_address,set_up_shipping_address,1.0,True
can you help me ask for refunds?,get_refund,get_refund,1.0,True
another {{Account Type}} account for father,create_account,create_account,1.0,True
is it possible to send some feedback abouta product?,review,review,1.0,True
error opening user profile,registration_problems,registration_problems,1.0,True
help me checking purchase {{Order Number}} current status,track_order,track_order,1.0,True
help to see how soon can I expect the article,delivery_period,delivery_period,1.0,True
i try to recover my account pass,recover_password,recover_password,1.0,True
i do not kno what to do to locate purchase {{Order Number}},track_order,track_order,1.0,True
change data on {{Account Type}} account,edit_account,edit_account,1.0,True
check in which cases can I ask to be refunded,check_refund_policy,check_refund_policy,1.0,True
I have to report payment issues,payment_issue,payment_issue,1.0,True
what is order {{Order Number}} current status?,track_order,track_order,1.0,True
help me switch an item of order {{Order Number}},change_order,change_order,1.0,True
i do not know how to obtain a compensation,get_refund,get_refund,1.0,True
i have ot change to the standard account how do i do it,switch_account,switch_account,1.0,True
I don't know what to do to talk with someone,contact_human_agent,contact_human_agent,1.0,True
i have to download the invoices from {{Person Name}},get_invoice,get_invoice,1.0,True
reimbursing {{Refund Amount}} ddollars,get_refund,get_refund,1.0,True
I have to submit my shipping address,set_up_shipping_address,set_up_shipping_address,1.0,True
get inviice from {{Person Name}},get_invoice,get_invoice,1.0,True
i exepct a restitution of {{Currency Symbol}}{{Refund Amount}},track_refund,track_refund,1.0,True
"I have to see the bloody status of the refund, how to do it?",track_refund,track_refund,1.0,True
I need assistance listing the allowed payment modalities,check_payment_methods,check_payment_methods,1.0,True
I need help with cancellng order {{Order Number}},cancel_order,cancel_order,1.0,True
i do not know how to report an issue wiht a sign-up,registration_problems,registration_problems,1.0,True
I don't know what to do to look for bill #37777,check_invoice,check_invoice,1.0,True
i dont khow how to cancel order {{Order Number}},cancel_order,cancel_order,1.0,True
"I can't remember the PIN of my account, how do I reset it?",recover_password,recover_password,1.0,True
how long until I obtain a restitution of money?,get_refund,get_refund,1.0,True
"I have to set a shipping address up, how can I do it?",set_up_shipping_address,set_up_shipping_address,1.0,True
I have to make a complaint against your company,complaint,complaint,1.0,True
change to freemium acount,switch_account,switch_account,1.0,True
how can I get my invoices from {{Person Name}}?,get_invoice,get_invoice,1.0,True
could you help me check my invoices from {{Person Name}}?,check_invoice,check_invoice,1.0,True
what do i have to do to createa premium account,create_account,create_account,1.0,True
I need help speaking to a person,contact_human_agent,contact_human_agent,1.0,True
could ya help me to unsubscribe from ur company newsletter,newsletter_subscription,newsletter_subscription,1.0,True
make complaint against your organization,complaint,complaint,1.0,True
i do not know what to do to cdheck my bill #85632,check_invoice,check_invoice,1.0,True
what do i have to do to give a quick look at the bill #37777,check_invoice,check_invoice,1.0,True
I have got to cancel the subscription to the newsletter,newsletter_subscription,newsletter_subscription,1.0,True
is it possible to place an order from {{Delivery City}}?,delivery_options,delivery_options,1.0,True
i dont know what to do to delete my platinum account,delete_account,delete_account,1.0,True
I am waiting for a refnd of {{Refund Amount}} dollars,track_refund,track_refund,1.0,True
need to check how long refunds take how can i do it,check_refund_policy,check_refund_policy,1.0,True
assistance lodging a customer complaint against your company,complaint,complaint,1.0,True
how to check how long it takes for my delivery to arrive,delivery_period,delivery_period,1.0,True
I  have got to lodge a consumer complaint,complaint,complaint,1.0,True
I need help with cancelling purchase {{Order Number}},cancel_order,cancel_order,1.0,True
what do I have to do to check your rfund policy?,check_refund_policy,check_refund_policy,1.0,True
i cant register how to inform of a damn sign-up issue,registration_problems,registration_problems,1.0,True
send me mybill from {{Person Name}},get_invoice,get_invoice,1.0,True
problem with cancelling order {{Order Number}},cancel_order,cancel_order,1.0,True
want  assistance chatting with somebody,contact_human_agent,contact_human_agent,1.0,True
how do I see when will my product arrive?,delivery_period,delivery_period,1.0,True
correcting info on {{Account Type}} aqccount,edit_account,edit_account,1.0,True
"I haven't signed up yet, I have got to open a pro account",create_account,create_account,1.0,True
need assistance solving an issue with online paymenst,payment_issue,payment_issue,1.0,True
where to purchase an article?,place_order,place_order,1.0,True
I don't know how to get a reimbursement of my money,get_refund,get_refund,1.0,True
need help checking what shipment methods I can choose,delivery_options,delivery_options,1.0,True
I cannot recover my user PIN,recover_password,recover_password,1.0,True
I have a problem trying to correct the shipping address,change_shipping_address,change_shipping_address,1.0,True
help to notify of an error with signup,registration_problems,registration_problems,1.0,True
i have got to reset the pwd of my user,recover_password,recover_password,1.0,True
want assistance to change to the freemium account,switch_account,switch_account,1.0,True
I need assistance cancelling my {{Account Type}} account,delete_account,delete_account,1.0,True
I don't know how to buy some articles,place_order,place_order,1.0,True
I do not know how to speak with an agent,contact_human_agent,contact_human_agent,1.0,True
i cannot pseak to an operator,contact_human_agent,contact_human_agent,1.0,True
need to create an {{Account Category}} account,create_account,create_account,1.0,True
how can I find information about a shipping address update?,change_shipping_address,change_shipping_address,1.0,True
how to get my bill #85632,get_invoice,get_invoice,1.0,True
how can i see order {{Order Number}} status,track_order,track_order,1.0,True
I do not know what I need to do to egt the bill #85632,get_invoice,get_invoice,1.0,True
i dont know how i can download my invoice #00108,get_invoice,get_invoice,1.0,True
what do i need to do to check the payment methods,check_payment_methods,check_payment_methods,1.0,True
I have to check when my package is going to arrive,delivery_period,delivery_period,1.0,True
I don't know what I have to do to check the withdrawal fees,check_cancellation_fee,check_cancellation_fee,1.0,True
I do not know how I can take a quick look at my bill #12588,check_invoice,check_invoice,1.0,True
idont use my {{Account Category}} account want assistance to remove it,delete_account,delete_account,1.0,True
want assistance submitting my feedback for a service,review,review,1.0,True
I don't know how I can ask for a rebate,get_refund,get_refund,1.0,True
can ya help me to request a refund of my money,get_refund,get_refund,1.0,True
updating {{Account Type}} account,edit_account,edit_account,1.0,True
wanna see the bill from {{Person Name}},check_invoice,check_invoice,1.0,True
need assistance using the {{Account Type}} profile,switch_account,switch_account,1.0,True
assistance correcting the damn data on my user account,edit_account,edit_account,1.0,True
help filing a reclamation against your business,complaint,complaint,1.0,True
need assistance to take a quick look at the bill #12588,check_invoice,check_invoice,1.0,True
"I want to check when will my product arrive, how do I do it?",delivery_period,delivery_period,1.0,True
i want assistance seeing the compensation current status,track_refund,track_refund,1.0,True
how do I locate order {{Order Number}}?,track_order,track_order,1.0,True
is it possible to order from {{Delivery City}},delivery_options,delivery_options,1.0,True
want assistance to receive an refund of my money,get_refund,get_refund,1.0,True
where can I see your available payment modalities?,check_payment_methods,check_payment_methods,1.0,True
swap several articles of order {{Order Number}},change_order,change_order,1.0,True
"I have to see the status of the rebate, will you help me?",track_refund,track_refund,1.0,True
i do not know what to do toi inform of payment problems,payment_issue,payment_issue,1.0,True
want assistance leaving some feedback about a service,review,review,1.0,True
I'm trying to swap an item of purchase {{Order Number}},change_order,change_order,1.0,True
help seeing the delivery options,delivery_options,delivery_options,1.0,True
how can i purchase some of ur product,place_order,place_order,1.0,True
where do I see what hours I can reach customer assistance?,contact_customer_service,contact_customer_service,1.0,True
need to leave a review about ur products how can i do it,review,review,1.0,True
do you shp to {{Delivery City}}?,delivery_options,delivery_options,1.0,True
i cannot sign up need helpto report sign-up problems,registration_problems,registration_problems,1.0,True
where can I resety my user profile pwd?,recover_password,recover_password,1.0,True
assisance seeing in what cases can i request a refund,check_refund_policy,check_refund_policy,1.0,True
i have got to file a customer claim,complaint,complaint,1.0,True
get invoice #00108,get_invoice,get_invoice,1.0,True
i cant make a payment where can i notify of an error,payment_issue,payment_issue,1.0,True
help me see how long it takes for my article to arrive,delivery_period,delivery_period,1.0,True
I would like information about my gold account cancellation,delete_account,delete_account,1.0,True
i have to see ur reimbursement policy i need assistance,check_refund_policy,check_refund_policy,1.0,True
I need help to enter the delivery adress,set_up_shipping_address,set_up_shipping_address,1.0,True
"I would like to see your damn refund policy, I need help",check_refund_policy,check_refund_policy,1.0,True
how to see the options for shipping?,delivery_options,delivery_options,1.0,True
i dont know what to do tgo download the bill #12588,get_invoice,get_invoice,1.0,True
can ya help me receive ur company newsletter,newsletter_subscription,newsletter_subscription,1.0,True
i have to update some of the goddamn details on my user,edit_account,edit_account,1.0,True
i have to correct order {{Order Number}},change_order,change_order,1.0,True
I expect a reufnd of {{Currency Symbol}}{{Refund Amount}},track_refund,track_refund,1.0,True
where to lodge a customer complaint,complaint,complaint,1.0,True
help me notifying of a sign-up problem,registration_problems,registration_problems,1.0,True
closing gold account,delete_account,delete_account,1.0,True
getting billsfrom {{Person Name}},get_invoice,get_invoice,1.0,True
I want assistance earning some of your product,place_order,place_order,1.0,True
I need assistance modifying my bloody user account,edit_account,edit_account,1.0,True
have a question about my pin code recovery,recover_password,recover_password,1.0,True
i dont know what i have to do to download the invoice #37777,get_invoice,get_invoice,1.0,True
updating platinum accojnt,edit_account,edit_account,1.0,True
I don't know what to do to delete the freemium account,delete_account,delete_account,1.0,True
I have troubles trying to updste my delivery address,change_shipping_address,change_shipping_address,1.0,True
I do not know how I can check bill #12588,check_invoice,check_invoice,1.0,True
i cannot unsubacribe to ur company newsletter,newsletter_subscription,newsletter_subscription,1.0,True
"I have to check the termination fees, help me",check_cancellation_fee,check_cancellation_fee,1.0,True
i try to create a damn {{Account Category}} account,create_account,create_account,1.0,True
"my card did not work, help to inform of payment issues",payment_issue,payment_issue,1.0,True
i do not know how i can chat with an operator,contact_human_agent,contact_human_agent,1.0,True
where do i inform of payment problems,payment_issue,payment_issue,1.0,True
I do not know how to open a {{Account Type}} account for my daughter,create_account,create_account,1.0,True
I do not know how  I can reset my access key,recover_password,recover_password,1.0,True
I don't know how to restore my user account pwd,recover_password,recover_password,1.0,True
could i check ur  accepted payment modalities,check_payment_methods,check_payment_methods,1.0,True
help me speaking to an assistant,contact_human_agent,contact_human_agent,1.0,True
how do I use the premium profile?,switch_account,switch_account,1.0,True
refunding{{Currency Symbol}}{{Refund Amount}},get_refund,get_refund,1.0,True
I need help to demand a compensation of money,get_refund,get_refund,1.0,True
I want to obtain a reimbursement of money,get_refund,get_refund,1.0,True
I need help to see what payment methods are allowed,check_payment_methods,check_payment_methods,1.0,True
could i file an customer claim,complaint,complaint,1.0,True
how to lodge a consumer complaint against your business?,complaint,complaint,1.0,True
I habe got to file a complaint,complaint,complaint,1.0,True
I need to inform of damn issues with online payment,payment_issue,payment_issue,1.0,True
I don't know what I need to do to speak with a human agent,contact_human_agent,contact_human_agent,1.0,True
where to check when will my product arrive?,delivery_period,delivery_period,1.0,True
how can I set my new shipping address up?,set_up_shipping_address,set_up_shipping_address,1.0,True
I need help to close a {{Account Category}} account,delete_account,delete_account,1.0,True
is it possible to shop some of your item?,place_order,place_order,1.0,True
I am waiting for a compensation of {{Refund Amount}} dollars,track_refund,track_refund,1.0,True
information about cancel the company newsletter subscription,newsletter_subscription,newsletter_subscription,1.0,True
I'm trying to recover my account key,recover_password,recover_password,1.0,True
how do I see the goddamn ETA of order {{Order Number}}?,track_order,track_order,1.0,True
I don't know what I need to do to make a consumer claim,complaint,complaint,1.0,True
can uhelp me filing a reclamation,complaint,complaint,1.0,True
assistance deleting the secondary account,delete_account,delete_account,1.0,True
I want help seeing your payment methods,check_payment_methods,check_payment_methods,1.0,True
i need help seeing ur payment methods,check_payment_methods,check_payment_methods,1.0,True
can you help me seeing the ETA of the order {{Order Number}}?,track_order,track_order,1.0,True
want assistance speaking with a live agent,contact_human_agent,contact_human_agent,1.0,True
want assistance to see how soon can i expect the shipment,delivery_period,delivery_period,1.0,True
i want help to add an item to purchase {{Order Number}},change_order,change_order,1.0,True
support setting up my delivery address,set_up_shipping_address,set_up_shipping_address,1.0,True
I want help to ask for compensations,get_refund,get_refund,1.0,True
i have got to buy some items how can i do it,place_order,place_order,1.0,True
need assistance to see my invoices from {{Person Name}},check_invoice,check_invoice,1.0,True
deliveries to {{Delivery Country}},delivery_options,delivery_options,1.0,True
can I see the early termination fee?,check_cancellation_fee,check_cancellation_fee,1.0,True
"I cannot pay, help reporting goddamn problems with payments",payment_issue,payment_issue,1.0,True
I am waiting for a compensation of {{Currency Symbol}}{{Refund Amount}},track_refund,track_refund,1.0,True
getting invoices from eight months ago,get_invoice,get_invoice,1.0,True
help to give a quick look at my invoice #37777,check_invoice,check_invoice,1.0,True
could i recover  my damn profile key,recover_password,recover_password,1.0,True
wanna see in which cases can i ask for a reimbursement,check_refund_policy,check_refund_policy,1.0,True
i do not know how to speak with an opeator,contact_human_agent,contact_human_agent,1.0,True
can I get my invoice from {{Person Name}}?,get_invoice,get_invoice,1.0,True
I am trying to lodge a customer complaint,complaint,complaint,1.0,True
modify info on pro account,edit_account,edit_account,1.0,True
I want help seeing the available payment options,check_payment_methods,check_payment_methods,1.0,True
I want to report signup errors,registration_problems,registration_problems,1.0,True
can uhelp me checking the payment optgions,check_payment_methods,check_payment_methods,1.0,True
I want to send my feedback about a product,review,review,1.0,True
contact a fucking live agent,contact_human_agent,contact_human_agent,1.0,True
i have to check the early exit fee will uhelp me,check_cancellation_fee,check_cancellation_fee,1.0,True
i have to check how long reimbursements take i need help,check_refund_policy,check_refund_policy,1.0,True
I would like to check if there are any news on the refund,track_refund,track_refund,1.0,True
correct order {{Order Number}},change_order,change_order,1.0,True
could you help me to notify of an issue with payments?,payment_issue,payment_issue,1.0,True
need help to receive ur company newsletter,newsletter_subscription,newsletter_subscription,1.0,True
can i take a quick look at my invoicr #00108,check_invoice,check_invoice,1.0,True
i dont know how to talk to someone,contact_human_agent,contact_human_agent,1.0,True
I don't knowhow to cancel purchase {{Order Number}},cancel_order,cancel_order,1.0,True
tell me about signingup to ur corporate newsletter,newsletter_subscription,newsletter_subscription,1.0,True
help me submit some feedback for a service,review,review,1.0,True
want assistace seeing my bill #12588,check_invoice,check_invoice,1.0,True
I don't know how I can change to the {{Account Category}} account,switch_account,switch_account,1.0,True
help to ssee in what situations can i ask for reimbursements,check_refund_policy,check_refund_policy,1.0,True
assistance ordering some bloodyproducts,place_order,place_order,1.0,True
can I update order00004587345?,change_order,change_order,1.0,True
how to purchase an item?,place_order,place_order,1.0,True
notify of payment issue,payment_issue,payment_issue,1.0,True
how do I cancel purchae {{Order Number}}?,cancel_order,cancel_order,1.0,True
could i file a revlamation against ur organization,complaint,complaint,1.0,True
I don't know how I could report errors with a registration,registration_problems,registration_problems,1.0,True
trouble entering a new shipping address,set_up_shipping_address,set_up_shipping_address,1.0,True
I want assistance seeing when will my parcel arrive,delivery_period,delivery_period,1.0,True
need help to file a damn claim against your organization,complaint,complaint,1.0,True
what is your damn customer assistance number?,contact_customer_service,contact_customer_service,1.0,True
lodge customer complaint against your organization,complaint,complaint,1.0,True
i do not know how to inform of a trouble withpayments,payment_issue,payment_issue,1.0,True
how to use the gold profile?,switch_account,switch_account,1.0,True
I submitted a wrong shipping address,change_shipping_address,change_shipping_address,1.0,True
"I have to check my bill from {{Person Name}}, how can I do it?",check_invoice,check_invoice,1.0,True
help to change to the standard account,switch_account,switch_account,1.0,True
ya arent helpful at all how can i chat with somebody,contact_human_agent,contact_human_agent,1.0,True
"my credit card was declined, I have to report payment errors",payment_issue,payment_issue,1.0,True
help me to see how long it takes for my delivery to arrive,delivery_period,delivery_period,1.0,True
i want assistance opening a {{Account Type}} account for my dad,create_account,create_account,1.0,True
check in which situations can i ask for a reimbursement,check_refund_policy,check_refund_policy,1.0,True
I have errors with my registration,registration_problems,registration_problems,1.0,True
add item to order {{Order Number}},change_order,change_order,1.0,True
si it possible to add some products to order {{Order Number}},change_order,change_order,1.0,True
neerd help buying some bloody products,place_order,place_order,1.0,True
help me see in what cases can I reuest my money back,check_refund_policy,check_refund_policy,1.0,True
how do I edit my address?,change_shipping_address,change_shipping_address,1.0,True
i want assistance to see how soon can i expect the item,delivery_period,delivery_period,1.0,True
I want help talking with an assistant,contact_human_agent,contact_human_agent,1.0,True
I want help checking the methods for shipping,delivery_options,delivery_options,1.0,True
is it possible to file a customer complaint?,complaint,complaint,1.0,True
can you help me seeing your accepted payment options?,check_payment_methods,check_payment_methods,1.0,True
I don't know what to do to create a {{Account Type}} account,create_account,create_account,1.0,True
can you help me getting a reimbursement?,get_refund,get_refund,1.0,True
how to retrieve the PIN code of myuser?,recover_password,recover_password,1.0,True
"I have to order some of your article, how can I do it?",place_order,place_order,1.0,True
want assistance to talk with a live agent,contact_human_agent,contact_human_agent,1.0,True
my secondary delivery address isnt valid help me,set_up_shipping_address,set_up_shipping_address,1.0,True
could I make a customer claim against your organization?,complaint,complaint,1.0,True
editing details on {{Account Category}} account,edit_account,edit_account,1.0,True
want help signing up to ur newsletter,newsletter_subscription,newsletter_subscription,1.0,True
"I want to use the {{Account Type}} profile, how to do it?",switch_account,switch_account,1.0,True
where to inform of a fucking sign-up problem?,registration_problems,registration_problems,1.0,True
editing information on gold account,edit_account,edit_account,1.0,True
i cannot find bill #85632 can usendit to me,get_invoice,get_invoice,1.0,True
"I ain't happy with your work, I need to make a reclamation",complaint,complaint,1.0,True
I want to see how long it takes for my product to arrive,delivery_period,delivery_period,1.0,True
troubles setting the new delivery address up,set_up_shipping_address,set_up_shipping_address,1.0,True
how can i get information about pro account cancellations,delete_account,delete_account,1.0,True
can you tell me about my newsletter subscription?,newsletter_subscription,newsletter_subscription,1.0,True
i do not use my {{Account Category}} account i try to close it,delete_account,delete_account,1.0,True
I don't know how to notify of a problem with sign-up,registration_problems,registration_problems,1.0,True
assistance canceling the corporate newsletter subscription,newsletter_subscription,newsletter_subscription,1.0,True
i want help to check my bill fom {{Person Name}},check_invoice,check_invoice,1.0,True
want assistance to leave a comment about ur services,review,review,1.0,True
how long until I receive areimbursement of money?,get_refund,get_refund,1.0,True
"I cannot make payments, could I report a problem?",payment_issue,payment_issue,1.0,True
I want help getting bill #85632,get_invoice,get_invoice,1.0,True
I am trying to unsubscribe from your company newsletter,newsletter_subscription,newsletter_subscription,1.0,True
can uhelp me swap something ofpurchase {{Order Number}},change_order,change_order,1.0,True
"I have bought some items, help canceling purchase {{Order Number}}",cancel_order,cancel_order,1.0,True
I am trying to change to the standard account,switch_account,switch_account,1.0,True
check the early termination charges,check_cancellation_fee,check_cancellation_fee,1.0,True
"I want to check what payment methods are allowed, help me",check_payment_methods,check_payment_methods,1.0,True
i cannot chat with an assistant,contact_human_agent,contact_human_agent,1.0,True
need asistance filing a consumer claim against your business,complaint,complaint,1.0,True
I'm waiting for a compensation of {{Refund Amount}} dollars,track_refund,track_refund,1.0,True
need assistance resetting my account pin code,recover_password,recover_password,1.0,True
I have to see how soon can I expect the goddamn order,delivery_period,delivery_period,1.0,True
help speaking to customer service,contact_customer_service,contact_customer_service,1.0,True
how do I see the current status of the refund?,track_refund,track_refund,1.0,True
how to change something of order {{Order Number}},change_order,change_order,1.0,True
where to check at what time I can reach customer support?,contact_customer_service,contact_customer_service,1.0,True
leave review,review,review,1.0,True
I don't know how I can inform of errors with sign-up,registration_problems,registration_problems,1.0,True
I do not know how I can set up my shipping address,set_up_shipping_address,set_up_shipping_address,1.0,True
I do not know what I have to do to report payment issues,payment_issue,payment_issue,1.0,True
i need assistance tracking purchase {{Order Number}},track_order,track_order,1.0,True
can ushow me the status of purchase {{Order Number}},track_order,track_order,1.0,True
i have got to update the info included on my account,edit_account,edit_account,1.0,True
can I see at what time I can contact customer assistance?,contact_customer_service,contact_customer_service,1.0,True
"I have to speak with customer support, how to do it?",contact_customer_service,contact_customer_service,1.0,True
"I can't make payments, assistance informing of problems",payment_issue,payment_issue,1.0,True
"I want to see when will my product arrive, how can I do it?",delivery_period,delivery_period,1.0,True
I'm trying to speak to a person,contact_human_agent,contact_human_agent,1.0,True
I want help to open a premium account for my dad,create_account,create_account,1.0,True
making customer claim against your company,complaint,complaint,1.0,True
can uhelp me to talk to a person,contact_human_agent,contact_human_agent,1.0,True
want assistance taking aquick look at my bill from {{Person Name}},check_invoice,check_invoice,1.0,True
I am looking for information about opening a {{Account Type}} account,create_account,create_account,1.0,True
I have to submit a different delivery address,set_up_shipping_address,set_up_shipping_address,1.0,True
I do not know what I need to do to ask for a compensation,get_refund,get_refund,1.0,True
I need to see how long it takes for the purchase to arrive,delivery_period,delivery_period,1.0,True
changing purchase {{Order Number}},change_order,change_order,1.0,True
I want to see at what time I can call customer service,contact_customer_service,contact_customer_service,1.0,True
I cannot retrieve my account key,recover_password,recover_password,1.0,True
I don't know what  to do to find the bills from {{Person Name}},check_invoice,check_invoice,1.0,True
I need to update order {{Order Number}},change_order,change_order,1.0,True
ihave to locate purchase {{Order Number}} help me,track_order,track_order,1.0,True
I need help to check the cancellation charge,check_cancellation_fee,check_cancellation_fee,1.0,True
I want help opening a standard account for my daughter,create_account,create_account,1.0,True
where to notify of errors with sign-up?,registration_problems,registration_problems,1.0,True
can you help me sign up to the company newsletter?,newsletter_subscription,newsletter_subscription,1.0,True
what do i need to do to check the cancellation charges,check_cancellation_fee,check_cancellation_fee,1.0,True
how can I reset my profile access key?,recover_password,recover_password,1.0,True
show me estimated time of arrival of order {{Order Number}},track_order,track_order,1.0,True
"I have to submit a shipping address, how do I do it?",set_up_shipping_address,set_up_shipping_address,1.0,True
"someone has stolen my user PIN code , how can I reset it?",recover_password,recover_password,1.0,True
I do not know what to do to remove my standard account,delete_account,delete_account,1.0,True
"I want to set up a secondary delivery address, how to do it?",set_up_shipping_address,set_up_shipping_address,1.0,True
i do not know what to do to report an issue withpayment,payment_issue,payment_issue,1.0,True
I don't know what to do to recover my account key,recover_password,recover_password,1.0,True
need to modify the user details how can i do it,edit_account,edit_account,1.0,True
could I receive your fucking corporate newsletter?,newsletter_subscription,newsletter_subscription,1.0,True
i try to cancel the subscription to ur company newsletter,newsletter_subscription,newsletter_subscription,1.0,True
I want to cancel purchase {{Order Number}},cancel_order,cancel_order,1.0,True
I don't know how I can see the termination fee,check_cancellation_fee,check_cancellation_fee,1.0,True
is it possible to order from {{Delivery City}},delivery_options,delivery_options,1.0,True
can you help me seeing the ETA of purchase {{Order Number}}?,track_order,track_order,1.0,True
help me change the address,change_shipping_address,change_shipping_address,1.0,True
I do not know what I need to do to check your refund policy,check_refund_policy,check_refund_policy,1.0,True
I do not know how I can leave a comment about your products,review,review,1.0,True
I want assistance to solve a problem with payment,payment_issue,payment_issue,1.0,True
can I lodge a customer claim against your company?,complaint,complaint,1.0,True
show me at what time I can reach customer assistance,contact_customer_service,contact_customer_service,1.0,True
i need assistance demanding compensations of my money,get_refund,get_refund,1.0,True
could you help me to use the standard profile?,switch_account,switch_account,1.0,True
I don't knos how to check when my package is going to arrive,delivery_period,delivery_period,1.0,True
where doi check how soon can i expect my article,delivery_period,delivery_period,1.0,True
show me the bill #12588,check_invoice,check_invoice,1.0,True
I try to see whne will my item arrive,delivery_period,delivery_period,1.0,True
helpme check your refund policy,check_refund_policy,check_refund_policy,1.0,True
I have to see in what cases can I request my money back,check_refund_policy,check_refund_policy,1.0,True
"I have to sign up to your newsletter, could I get some help?",newsletter_subscription,newsletter_subscription,1.0,True
i expect an refund of {{Currency Symbol}}{{Refund Amount}} has it been processed,track_refund,track_refund,1.0,True
where could I take a quick look at invokce #37777?,check_invoice,check_invoice,1.0,True
help looking for the bill #00108,check_invoice,check_invoice,1.0,True
i need assistance removing my pro account,delete_account,delete_account,1.0,True
need assistance unsubscribing from ur newsletter,newsletter_subscription,newsletter_subscription,1.0,True
i dont know what to do to reset my account key,recover_password,recover_password,1.0,True
could ya help me inform of troubles with payments,payment_issue,payment_issue,1.0,True
could I cancel my corporate newsletter subscription?,newsletter_subscription,newsletter_subscription,1.0,True
I have got to see in which cases can I request my money back,check_refund_policy,check_refund_policy,1.0,True
I don't know what I need to do to close the {{Account Type}} account,delete_account,delete_account,1.0,True
help me seeing if there is anything new on the reimbursement,track_refund,track_refund,1.0,True
could I leave a bloody comment about a service?,review,review,1.0,True
where do i retrieve my profile key,recover_password,recover_password,1.0,True
I want help to leave a goddamn comment about your company,review,review,1.0,True
how do i see how long it takes for my delivery to arrive,delivery_period,delivery_period,1.0,True
I would like information about the deletion of my {{Account Type}} acount,delete_account,delete_account,1.0,True
check purchase {{Order Number}} status,track_order,track_order,1.0,True
solve payment error,payment_issue,payment_issue,1.0,True
i dont know how i can talk to customer service,contact_customer_service,contact_customer_service,1.0,True
where to leave a comment for your services?,review,review,1.0,True
I am waiting for an refund of {{Currency Symbol}}{{Refund Amount}},track_refund,track_refund,1.0,True
want assistance giving a quick look at the bill #85632,check_invoice,check_invoice,1.0,True
can I place an order from {{Delivery City}}?,delivery_options,delivery_options,1.0,True
I do not know how I can buy several items,place_order,place_order,1.0,True
i want assistance cancelling order {{Order Number}},cancel_order,cancel_order,1.0,True
i try to correct the address,change_shipping_address,change_shipping_address,1.0,True
need assistance to obtain a refund of money,get_refund,get_refund,1.0,True
i do not know what i need to do to remove a {{Account Type}} account,delete_account,delete_account,1.0,True
i dont know what i have to do to speak with an assistant,contact_human_agent,contact_human_agent,1.0,True
problems wiuth changing order {{Order Number}},change_order,change_order,1.0,True
how to check ur refund policy,check_refund_policy,check_refund_policy,1.0,True
upddate order {{Order Number}},change_order,change_order,1.0,True
I need to see how long it takes for the shipment to arrive,delivery_period,delivery_period,1.0,True
can I speak with a live agent?,contact_human_agent,contact_human_agent,1.0,True
problem with the removal of my {{Account Category}} account,delete_account,delete_account,1.0,True
can you help me resetting the password of my profile?,recover_password,recover_password,1.0,True
can I leave a review about your products?,review,review,1.0,True
assistance requesting a compensation of money,get_refund,get_refund,1.0,True
i cant notifyof a registration issue,registration_problems,registration_problems,1.0,True
"I have to earn several products, how can I do it?",place_order,place_order,1.0,True
is it possible to enter my delivery address,set_up_shipping_address,set_up_shipping_address,1.0,True
can ya help me subscribing to ur company newsletter,newsletter_subscription,newsletter_subscription,1.0,True
I try to inform of registration issues,registration_problems,registration_problems,1.0,True
I want assistance to contact customer support,contact_customer_service,contact_customer_service,1.0,True
i have got to report an error with a sign-up,registration_problems,registration_problems,1.0,True
I want assistance getting the bill from {{Person Name}},get_invoice,get_invoice,1.0,True
I want help seeing the status of order {{Order Number}},track_order,track_order,1.0,True
delivery period,delivery_period,delivery_period,1.0,True
"I can't pay, assistance notifying of an issue with payment",payment_issue,payment_issue,1.0,True
help to edit the information on my user profile,edit_account,edit_account,1.0,True
I dp not know how to cancel order {{Order Number}},cancel_order,cancel_order,1.0,True
ido not know what i need to do to get the invoice #37777,get_invoice,get_invoice,1.0,True
I want help acquiring a product,place_order,place_order,1.0,True
help to locate purchaes {{Order Number}},track_order,track_order,1.0,True
where to check the withdrawal penalty?,check_cancellation_fee,check_cancellation_fee,1.0,True
i have a damn registration issue,registration_problems,registration_problems,1.0,True
changing to standard account,switch_account,switch_account,1.0,True
can uhelp me check the bloody allowed paymentmethods,check_payment_methods,check_payment_methods,1.0,True
help to set up an delivery address,set_up_shipping_address,set_up_shipping_address,1.0,True
i get an error when i try to make a transfer report it,payment_issue,payment_issue,1.0,True
I do not know what to do to check your reimbursement policy,check_refund_policy,check_refund_policy,1.0,True
I need to see in which situations can I ask for a refund,check_refund_policy,check_refund_policy,1.0,True
i want assistance to send my feedback for ur company,review,review,1.0,True
i cannot inform of a isgnup issue,registration_problems,registration_problems,1.0,True
I exxpect a rebate of {{Currency Symbol}}{{Refund Amount}},track_refund,track_refund,1.0,True
find information about the shipping methods,delivery_options,delivery_options,1.0,True
I do not know what to do to speak to an agent,contact_human_agent,contact_human_agent,1.0,True
I need assistance seeing how soon can I expect the purchase,delivery_period,delivery_period,1.0,True
help me retrieve my account password,recover_password,recover_password,1.0,True
help me lodging a customer complaint against ur business,complaint,complaint,1.0,True
I need help to submit a new delivery address,set_up_shipping_address,set_up_shipping_address,1.0,True
track order {{Order Number}},track_order,track_order,1.0,True
I do not know what I need to do to send my feedback,review,review,1.0,True
assistance canceling the last order,cancel_order,cancel_order,1.0,True
updating details on {{Account Type}} account,edit_account,edit_account,1.0,True
what do I have to do to cancel purchase {{Order Number}}?,cancel_order,cancel_order,1.0,True
how could I edit my goddamn account?,edit_account,edit_account,1.0,True
what do i need to do to notify fo an issue with sign-up,registration_problems,registration_problems,1.0,True
shipnents to {{Delivery Country}},delivery_options,delivery_options,1.0,True
do you deliver to {{Delivery City}}?,delivery_options,delivery_options,1.0,True
I need to receive a refund of my money,get_refund,get_refund,1.0,True
ineed assistance receiving ur company newsletter,newsletter_subscription,newsletter_subscription,1.0,True
how to locate my bill #12588?,check_invoice,check_invoice,1.0,True
modifying order {{Order Number}},change_order,change_order,1.0,True
"I can't afford order {{Order Number}}, could you cancel it?",cancel_order,cancel_order,1.0,True
what do i need to do to reover my account pin,recover_password,recover_password,1.0,True
I don't know how to shop some items,place_order,place_order,1.0,True
can I use the standard account?,switch_account,switch_account,1.0,True
I have got to chaneg to the {{Account Category}} account,switch_account,switch_account,1.0,True
i need information about my standard account deletion,delete_account,delete_account,1.0,True
I need help to enter my new delivery address,set_up_shipping_address,set_up_shipping_address,1.0,True
can you help me checking the cancellation fees?,check_cancellation_fee,check_cancellation_fee,1.0,True
I need assistance changing the address,change_shipping_address,change_shipping_address,1.0,True
I don't know what to do to cancel my {{Account Category}} account,delete_account,delete_account,1.0,True
I do not know how I can check the status of my rebate,track_refund,track_refund,1.0,True
I need assistamce to inform of a payment issue,payment_issue,payment_issue,1.0,True
help me to speak with a live agent,contact_human_agent,contact_human_agent,1.0,True
where can I notify of issues with online payment?,payment_issue,payment_issue,1.0,True
how to reset the access key of my account,recover_password,recover_password,1.0,True
help to see at what time i can reach customer support,contact_customer_service,contact_customer_service,1.0,True
can I send feedback for a service?,review,review,1.0,True
I'm trying to check ur accepted payment otions,check_payment_methods,check_payment_methods,1.0,True
cancel freemium account,delete_account,delete_account,1.0,True
what do i need to do to create a {{Account Category}} account,create_account,create_account,1.0,True
help using the {{Account Category}} profile,switch_account,switch_account,1.0,True
help using the {{Account Category}} profile,switch_account,switch_account,1.0,True
I need assistance using the {{Account Category}} profile,switch_account,switch_account,1.0,True
Iexpect a restitution of {{Refund Amount}} dollars,track_refund,track_refund,1.0,True
I do not know what I have to do to cancel a {{Account Category}} account,delete_account,delete_account,1.0,True
what are the withdrawal charged?,check_cancellation_fee,check_cancellation_fee,1.0,True
I need help speaking to somebody,contact_human_agent,contact_human_agent,1.0,True
I do not know what I need to do to chat with someone,contact_human_agent,contact_human_agent,1.0,True
can you help me check the status of my compensation?,track_refund,track_refund,1.0,True
editing informaqtion on pro account,edit_account,edit_account,1.0,True
what do I have to do to see my compensation current status?,track_refund,track_refund,1.0,True
is there a section to submit my feedback for ur products,review,review,1.0,True
can uhelp me to see te early exit charges,check_cancellation_fee,check_cancellation_fee,1.0,True
where can I check if there are any news on the rebate?,track_refund,track_refund,1.0,True
find the bills from {{Person Name}},check_invoice,check_invoice,1.0,True
I don't know what to do to notify of registration issues,registration_problems,registration_problems,1.0,True
want assistance downloading the bill #12588,get_invoice,get_invoice,1.0,True
I need assistance to file a reclamation against your company,complaint,complaint,1.0,True
need help to speqk with an operator,contact_human_agent,contact_human_agent,1.0,True
"my delivery address is not valid, what should I do?",set_up_shipping_address,set_up_shipping_address,1.0,True
"I have to talk to an assistant, help me",contact_human_agent,contact_human_agent,1.0,True
can ya help me to open a gold account for my dad,create_account,create_account,1.0,True
I cannot see the current status of purchase {{Order Number}},track_order,track_order,1.0,True
assistance to check order {{Order Number}} current status,track_order,track_order,1.0,True
i do not know what to do to talk to an assistant,contact_human_agent,contact_human_agent,1.0,True
wjen am i getting a compensation of money,get_refund,get_refund,1.0,True
what do I need to do to download the bill #00108?,get_invoice,get_invoice,1.0,True
I need to reocver my pass,recover_password,recover_password,1.0,True
where do i report an issue with a registration,registration_problems,registration_problems,1.0,True
"I have got to see when will my package arrive, I need help",delivery_period,delivery_period,1.0,True
I missed some products in order {{Order Number}},change_order,change_order,1.0,True
I am trying to see in what cases can I request a refund,check_refund_policy,check_refund_policy,1.0,True
new bloody pro account,create_account,create_account,1.0,True
need assistance seeing how soon can i expect my article,delivery_period,delivery_period,1.0,True
would it be possible to obtain a reimbursement of my money,get_refund,get_refund,1.0,True
can you show me in which situations can I ask for refunds?,check_refund_policy,check_refund_policy,1.0,True
want help to check in what situations can i ask for refunds,check_refund_policy,check_refund_policy,1.0,True
i want assistance notifying of an registration issue,registration_problems,registration_problems,1.0,True
do ya deliver to {{Delivery City}},delivery_options,delivery_options,1.0,True
help me check at what time customer assistance available is,contact_customer_service,contact_customer_service,1.0,True
I am trying to find information about modifying the address,change_shipping_address,change_shipping_address,1.0,True
I want assistance to see the status of the compensation,track_refund,track_refund,1.0,True
"I want to update order {{Order Number}}, how do I do it?",change_order,change_order,1.0,True
I want help to report payment problems,payment_issue,payment_issue,1.0,True
where is purechase {{Order Number}},track_order,track_order,1.0,True
I need assistance to earn na item,place_order,place_order,1.0,True
i have paid {{Currency Symbol}}{{Refund Amount}} for an item i have to obtain a refund,get_refund,get_refund,1.0,True
I don't know how I can make a customer complaint,complaint,complaint,1.0,True
can you help me to recober the PIN of my account?,recover_password,recover_password,1.0,True
I don't know what I need to do to cancel a platinum account,delete_account,delete_account,1.0,True
switching to standard account,switch_account,switch_account,1.0,True
updating user profile,edit_account,edit_account,1.0,True
i have to reset my user account pwd how cn i do it,recover_password,recover_password,1.0,True
where do I check when will my purchase arrive?,delivery_period,delivery_period,1.0,True
need to report an issue with signup,registration_problems,registration_problems,1.0,True
is there a method to leave a review for a product?,review,review,1.0,True
i dont know how to acquire an article,place_order,place_order,1.0,True
i do not know how i could notify of a sign-up error,registration_problems,registration_problems,1.0,True
where do i see if there are any news on the rebate,track_refund,track_refund,1.0,True
i expect a rebate of {{Currency Symbol}}{{Refund Amount}},track_refund,track_refund,1.0,True
help me cancelling my newsletter subscription,newsletter_subscription,newsletter_subscription,1.0,True
couldyou help me to cancel the goddamn {{Account Type}} account?,delete_account,delete_account,1.0,True
"I never use my pro account, I do not know how to remove it",delete_account,delete_account,1.0,True
help me canceling the {{Account Category}} account,delete_account,delete_account,1.0,True
I can't find the early terminatuon penalty,check_cancellation_fee,check_cancellation_fee,1.0,True
need assistance to make a consumer claim against ur business,complaint,complaint,1.0,True
can I place an order from {{Delivery Country}}?,delivery_options,delivery_options,1.0,True
can I ordrr from {{Delivery City}}?,delivery_options,delivery_options,1.0,True
i have got to write a review about ur company how do i do it,review,review,1.0,True
I have to see what hours I can reach customer support,contact_customer_service,contact_customer_service,1.0,True
show me at what time I can call customer service,contact_customer_service,contact_customer_service,1.0,True
want help to see ur money back policy,check_refund_policy,check_refund_policy,1.0,True
help me see in what cases can i request to be  reimbursed,check_refund_policy,check_refund_policy,1.0,True
I expect a restitution of {{Refund Amount}} dollars,track_refund,track_refund,1.0,True
how do I acquire several of your item?,place_order,place_order,1.0,True
help me informing of a problem with signup,registration_problems,registration_problems,1.0,True
where to filr a consumer complaint?,complaint,complaint,1.0,True
I want help to chat with a live agent,contact_human_agent,contact_human_agent,1.0,True
i try to see how long it takes for the purchase to arrive,delivery_period,delivery_period,1.0,True
can I leave a damn opinion about a product?,review,review,1.0,True
can uhelp me see what hours i can contact customer service,contact_customer_service,contact_customer_service,1.0,True
I want help to check how long reimbursements take,check_refund_policy,check_refund_policy,1.0,True
help me to cancel purchase {{Order Number}},cancel_order,cancel_order,1.0,True
"my experience with you was terrible, help me lodging a claim",complaint,complaint,1.0,True
open platinum cacount for wife,create_account,create_account,1.0,True
assistance lodging a customer reclamation against ur copany,complaint,complaint,1.0,True
need assistance notifying of an issue with sign-up,registration_problems,registration_problems,1.0,True
i have to notify of errors with online payment,payment_issue,payment_issue,1.0,True
have problems with a {{Account Type}} account removal,delete_account,delete_account,1.0,True
do ya ship to {{Delivery Country}},delivery_options,delivery_options,1.0,True
canceling order {{Order Number}},cancel_order,cancel_order,1.0,True
modifying information on freemium account,edit_account,edit_account,1.0,True
where could I set the new shipping address up?,set_up_shipping_address,set_up_shipping_address,1.0,True
help seeing in what cases can i request refunds,check_refund_policy,check_refund_policy,1.0,True
can you help me leave a review about your company?,review,review,1.0,True
i expect an rebate of {{Currency Symbol}}{{Refund Amount}},track_refund,track_refund,1.0,True
help seeing what hours i can call customer support,contact_customer_service,contact_customer_service,1.0,True
"I want to see the allowed payment methods, can you help me?",check_payment_methods,check_payment_methods,1.0,True
how to check the early termination penalty?,check_cancellation_fee,check_cancellation_fee,1.0,True
I need help to speak to someond,contact_human_agent,contact_human_agent,1.0,True
I don't know what to do to correct my shipping address,change_shipping_address,change_shipping_address,1.0,True
assistance with canceling purchase {{Order Number}},cancel_order,cancel_order,1.0,True
"I entered a wrong address, update it",change_shipping_address,change_shipping_address,1.0,True
how to see order {{Order Number}} status?,track_order,track_order,1.0,True
have a question about creating fucking {{Account Type}} accounts,create_account,create_account,1.0,True
is it possible to check if there are any news on my rebate?,track_refund,track_refund,1.0,True
wann open a premium account how can i do it,create_account,create_account,1.0,True
modifying data on freemium account,edit_account,edit_account,1.0,True
can uhelp me swap some items of order {{Order Number}},change_order,change_order,1.0,True
what d i need to do to report a problem with sign-up,registration_problems,registration_problems,1.0,True
how do i submit my feedback for ur products,review,review,1.0,True
how do i set up my newshipping address,set_up_shipping_address,set_up_shipping_address,1.0,True
i want assistance creating a standard account fr my fiance,create_account,create_account,1.0,True
where can i send some feedback for ur company,review,review,1.0,True
uhave an method to submit some feedback about ur products,review,review,1.0,True
where could I shop several of your item?,place_order,place_order,1.0,True
need help requesting a compensation of money,get_refund,get_refund,1.0,True
I need assistance to talk to somebody,contact_human_agent,contact_human_agent,1.0,True
help me to  lodge a customer claim against ur organization,complaint,complaint,1.0,True
how to use the {{Account Category}} profile?,switch_account,switch_account,1.0,True
i cant subscribe to the newsletter,newsletter_subscription,newsletter_subscription,1.0,True
solve a damn error with online payments,payment_issue,payment_issue,1.0,True
what do I need to do to request a rebate?,get_refund,get_refund,1.0,True
create new {{Account Category}} account,create_account,create_account,1.0,True
i want help reporting an issue with online payments,payment_issue,payment_issue,1.0,True
I need assistance to notify of an error with online payments,payment_issue,payment_issue,1.0,True
assistance giving aquick look at invoice #85632,check_invoice,check_invoice,1.0,True
I don't know what I need to do to get the invoice #12588,get_invoice,get_invoice,1.0,True
what do I need to do to get my last bills?,get_invoice,get_invoice,1.0,True
where do I inform of an issue with a signup?,registration_problems,registration_problems,1.0,True
help seeing what shipping options you offer,delivery_options,delivery_options,1.0,True
"I can't pay, help to inform of issues with payment",payment_issue,payment_issue,1.0,True
"I need to check your refund policy , how to do it?",check_refund_policy,check_refund_policy,1.0,True
"I have to check when will my package arrive, help me",delivery_period,delivery_period,1.0,True
check delivery options,delivery_options,delivery_options,1.0,True
i try to talk to a perrson,contact_human_agent,contact_human_agent,1.0,True
"I have to see in what cases can I request refunds, help me",check_refund_policy,check_refund_policy,1.0,True
"you aren't helpful, assistance chatting with an operator",contact_human_agent,contact_human_agent,1.0,True
another {{Account Type}} account,create_account,create_account,1.0,True
need help to make an order,place_order,place_order,1.0,True
there are errors setting the secondary delivery address up,set_up_shipping_address,set_up_shipping_address,1.0,True
where could I see if there is anything new on my refund?,track_refund,track_refund,1.0,True
where do i track order {{Order Number}},track_order,track_order,1.0,True
I want help to inform of an issue with a sign-up,registration_problems,registration_problems,1.0,True
can you help me modifying my delivery address?,change_shipping_address,change_shipping_address,1.0,True
problems with my password recovery,recover_password,recover_password,1.0,True
I need assistance checking the goddamn early exit penalty,check_cancellation_fee,check_cancellation_fee,1.0,True
"I cannot open a user account, can I report a sign-up error?",registration_problems,registration_problems,1.0,True
I call to check when my article is going to arrive,delivery_period,delivery_period,1.0,True
can you help me to acquire an few of your product?,place_order,place_order,1.0,True
"I would like to edit my personal information, I need help",edit_account,edit_account,1.0,True
notify of problems creating user,registration_problems,registration_problems,1.0,True
do you deliver to {{Delivery City}}?,delivery_options,delivery_options,1.0,True
I'd like to make a customer reclamation against ur business,complaint,complaint,1.0,True
i cannot remove an article from purchase {{Order Number}},change_order,change_order,1.0,True
is it possible to notify of problems with sign-up?,registration_problems,registration_problems,1.0,True
I need assistance to inform of a problem with payments,payment_issue,payment_issue,1.0,True
seeing invoice #37777,check_invoice,check_invoice,1.0,True
i do not know what  i need to do to receive the newsletter,newsletter_subscription,newsletter_subscription,1.0,True
modifying info on {{Account Category}} account,edit_account,edit_account,1.0,True
i want help trying to change the address,change_shipping_address,change_shipping_address,1.0,True
need assistance to see if there is anything new on my rebate,track_refund,track_refund,1.0,True
is it possible to unsubscribe from the company newsletter,newsletter_subscription,newsletter_subscription,1.0,True
editing order {{Order Number}},change_order,change_order,1.0,True
wanna see ur refund polcy,check_refund_policy,check_refund_policy,1.0,True
ya have an address to submit my feedback for ur products,review,review,1.0,True
checking invoices from {{Person Name}},check_invoice,check_invoice,1.0,True
cancelling order {{Order Number}},cancel_order,cancel_order,1.0,True
can you help me make a clain against your business?,complaint,complaint,1.0,True
I have got to leave my feedback about a service,review,review,1.0,True
is there an address to send feedback for ur products,review,review,1.0,True
"I need to see the termination penalty, how can I do it?",check_cancellation_fee,check_cancellation_fee,1.0,True
"I ain't happy with your work, I need to make a claim",complaint,complaint,1.0,True
i have to sign up to the corporae newsletter help me,newsletter_subscription,newsletter_subscription,1.0,True
how to see ur allowed payment modalities,check_payment_methods,check_payment_methods,1.0,True
i need assistance to speak with customer service,contact_customer_service,contact_customer_service,1.0,True
where do I check the reimbursement current status?,track_refund,track_refund,1.0,True
where to  see how soon can I expect my order?,delivery_period,delivery_period,1.0,True
I need to file a complaint,complaint,complaint,1.0,True
I am trying to inform of a trouble with online payment,payment_issue,payment_issue,1.0,True
"I expect a restitution of {{Currency Symbol}}{{Refund Amount}}, was it processed",track_refund,track_refund,1.0,True
i have got to swap  an item of order {{Order Number}},change_order,change_order,1.0,True
i do not know how to close my {{Account Type}} account,delete_account,delete_account,1.0,True
i do not know how to edit my delivery address,change_shipping_address,change_shipping_address,1.0,True
assistance to check hw soon can i expect the order,delivery_period,delivery_period,1.0,True
help to check how long it takes for the package to asrrive,delivery_period,delivery_period,1.0,True
can you help me to check what shipment methods I have?,delivery_options,delivery_options,1.0,True
chcek order {{Order Number}} current status,track_order,track_order,1.0,True
would it be possible to notify of a fucking signup error?,registration_problems,registration_problems,1.0,True
I don't know what I need to do to check the invoice #37777,check_invoice,check_invoice,1.0,True
chnaging order {{Order Number}},change_order,change_order,1.0,True
change to the gold account,switch_account,switch_account,1.0,True
is it possible toi chat with somebody?,contact_human_agent,contact_human_agent,1.0,True
"I have got to earn several of your item, can you help me?",place_order,place_order,1.0,True
need to edit the personal data could i get some help,edit_account,edit_account,1.0,True
I want help to lodge a claim against your company,complaint,complaint,1.0,True
I'd like to acquire some of ur item how do i do it,place_order,place_order,1.0,True
how can i add an item to purchase {{Order Number}},change_order,change_order,1.0,True
edit info on {{Account Category}} account,edit_account,edit_account,1.0,True
can you help me making a complaint?,complaint,complaint,1.0,True
how could I get information aout an address update?,change_shipping_address,change_shipping_address,1.0,True
i mised some items in purchase {{Order Number}} can i add them,change_order,change_order,1.0,True
will you show me how soon can I expect my purchase?,delivery_period,delivery_period,1.0,True
switch to freemium account,switch_account,switch_account,1.0,True
I want help checking how long the shipment takes,delivery_period,delivery_period,1.0,True
how to use the pro profile?,switch_account,switch_account,1.0,True
i cannot find the withdrawal prnalties,check_cancellation_fee,check_cancellation_fee,1.0,True
I do not know what to do to notify of a signup error,registration_problems,registration_problems,1.0,True
want assistance ot close my standard account,delete_account,delete_account,1.0,True
switch to {{Account Type}} account,switch_account,switch_account,1.0,True
can you help me open a platinum account for my dad?,create_account,create_account,1.0,True
whzt do i need to do to ask for reimbursements of money,get_refund,get_refund,1.0,True
could you help me creating a new bloody freemium account?,create_account,create_account,1.0,True
what do i need to do to get in touch with customer support,contact_customer_service,contact_customer_service,1.0,True
I want to know more about opening a standard account,create_account,create_account,1.0,True
opening new premium account for daughter,create_account,create_account,1.0,True
I need help to retrieve my user PIN code,recover_password,recover_password,1.0,True
locate order {{Order Number}},track_order,track_order,1.0,True
I need assistance retreiving my profile key,recover_password,recover_password,1.0,True
what do I have to do to see the withdrawal charge?,check_cancellation_fee,check_cancellation_fee,1.0,True
assistance to list your fucking accepted payment modalities,check_payment_methods,check_payment_methods,1.0,True
I want assistance reporting an issue with a signup,registration_problems,registration_problems,1.0,True
can you help me receiving your fucking corporate newslettee?,newsletter_subscription,newsletter_subscription,1.0,True
need help to see how long it takes for my parcel to arrive,delivery_period,delivery_period,1.0,True
I don't know how I can correct the address,change_shipping_address,change_shipping_address,1.0,True
what are the penalties for breaking the contract?,check_cancellation_fee,check_cancellation_fee,1.0,True
"I paid {{Currency Symbol}}{{Refund Amount}} for this purchase, I have to get a damn refund",get_refund,get_refund,1.0,True
open a {{Account Category}} account,create_account,create_account,1.0,True
I do not know what todo to chat with a live agent,contact_human_agent,contact_human_agent,1.0,True
I need to  obtain a compensation of money,get_refund,get_refund,1.0,True
i try to send some feedback for a product,review,review,1.0,True
update information on pro account,edit_account,edit_account,1.0,True
ETA of purchase {{Order Number}},track_order,track_order,1.0,True
change information on Freemiumaccount,edit_account,edit_account,1.0,True
editting details on {{Account Type}} account,edit_account,edit_account,1.0,True
I call to check how long it takes for the delivery to arrive,delivery_period,delivery_period,1.0,True
I don't know how I can create a premium account,create_account,create_account,1.0,True
can uhelp me canceling purchase {{Order Number}},cancel_order,cancel_order,1.0,True
I want assistance checking the early exit fee,check_cancellation_fee,check_cancellation_fee,1.0,True
new {{Account Type}} account,create_account,create_account,1.0,True
ETA of purchase {{Order Number}},track_order,track_order,1.0,True
I want assistance locating bill #12588,check_invoice,check_invoice,1.0,True
cancel my newsletter subscription,newsletter_subscription,newsletter_subscription,1.0,True
help changing to the {{Account Type}} account,switch_account,switch_account,1.0,True
I don't know what I have to do to download my invoice #12588,get_invoice,get_invoice,1.0,True
download bill #00108,get_invoice,get_invoice,1.0,True
want assistance to chat with a person,contact_human_agent,contact_human_agent,1.0,True
need to see at what time customer assistance available is,contact_customer_service,contact_customer_service,1.0,True
i cannot see the status of order {{Order Number}},track_order,track_order,1.0,True
there are problems trying to update my shipping address,change_shipping_address,change_shipping_address,1.0,True
I need help with canceling purchase {{Order Number}},cancel_order,cancel_order,1.0,True
I don't know what to do to get my bills from {{Person Name}},get_invoice,get_invoice,1.0,True
could uhelp me switch  some articles of order {{Order Number}},change_order,change_order,1.0,True
need assistance seeing ur money back guarantee,check_refund_policy,check_refund_policy,1.0,True
I want help trying to correct my shipping address,change_shipping_address,change_shipping_address,1.0,True
could you help me speak to somebody?,contact_human_agent,contact_human_agent,1.0,True
I have to get compensations of money,get_refund,get_refund,1.0,True
i expect a refund of {{Refund Amount}} dollars,track_refund,track_refund,1.0,True
lodging consumer reclamation against urcompany,complaint,complaint,1.0,True
customer complaint against your business,complaint,complaint,1.0,True
seeing bills from {{Person Name}},check_invoice,check_invoice,1.0,True
I have entered a wrong shipping address by mistae,change_shipping_address,change_shipping_address,1.0,True
can you help me adding an itm to order {{Order Number}}?,change_order,change_order,1.0,True
do ya deliver to {{Delivery City}},delivery_options,delivery_options,1.0,True
help me reporting problems with online payment,payment_issue,payment_issue,1.0,True
i want assistance to talk to a person,contact_human_agent,contact_human_agent,1.0,True
want help updating the address,change_shipping_address,change_shipping_address,1.0,True
help to swap an article of order {{Order Number}},change_order,change_order,1.0,True
help lodging a customer complaint,complaint,complaint,1.0,True
"I want to correct the info on my account, how do I do it?",edit_account,edit_account,1.0,True
where can I acquire some products?,place_order,place_order,1.0,True
"the damn shipping address has changed, can I correct it?",change_shipping_address,change_shipping_address,1.0,True
where to acquire a few of ur item,place_order,place_order,1.0,True
could you help me to change to the {{Account Category}} account?,switch_account,switch_account,1.0,True
see bill from {{Person Name}},check_invoice,check_invoice,1.0,True
can you help me see purchase {{Order Number}} status?,track_order,track_order,1.0,True
y i cant set the delivery adress valid up,set_up_shipping_address,set_up_shipping_address,1.0,True
I need help trying to change my shipping address,change_shipping_address,change_shipping_address,1.0,True
I don't know what I need to do to change to the pro account,switch_account,switch_account,1.0,True
"I do not need the {{Account Category}} account, help to delete it",delete_account,delete_account,1.0,True
where can i enter a secondary shipping adcress,set_up_shipping_address,set_up_shipping_address,1.0,True
how can i get a refund,get_refund,get_refund,1.0,True
notifying of payment problem,payment_issue,payment_issue,1.0,True
i dont know how i can speak to customer support,contact_customer_service,contact_customer_service,1.0,True
where do I see what hours I can contact customer service?,contact_customer_service,contact_customer_service,1.0,True
where can I notify of problems with sign-up?,registration_problems,registration_problems,1.0,True
want assistance to cancel order  {{Order Number}},cancel_order,cancel_order,1.0,True
"I can't remember the PIN of my user, help restoring it",recover_password,recover_password,1.0,True
i have chosen a wrong bloody delivery address by mistale,change_shipping_address,change_shipping_address,1.0,True
want assistance to switch to the premium account,switch_account,switch_account,1.0,True
I want assistancesubmitting the bloody new shipping address,set_up_shipping_address,set_up_shipping_address,1.0,True
need hepl recovering my user profile PIN,recover_password,recover_password,1.0,True
wanna obtain a reimbursement of money,get_refund,get_refund,1.0,True
how to reset my account pwd,recover_password,recover_password,1.0,True
i ahve got to shop an article will uhelp me,place_order,place_order,1.0,True
I try to set  up my goddamn shipping address,set_up_shipping_address,set_up_shipping_address,1.0,True
notify of issue with ergistration,registration_problems,registration_problems,1.0,True
I would like to see how long reimbursements take,check_refund_policy,check_refund_policy,1.0,True
i try to inform of troubles with online payments,payment_issue,payment_issue,1.0,True
show me how long it normally takes for my item to arrive,delivery_period,delivery_period,1.0,True
I don't know what I need to do to downloa the invoice #00108,get_invoice,get_invoice,1.0,True
I don't know what to do to unsubscribe from the newslwtter,newsletter_subscription,newsletter_subscription,1.0,True
help me check at what time i can contact cuswtomer support,contact_customer_service,contact_customer_service,1.0,True
"I need to check the termination charge, how to do it?",check_cancellation_fee,check_cancellation_fee,1.0,True
is it possible to place an order from {{Delivery City}}?,delivery_options,delivery_options,1.0,True
can uhelp me to leave fedeback for ur company,review,review,1.0,True
help checking the ETA o the purchase {{Order Number}},track_order,track_order,1.0,True
help to see your money back policy,check_refund_policy,check_refund_policy,1.0,True
I need assistance to make a complaint,complaint,complaint,1.0,True
modify info on {{Account Category}} account,edit_account,edit_account,1.0,True
i need help to delete an article from order {{Order Number}},change_order,change_order,1.0,True
help me to check the withdrawal penalties,check_cancellation_fee,check_cancellation_fee,1.0,True
I have a problem submitting the secondary delivery address,set_up_shipping_address,set_up_shipping_address,1.0,True
want help to check when will my article arrive,delivery_period,delivery_period,1.0,True
"I want to order a product, I need help",place_order,place_order,1.0,True
can you help me earning something?,place_order,place_order,1.0,True
help to see if there is anything wrong with my restitution,track_refund,track_refund,1.0,True
i do not know how to recover the pin code of my user profile,recover_password,recover_password,1.0,True
assistance recovering my user account PIN,recover_password,recover_password,1.0,True
help to reset my user account ipn code,recover_password,recover_password,1.0,True
"I have to speak with customer support, how can I do it?",contact_customer_service,contact_customer_service,1.0,True
"I would like to download my invoices from {{Person Name}}, help me",get_invoice,get_invoice,1.0,True
how do I add several articles to purchase {{Order Number}}?,change_order,change_order,1.0,True
get invoice from {{Person Name}},get_invoice,get_invoice,1.0,True
I want help to get compensations,get_refund,get_refund,1.0,True
informing of registration error,registration_problems,registration_problems,1.0,True
want assistance to report an issue with sign-up,registration_problems,registration_problems,1.0,True
help me create a {{Account Type}} account,create_account,create_account,1.0,True
how do I check the accepted payment methods?,check_payment_methods,check_payment_methods,1.0,True
could you help me to send feedback about your company?,review,review,1.0,True
can you help me talk with customer support?,contact_customer_service,contact_customer_service,1.0,True
I want to leave an opniion for your company,review,review,1.0,True
delieries to {{Delivery City}},delivery_options,delivery_options,1.0,True
want assistance to create an standard account,create_account,create_account,1.0,True
I do not know how I can enter a different shipping address,set_up_shipping_address,set_up_shipping_address,1.0,True
I try to see the status of my newsletter subscription,newsletter_subscription,newsletter_subscription,1.0,True
wanna update the details on my account,edit_account,edit_account,1.0,True
"I cannot afford order {{Order Number}}, I need help canceling it",cancel_order,cancel_order,1.0,True
see the status of my newsletter subscription,newsletter_subscription,newsletter_subscription,1.0,True
want assistance deleting some items from order {{Order Number}},change_order,change_order,1.0,True
do you deliver to {{Delivery City}} ?,delivery_options,delivery_options,1.0,True
modifying details on pro account,edit_account,edit_account,1.0,True
editing data on standard account,edit_account,edit_account,1.0,True
I want assistance changing to the pro account,switch_account,switch_account,1.0,True
can uhelp me to reoort a trouble with payments,payment_issue,payment_issue,1.0,True
can uhelp me to get the invoice #12588,get_invoice,get_invoice,1.0,True
I want assistance to remove the standard account,delete_account,delete_account,1.0,True
will you show me the termination charge?,check_cancellation_fee,check_cancellation_fee,1.0,True
I do not know what I need to do to talk with a person,contact_human_agent,contact_human_agent,1.0,True
"I want to see when my shipment is going to arrive, help me",delivery_period,delivery_period,1.0,True
could ya help me checking the current status of my refund,track_refund,track_refund,1.0,True
where could I inform of bloody issues with payment?,payment_issue,payment_issue,1.0,True
I want help getting my invoices from {{Person Name}},get_invoice,get_invoice,1.0,True
is it possible to talk to customer assistance?,contact_customer_service,contact_customer_service,1.0,True
I want to send feedback,review,review,1.0,True
what do i have to do to report errors with payments,payment_issue,payment_issue,1.0,True
I need help making a claim against your business,complaint,complaint,1.0,True
can uhelp me retrieving my user password,recover_password,recover_password,1.0,True
need help to see at what time i can call customer support,contact_customer_service,contact_customer_service,1.0,True
I don't know what I have to do to obtain a compensation,get_refund,get_refund,1.0,True
I have an error changing the delivery address,change_shipping_address,change_shipping_address,1.0,True
I need to notify of a bloody signup problem,registration_problems,registration_problems,1.0,True
help me seeing if there are any news on my reimbursement,track_refund,track_refund,1.0,True
"I want to update the damn user data, how could I do it?",edit_account,edit_account,1.0,True
I don't know how to cancel the {{Account Type}} account,delete_account,delete_account,1.0,True
how to cancel the subscriptipn to ur company newsletter,newsletter_subscription,newsletter_subscription,1.0,True
want help seeing what delivery options are there,delivery_options,delivery_options,1.0,True
I want assistance to request reimbursements of money,get_refund,get_refund,1.0,True
want help seeing how long it takes for my order to arrive,delivery_period,delivery_period,1.0,True
where do i see ur accepted payment options,check_payment_methods,check_payment_methods,1.0,True
I want to see at what time I can contact customer assistance,contact_customer_service,contact_customer_service,1.0,True
need to reset the password  of my user account,recover_password,recover_password,1.0,True
"I am looking for shipping period, will you help me?",delivery_period,delivery_period,1.0,True
I want to know about editing the shipping address,change_shipping_address,change_shipping_address,1.0,True
help me solve a trouble with online payments,payment_issue,payment_issue,1.0,True
where can I check how soon can I expect the item?,delivery_period,delivery_period,1.0,True
assistance seeing what shipping methods are there,delivery_options,delivery_options,1.0,True
want assistance to file a complaint against ur company,complaint,complaint,1.0,True
I need help reporting errors with a signup,registration_problems,registration_problems,1.0,True
I want help checking the withdrawal penalty,check_cancellation_fee,check_cancellation_fee,1.0,True
need to check in what cases can i request to be refunded,check_refund_policy,check_refund_policy,1.0,True
I want  a {{Account Category}} account,create_account,create_account,1.0,True
I'm very unhappyt with ur service i need to file a complaint,complaint,complaint,1.0,True
I want assistance to see my invoices from {{Person Name}},check_invoice,check_invoice,1.0,True
checking bill #37777,check_invoice,check_invoice,1.0,True
how can i see the status of purchase {{Order Number}},track_order,track_order,1.0,True
"I want to see when will my package arrive, can you help me?",delivery_period,delivery_period,1.0,True
remove standard account,delete_account,delete_account,1.0,True
sign up to the newsletter,newsletter_subscription,newsletter_subscription,1.0,True
I don't know what to do to download my bill #12588,get_invoice,get_invoice,1.0,True
help me filing a reclamation against your business,complaint,complaint,1.0,True
what do i need to do to correct my shipping address,change_shipping_address,change_shipping_address,1.0,True
modifying premium account,edit_account,edit_account,1.0,True
I have to check the termination fees,check_cancellation_fee,check_cancellation_fee,1.0,True
want assistance getting a rebate,get_refund,get_refund,1.0,True
problems with cancelling purchase {{Order Number}},cancel_order,cancel_order,1.0,True
can I check what hours I can reach customer support?,contact_customer_service,contact_customer_service,1.0,True
wanna download invoice #37777 could ya help me,get_invoice,get_invoice,1.0,True
check cancellation fee,check_cancellation_fee,check_cancellation_fee,1.0,True
I try to see in which situationscan I ask for refunds,check_refund_policy,check_refund_policy,1.0,True
there are problems entering my delivery address,set_up_shipping_address,set_up_shipping_address,1.0,True
i need assistance to enter m secondary delivery address,set_up_shipping_address,set_up_shipping_address,1.0,True
how can I earn some of your article?,place_order,place_order,1.0,True
can you help me to use the {{Account Type}} profile?,switch_account,switch_account,1.0,True
any news on my bloody reimbursement,track_refund,track_refund,1.0,True
I am trying to see when will my item arrive,delivery_period,delivery_period,1.0,True
have problems with the removal of a {{Account Type}} account,delete_account,delete_account,1.0,True
I need help seeing a what time customer service available is,contact_customer_service,contact_customer_service,1.0,True
I don't know how I could check my bill from {{Person Name}},check_invoice,check_invoice,1.0,True
how can i remove some articles from purchase {{Order Number}},change_order,change_order,1.0,True
ser the bill #37777,check_invoice,check_invoice,1.0,True
I want help to download the invoice #85632,get_invoice,get_invoice,1.0,True
i do notknow what i have to do to get the bill #85632,get_invoice,get_invoice,1.0,True
update data on {{Account Type}} account,edit_account,edit_account,1.0,True
I need assistance listing the available payment methods,check_payment_methods,check_payment_methods,1.0,True
how do i edit purchase {{Order Number}},change_order,change_order,1.0,True
could you help me to sign up to the corporate newsletter?,newsletter_subscription,newsletter_subscription,1.0,True
help to see your accepted payment options,check_payment_methods,check_payment_methods,1.0,True
I am calling to see how soon can I expect the shipment,delivery_period,delivery_period,1.0,True
I have errors trying to modify my delivery address,change_shipping_address,change_shipping_address,1.0,True
i need assistance reporting payment  problems,payment_issue,payment_issue,1.0,True
shipments to {{Delivery City}},delivery_options,delivery_options,1.0,True
report registration problem,registration_problems,registration_problems,1.0,True
see under what circumstances can I ask for a refund,check_refund_policy,check_refund_policy,1.0,True
check invoices from eleven months ago,check_invoice,check_invoice,1.0,True
downloading bills from {{Person Name}},get_invoice,get_invoice,1.0,True
wanna set my secondary delivery address up,set_up_shipping_address,set_up_shipping_address,1.0,True
i have paid {{Currency Symbol}}{{Refund Amount}} for this item i wanna obtai a rebate,get_refund,get_refund,1.0,True
I have problems setting a new delivery address up,set_up_shipping_address,set_up_shipping_address,1.0,True
I need to check at what time I can reach custome assistance,contact_customer_service,contact_customer_service,1.0,True
tell me at what time I can reach customer support,contact_customer_service,contact_customer_service,1.0,True
i have to shop several of ur article how to do it,place_order,place_order,1.0,True
help me recover my user password,recover_password,recover_password,1.0,True
assistance to see in which situations can i request refunds,check_refund_policy,check_refund_policy,1.0,True
can i submit the secondary delivery address,set_up_shipping_address,set_up_shipping_address,1.0,True
i want help taking a quick look at the bill #85632,check_invoice,check_invoice,1.0,True
I do not know what to do to remove a {{Account Type}} account,delete_account,delete_account,1.0,True
how could I cancel purchase {{Order Number}}?,cancel_order,cancel_order,1.0,True
what do I need to do to check your money back guarantee?,check_refund_policy,check_refund_policy,1.0,True
I want assistance to talk with a human agent,contact_human_agent,contact_human_agent,1.0,True
i have to open a platinum account,create_account,create_account,1.0,True
I need help seeing your payment options,check_payment_methods,check_payment_methods,1.0,True
what do i need to do to report prbolems with payment,payment_issue,payment_issue,1.0,True
I do not know how to see the early termination penalty,check_cancellation_fee,check_cancellation_fee,1.0,True
problems entering my delivery address,set_up_shipping_address,set_up_shipping_address,1.0,True
want assistance to check in what casew can I request refunds,check_refund_policy,check_refund_policy,1.0,True
where to see if there are any updates on my restitution,track_refund,track_refund,1.0,True
assistance checking how long the delivery takes,delivery_period,delivery_period,1.0,True
"I want to file a customer reclamation, how do I do it?",complaint,complaint,1.0,True
I would like to see the termination fee,check_cancellation_fee,check_cancellation_fee,1.0,True
i need assistance talking to an assistant,contact_human_agent,contact_human_agent,1.0,True
can uhelp me change the data on my profile,edit_account,edit_account,1.0,True
help me to see in what cases can i ask for my money back,check_refund_policy,check_refund_policy,1.0,True
I am trying to sign up to the newsletter,newsletter_subscription,newsletter_subscription,1.0,True
I do not know how I can sign up to the newsletter,newsletter_subscription,newsletter_subscription,1.0,True
want assistance lising your accepted payment methods,check_payment_methods,check_payment_methods,1.0,True
I'm trying to see the early termination charge,check_cancellation_fee,check_cancellation_fee,1.0,True
i need help to see my bill from {{Person Name}},check_invoice,check_invoice,1.0,True
"I have to submit my new delivery address, will you help me?",set_up_shipping_address,set_up_shipping_address,1.0,True
show me your allowed payment options,check_payment_methods,check_payment_methods,1.0,True
how do I check the methods for shipping?,delivery_options,delivery_options,1.0,True
where could i see the eta of order {{Order Number}},track_order,track_order,1.0,True
I try to talk to a live agent,contact_human_agent,contact_human_agent,1.0,True
change information on pro account,edit_account,edit_account,1.0,True
withdrawal hcarge,check_cancellation_fee,check_cancellation_fee,1.0,True
is it possible to take a quick look at my billl #85632,check_invoice,check_invoice,1.0,True
assistance seeing in what cases can I ask to be reimbursed,check_refund_policy,check_refund_policy,1.0,True
editdata on premium account,edit_account,edit_account,1.0,True
correct information on {{Account Category}} account,edit_account,edit_account,1.0,True
"I need to check my bill #12588, could you help me?",check_invoice,check_invoice,1.0,True
how do i ese when will my package arrive,delivery_period,delivery_period,1.0,True
I do not know what to do to report errors with registrations,registration_problems,registration_problems,1.0,True
where to update the shipping address?,change_shipping_address,change_shipping_address,1.0,True
what do i have to do to contact an agent,contact_human_agent,contact_human_agent,1.0,True
how do i check order {{Order Number}} current status,track_order,track_order,1.0,True
I do not know what to do to earn some items,place_order,place_order,1.0,True
where to purchase several products?,place_order,place_order,1.0,True
update purchase {{Order Number}},change_order,change_order,1.0,True
I want to correct purchase {{Order Number}},change_order,change_order,1.0,True
need help with canceling purchase {{Order Number}},cancel_order,cancel_order,1.0,True
I try to check in which situations can I ask for a refund,check_refund_policy,check_refund_policy,1.0,True
I'm waiting for a refund of {{Currency Symbol}}{{Refund Amount}},track_refund,track_refund,1.0,True
I want to notify of problems with signup,registration_problems,registration_problems,1.0,True
there are issues submitting a different delivery address,set_up_shipping_address,set_up_shipping_address,1.0,True
do you edliver to {{Delivery Country}}?,delivery_options,delivery_options,1.0,True
i have got to download the bill #85632 how do i do it,get_invoice,get_invoice,1.0,True
how can I cancel my subscription to the newsletter?,newsletter_subscription,newsletter_subscription,1.0,True
I have got to check what delivery methods I can choose,delivery_options,delivery_options,1.0,True
issue setting up another delivery address,set_up_shipping_address,set_up_shipping_address,1.0,True
I have to make a reclamation,complaint,complaint,1.0,True
I don't know how I can see the termination charges,check_cancellation_fee,check_cancellation_fee,1.0,True
help me to set my new shipping address up,set_up_shipping_address,set_up_shipping_address,1.0,True
see in what situations can I ask to be refunded,check_refund_policy,check_refund_policy,1.0,True
want assistance updating my account,edit_account,edit_account,1.0,True
I am trying to see how soon can I expect my shipment,delivery_period,delivery_period,1.0,True
I need assistance to correct the delivery address,change_shipping_address,change_shipping_address,1.0,True
is there a method to leave a comment for your products?,review,review,1.0,True
how to unsubscribe from ur company newsletter,newsletter_subscription,newsletter_subscription,1.0,True
need help to see in what cases can I ask for reimbursements,check_refund_policy,check_refund_policy,1.0,True
question about the cancellation of a {{Account Category}} account,delete_account,delete_account,1.0,True
i do not kow how i can create a {{Account Type}} account,create_account,create_account,1.0,True
I have to know if there is anything wrong with the rebate,track_refund,track_refund,1.0,True
I can't remove some articles from purchase {{Order Number}},change_order,change_order,1.0,True
could I edit the goddamn information on my user?,edit_account,edit_account,1.0,True
problems with deleting some productsfrom order {{Order Number}},change_order,change_order,1.0,True
want assistance to update the address,change_shipping_address,change_shipping_address,1.0,True
see in what situations can I ask for a refund,check_refund_policy,check_refund_policy,1.0,True
how can I lodge a customer claim?,complaint,complaint,1.0,True
I need help to reset the password of my profile,recover_password,recover_password,1.0,True
I want assistance placing an order,place_order,place_order,1.0,True
I need to see how soon can I expect my damn order,delivery_period,delivery_period,1.0,True
update purchase732201349959,change_order,change_order,1.0,True
what do I need to do to check the termination charge?,check_cancellation_fee,check_cancellation_fee,1.0,True
need assistance to get the invoices from {{Person Name}},get_invoice,get_invoice,1.0,True
help writing a review for your company,review,review,1.0,True
I do not know what to do to get my bills from {{Person Name}},get_invoice,get_invoice,1.0,True
I am trying to unsubscribe to your company newsletter,newsletter_subscription,newsletter_subscription,1.0,True
I want assistance sending feedback for a product,review,review,1.0,True
I want help seeing in which cases can I ask to be refunded,check_refund_policy,check_refund_policy,1.0,True
I need assistance leaving an opinion for yor services,review,review,1.0,True
help me to call customer support,contact_customer_service,contact_customer_service,1.0,True
I don't know how to download my invoice #85632,get_invoice,get_invoice,1.0,True
where could I receive your company newsletter?,newsletter_subscription,newsletter_subscription,1.0,True
I have got to get my bill from {{Person Name}},get_invoice,get_invoice,1.0,True
"I made a mistake, I want help editing order {{Order Number}}",change_order,change_order,1.0,True
assistance changing to the premium account,switch_account,switch_account,1.0,True
neeed help listing the allowed payment methods,check_payment_methods,check_payment_methods,1.0,True
issue with payments,payment_issue,payment_issue,1.0,True
i cannot create a profile where to notify of signup issues,registration_problems,registration_problems,1.0,True
need assistance to notify of an issue with sign-up,registration_problems,registration_problems,1.0,True
need to seee at what time i can contact customer support,contact_customer_service,contact_customer_service,1.0,True
I want to know about my corporate newsletter subscription,newsletter_subscription,newsletter_subscription,1.0,True
I want assistance to recover the PIN code of my profile,recover_password,recover_password,1.0,True
i neee help solving problems with payments,payment_issue,payment_issue,1.0,True
I want assistance to inform of a sign-up problem,registration_problems,registration_problems,1.0,True
I have to download the bill from {{Person Name}},get_invoice,get_invoice,1.0,True
what do I need to do to chat with somebody?,contact_human_agent,contact_human_agent,1.0,True
modifying {{Account Category}} account,edit_account,edit_account,1.0,True
where to report errors with online payment?,payment_issue,payment_issue,1.0,True
update premium account,edit_account,edit_account,1.0,True
help me to submit feedback about your products,review,review,1.0,True
cancelling {{Account Type}} account,delete_account,delete_account,1.0,True
i need assistance seeing the cancellation  charge,check_cancellation_fee,check_cancellation_fee,1.0,True
I want to change my user info,edit_account,edit_account,1.0,True
I cannot update purchase {{Order Number}},change_order,change_order,1.0,True
where to sign up to the company nmewsletter,newsletter_subscription,newsletter_subscription,1.0,True
is it possible to take a quick look at my invoice #37777,check_invoice,check_invoice,1.0,True
how do I cancel the subscription to the newsletter?,newsletter_subscription,newsletter_subscription,1.0,True
I want help to reset the password of my user,recover_password,recover_password,1.0,True
is it possible to delete my freemium account?,delete_account,delete_account,1.0,True
assistance seeing at what time I can call customer support,contact_customer_service,contact_customer_service,1.0,True
update data on pro account,edit_account,edit_account,1.0,True
I don't know how to change to the {{Account Type}} account,switch_account,switch_account,1.0,True
I am calling to get my bill #37777,get_invoice,get_invoice,1.0,True
I need help to leave a goddamn opinion about a product,review,review,1.0,True
i try to make a complaint against ur company,complaint,complaint,1.0,True
need assistance to see when my item is going to arrive,delivery_period,delivery_period,1.0,True
switch to  gold account,switch_account,switch_account,1.0,True
I need support modifying the shipping address,change_shipping_address,change_shipping_address,1.0,True
how to open a {{Account Category}} account?,create_account,create_account,1.0,True
is it possible to talk with asn operator?,contact_human_agent,contact_human_agent,1.0,True
what do I have to do to earn some items?,place_order,place_order,1.0,True
updating pro account,edit_account,edit_account,1.0,True
cnange info on freemium account,edit_account,edit_account,1.0,True
changing information on standard account,edit_account,edit_account,1.0,True
i want assistance canceling my {{Account Type}} account,delete_account,delete_account,1.0,True
"I have to check the payment methods, how can I do it?",check_payment_methods,check_payment_methods,1.0,True
see purchase {{Order Number}} current status,track_order,track_order,1.0,True
could I report a signup issue?,registration_problems,registration_problems,1.0,True
I have to see what payment options are available,check_payment_methods,check_payment_methods,1.0,True
I need to check the withdrawal fee,check_cancellation_fee,check_cancellation_fee,1.0,True
"I want to see your refund policy, how to do it?",check_refund_policy,check_refund_policy,1.0,True
"I have got to see the bills from {{Person Name}}, help me",check_invoice,check_invoice,1.0,True
I need help trying to edit the shipping address,change_shipping_address,change_shipping_address,1.0,True
how to receive a compensation of my money,get_refund,get_refund,1.0,True
change data on {{Account Type}} account,edit_account,edit_account,1.0,True
I need assistance to check what payment options you accept,check_payment_methods,check_payment_methods,1.0,True
Iwant to report an issue with online payments,payment_issue,payment_issue,1.0,True
i dont know what i need to do to get the bill #00108,get_invoice,get_invoice,1.0,True
can you help me to inform of a problem with a registration?,registration_problems,registration_problems,1.0,True
what do I have to do to set up the new shipping addeess?,set_up_shipping_address,set_up_shipping_address,1.0,True
I need assistance to speak with an assistant,contact_human_agent,contact_human_agent,1.0,True
help me creating a {{Account Category}} account for my daughter,create_account,create_account,1.0,True
there are problems entering a secondary delivery address,set_up_shipping_address,set_up_shipping_address,1.0,True
want assistance to notify of a payment problem,payment_issue,payment_issue,1.0,True
"I have to talk to customer service, how do I do it?",contact_customer_service,contact_customer_service,1.0,True
updating order {{Order Number}},change_order,change_order,1.0,True
assistance informing of an issue with registrations,registration_problems,registration_problems,1.0,True
I need to retrieve my user accountPIN,recover_password,recover_password,1.0,True
information about modifying the delivery address,change_shipping_address,change_shipping_address,1.0,True
help me sign up to the newsletter,newsletter_subscription,newsletter_subscription,1.0,True
I am trying to order several of your item,place_order,place_order,1.0,True
i cannot find my invoices from {{Person Name}},check_invoice,check_invoice,1.0,True
want help to use the {{Account Category}} account,switch_account,switch_account,1.0,True
what do Ihave to do to acquire some of your item?,place_order,place_order,1.0,True
review for a service,review,review,1.0,True
want assistance cancelling order {{Order Number}},cancel_order,cancel_order,1.0,True
wanna leave goddamn feedback about ur services,review,review,1.0,True
I need help sending my feedback for your services,review,review,1.0,True
i want assistance canceling order {{Order Number}},cancel_order,cancel_order,1.0,True
problems with creating my pro account,create_account,create_account,1.0,True
need assistanbce to make a complaint,complaint,complaint,1.0,True
can you help me listing your allowed payment methods?,check_payment_methods,check_payment_methods,1.0,True
is it possible to request rteimbursements,get_refund,get_refund,1.0,True
"I want to change to the gold account, help me",switch_account,switch_account,1.0,True
can uhelp me cancel the corporate newsetter subscription,newsletter_subscription,newsletter_subscription,1.0,True
need assistance getting a refund of my money,get_refund,get_refund,1.0,True
can you help me getting in touch with customer service?,contact_customer_service,contact_customer_service,1.0,True
wanna purchase  several products,place_order,place_order,1.0,True
can I check when my article is going to arrive?,delivery_period,delivery_period,1.0,True
i want help checking how soon can i expect my delivery,delivery_period,delivery_period,1.0,True
help me to use the pro profile,switch_account,switch_account,1.0,True
trouble setting up my secondary shipping address,set_up_shipping_address,set_up_shipping_address,1.0,True
I want assistance entering a different shipping address,set_up_shipping_address,set_up_shipping_address,1.0,True
where can I get information about shipping periods ?,delivery_period,delivery_period,1.0,True
help to list the accepted payment options,check_payment_methods,check_payment_methods,1.0,True
I have got to buy some fucking products,place_order,place_order,1.0,True
help me to lodgea complaint against ur business,complaint,complaint,1.0,True
where can I find the invoice #85632?,check_invoice,check_invoice,1.0,True
is it possibleto place an order from {{Delivery City}},delivery_options,delivery_options,1.0,True
what do I need to do to chat wth a person?,contact_human_agent,contact_human_agent,1.0,True
I try to correct order {{Order Number}},change_order,change_order,1.0,True
I have got to inform of an error with registrations,registration_problems,registration_problems,1.0,True
I need help to acquire a product,place_order,place_order,1.0,True
io want assistance to leave a comment for a service,review,review,1.0,True
"I would like to close my standard account, can you help me?",delete_account,delete_account,1.0,True
i do not know what to do to switch to the {{Account Category}} account,switch_account,switch_account,1.0,True
i dont know how i can create a freemium account,create_account,create_account,1.0,True
I'm waiting for a reimbursement of {{Refund Amount}} dollars,track_refund,track_refund,1.0,True
i dont know what to do to call customer support,contact_customer_service,contact_customer_service,1.0,True
I'm extremely unsatisfied with ur wor i wanna lodge a claim,complaint,complaint,1.0,True
want assistance updating my address,change_shipping_address,change_shipping_address,1.0,True
I do not know what to do to cancel the {{Account Type}} account,delete_account,delete_account,1.0,True
I am trying to check how long reimbursements usually tke,check_refund_policy,check_refund_policy,1.0,True
i need assistance to see how soon can i expect the article,delivery_period,delivery_period,1.0,True
download invoice from {{Person Name}},get_invoice,get_invoice,1.0,True
"I do not use my {{Account Type}} account, I want assistance cancelling it",delete_account,delete_account,1.0,True
i have to check the termination fees,check_cancellation_fee,check_cancellation_fee,1.0,True
need assistance switching to the {{Account Type}} account,switch_account,switch_account,1.0,True
I'd like to use the {{Account Type}} account,switch_account,switch_account,1.0,True
I do not know how I can speak to customer service,contact_customer_service,contact_customer_service,1.0,True
I need help to see the accepted paayment options,check_payment_methods,check_payment_methods,1.0,True
I do not know how I can make a reclamation,complaint,complaint,1.0,True
I expect an rebate of {{Refund Amount}} dollars,track_refund,track_refund,1.0,True
I want help seeing what delivery options are there,delivery_options,delivery_options,1.0,True
correct information on premium account,edit_account,edit_account,1.0,True
could I see the shipment options?,delivery_options,delivery_options,1.0,True
what do i have to do to switch to the premium account,switch_account,switch_account,1.0,True
editing order {{Order Number}},change_order,change_order,1.0,True
I need assistance checking the status of my rebate,track_refund,track_refund,1.0,True
help me usew the freemium account,switch_account,switch_account,1.0,True
update information on {{Account Category}} account,edit_account,edit_account,1.0,True
help me checking if there are any news on my refund,track_refund,track_refund,1.0,True
where can I inform of issues with payments?,payment_issue,payment_issue,1.0,True
want help talking with customer support,contact_customer_service,contact_customer_service,1.0,True
I am looking for information about the key retrieval,recover_password,recover_password,1.0,True
what do i have to do to get invoice #37777,get_invoice,get_invoice,1.0,True
could you help me to receive your newsletter?,newsletter_subscription,newsletter_subscription,1.0,True
how to lodge a reclamation against your company?,complaint,complaint,1.0,True
assistance to give a  quick look at the bill #85632,check_invoice,check_invoice,1.0,True
would you give meinformation about {{Account Type}} account removals?,delete_account,delete_account,1.0,True
can you help me getting my invoice from {{Person Name}}?,get_invoice,get_invoice,1.0,True
can i see order {{Order Number}} status,track_order,track_order,1.0,True
I want help to talk to a person,contact_human_agent,contact_human_agent,1.0,True
I want to remove some articles  from order {{Order Number}},change_order,change_order,1.0,True
I need information about the termination of my pro account,delete_account,delete_account,1.0,True
can you help me locate the invoice #37777?,check_invoice,check_invoice,1.0,True
help me to order several articles,place_order,place_order,1.0,True
could ya help me locae purchase {{Order Number}},track_order,track_order,1.0,True
is it possible to place an order from {{Delivery City}},delivery_options,delivery_options,1.0,True
I am trying to see in which cases can I ask for refunds,check_refund_policy,check_refund_policy,1.0,True
assistance to purchase something,place_order,place_order,1.0,True
I have got to speak with an operator,contact_human_agent,contact_human_agent,1.0,True
see in which situations can I request to be reimbursed,check_refund_policy,check_refund_policy,1.0,True
where can I iinform of errors with online payment?,payment_issue,payment_issue,1.0,True
can I restore my password?,recover_password,recover_password,1.0,True
can you help me check the goddamn status of the rebate?,track_refund,track_refund,1.0,True
report issues with registration,registration_problems,registration_problems,1.0,True
what do I ned to do to talk to someone?,contact_human_agent,contact_human_agent,1.0,True
"I cannot afford this order, cancel purchase {{Order Number}}",cancel_order,cancel_order,1.0,True
do uship to {{Delivery City}},delivery_options,delivery_options,1.0,True
I need supports trying to update the shipping address,change_shipping_address,change_shipping_address,1.0,True
I need assistance to request refunds of my money,get_refund,get_refund,1.0,True
i cannot pay i have to report goddamn payment issues,payment_issue,payment_issue,1.0,True
i cant modify order {{Order Number}},change_order,change_order,1.0,True
"I have got to list your bloody payment options, I need help",check_payment_methods,check_payment_methods,1.0,True
could i swap some goddamn products of order {{Order Number}},change_order,change_order,1.0,True
"I have forgotten my user account key, help to restore it",recover_password,recover_password,1.0,True
change info on premium account,edit_account,edit_account,1.0,True
help to see in what cases can I ask for a reimbursement,check_refund_policy,check_refund_policy,1.0,True
where do I check how soon can I expect the delivery ?,delivery_period,delivery_period,1.0,True
i dont know what to do to list the payment options,check_payment_methods,check_payment_methods,1.0,True
need help to request rebates of my money,get_refund,get_refund,1.0,True
"I want to delete a {{Account Type}} account, help me",delete_account,delete_account,1.0,True
i nedd supports editing my address,change_shipping_address,change_shipping_address,1.0,True
I am trying to see the current status of the compensation,track_refund,track_refund,1.0,True
where do I list the payment options?,check_payment_methods,check_payment_methods,1.0,True
I do not know how I can switch to the pro account,switch_account,switch_account,1.0,True
I don't know what to do to see the available payment methods,check_payment_methods,check_payment_methods,1.0,True
I have got to acquire several of your article,place_order,place_order,1.0,True
removing {{Account Type}} acconut,delete_account,delete_account,1.0,True
filing consumer claim against ur organizzation,complaint,complaint,1.0,True
help me setting up another delivery address,set_up_shipping_address,set_up_shipping_address,1.0,True
i want help to send feedback for ur services,review,review,1.0,True
"I have got to see how long the shipment takes, I need help",delivery_period,delivery_period,1.0,True
could uhelp me requesting a rebate of money,get_refund,get_refund,1.0,True
what do i have to do to inform of errors with payment,payment_issue,payment_issue,1.0,True
could you help me reset the PIN of my user profile?,recover_password,recover_password,1.0,True
help me to check the current status of order {{Order Number}},track_order,track_order,1.0,True
canmcel order {{Order Number}},cancel_order,cancel_order,1.0,True
can i check in which situations can i request a refund,check_refund_policy,check_refund_policy,1.0,True
help me entering the secondary delivery address,set_up_shipping_address,set_up_shipping_address,1.0,True
I cannot edit my shipping address,change_shipping_address,change_shipping_address,1.0,True
receiving rebate,get_refund,get_refund,1.0,True
where do I check the ETA of purchase {{Order Number}}?,track_order,track_order,1.0,True
I need help purchasing several of your product,place_order,place_order,1.0,True
can you help  me report problems with a sign-up?,registration_problems,registration_problems,1.0,True
want help to inform of issues with online payments,payment_issue,payment_issue,1.0,True
i need assistance to take a quick look at invoicee #00108,check_invoice,check_invoice,1.0,True
can you help me recover my account PIN code?,recover_password,recover_password,1.0,True
I have to see at what time I can reach customer service,contact_customer_service,contact_customer_service,1.0,True
I need help giving an quick look at my bill #85632,check_invoice,check_invoice,1.0,True
termination charges,check_cancellation_fee,check_cancellation_fee,1.0,True
new {{Account Category}} acount,create_account,create_account,1.0,True
assistance to restore the PIN of my account,recover_password,recover_password,1.0,True
need to submit my feedback for a service can uhelp me,review,review,1.0,True
how do I see your reimbursement policy?,check_refund_policy,check_refund_policy,1.0,True
"I am trying to find the shipping periods, can you help me?",delivery_period,delivery_period,1.0,True
i expect a refund of {{Refund Amount}} dollars,track_refund,track_refund,1.0,True
I need help leaving a comment for your services,review,review,1.0,True
what do I have to do to enter my new shipping address?,set_up_shipping_address,set_up_shipping_address,1.0,True
need help talking with an operator,contact_human_agent,contact_human_agent,1.0,True
help me cancel purchase {{Order Number}},cancel_order,cancel_order,1.0,True
can you help me to inform of an error with online payment?,payment_issue,payment_issue,1.0,True
I do not know how to download my invoice from {{Person Name}},get_invoice,get_invoice,1.0,True
i want assistance contacting a person,contact_human_agent,contact_human_agent,1.0,True
correct information on gold account,edit_account,edit_account,1.0,True
I want help buying an article,place_order,place_order,1.0,True
"I need to see how soon can I expect my item, how to do it?",delivery_period,delivery_period,1.0,True
i have got to track my refund,track_refund,track_refund,1.0,True
"I have to see your payment methods, can I get some help?",check_payment_methods,check_payment_methods,1.0,True
checking allowed payment methods,check_payment_methods,check_payment_methods,1.0,True
show me what hours i can call customer assistance,contact_customer_service,contact_customer_service,1.0,True
I try to file a  claim,complaint,complaint,1.0,True
what do I have to do to see the delivery options?,delivery_options,delivery_options,1.0,True
how can I modify some of the details on my user account?,edit_account,edit_account,1.0,True
"I paid {{Currency Symbol}}{{Refund Amount}} for a purchase, how to receive a compensation?",get_refund,get_refund,1.0,True
"my experience with you has been bad, make a customer claim",complaint,complaint,1.0,True
upddate order {{Order Number}},change_order,change_order,1.0,True
i need help seeing the cancellation fee,check_cancellation_fee,check_cancellation_fee,1.0,True
there is anything new on the reimbursement,track_refund,track_refund,1.0,True
help me set up the shipping address,set_up_shipping_address,set_up_shipping_address,1.0,True
can uhelp me locating order {{Order Number}},track_order,track_order,1.0,True
correct data on {{Account Type}} account,edit_account,edit_account,1.0,True
I do not know how to inofrm of registration problems,registration_problems,registration_problems,1.0,True
want help to inform of errors wwith registrations,registration_problems,registration_problems,1.0,True
what is the shpiping period?,delivery_period,delivery_period,1.0,True
want help canceling the corporate newsletter subscription,newsletter_subscription,newsletter_subscription,1.0,True
se up new delivery address,set_up_shipping_address,set_up_shipping_address,1.0,True
wanna see ur accepted payment options can ya help me,check_payment_methods,check_payment_methods,1.0,True
how to see the reimbursement current status,track_refund,track_refund,1.0,True
question about cancelling purchase {{Order Number}},cancel_order,cancel_order,1.0,True
I do not know how to demand a reimbursement,get_refund,get_refund,1.0,True
wanna list the bloody accepted payment options how to do it,check_payment_methods,check_payment_methods,1.0,True
help me talking to customer service,contact_customer_service,contact_customer_service,1.0,True
"I do not understand you, can you help me talk to a person?",contact_human_agent,contact_human_agent,1.0,True
can i see tye eta of purchase {{Order Number}},track_order,track_order,1.0,True
where can I check how soon can I expect the product?,delivery_period,delivery_period,1.0,True
help seeing what delivery options I can choose,delivery_options,delivery_options,1.0,True
help me to sign up to the company newsletter,newsletter_subscription,newsletter_subscription,1.0,True
where do I know if there is anything wrong with my rebate?,track_refund,track_refund,1.0,True
is it possible to check your fucking payment methods?,check_payment_methods,check_payment_methods,1.0,True
I don't know what I have to do to reset my pass,recover_password,recover_password,1.0,True
I have to see in which cases can I request a reimbursement,check_refund_policy,check_refund_policy,1.0,True
can uhelp me file a customer reclamation,complaint,complaint,1.0,True
how do I check your money back policy ?,check_refund_policy,check_refund_policy,1.0,True
how could I edit the information on my user?,edit_account,edit_account,1.0,True
"the fucking shipping address changed, could you update it?",change_shipping_address,change_shipping_address,1.0,True
look for bill from {{Person Name}},check_invoice,check_invoice,1.0,True
would it be possible to check the shipping methods?,delivery_options,delivery_options,1.0,True
how to get bill #85632,get_invoice,get_invoice,1.0,True
I do not know what I need to do to obtain a reimbursement,get_refund,get_refund,1.0,True
I don't know what I have to do to reset my user account ppwd,recover_password,recover_password,1.0,True
help seeing when will my package arrive,delivery_period,delivery_period,1.0,True
"I would like to write a review, help me",review,review,1.0,True
I have a problem with cancelling order {{Order Number}},cancel_order,cancel_order,1.0,True
how do I check order {{Order Number}} current status?,track_order,track_order,1.0,True
how to swap some goddamn articles of order {{Order Number}}?,change_order,change_order,1.0,True
I can't enter the shipping address,set_up_shipping_address,set_up_shipping_address,1.0,True
shipnents to {{Delivery Country}},delivery_options,delivery_options,1.0,True
changing order {{Order Number}},change_order,change_order,1.0,True
I do not know what to do to inform of issues with a sign-up,registration_problems,registration_problems,1.0,True
checking invoices from 10 purchases ago,check_invoice,check_invoice,1.0,True
find information about the termination of a platinum account,delete_account,delete_account,1.0,True
I want assitsance contacting somebody,contact_human_agent,contact_human_agent,1.0,True
help me to see what shipment methods you offer,delivery_options,delivery_options,1.0,True
modify order00004587345,change_order,change_order,1.0,True
i need  information about receiving ur newsletter,newsletter_subscription,newsletter_subscription,1.0,True
is it possible to check when my item is gonna arrive,delivery_period,delivery_period,1.0,True
wanna report problems with online payment,payment_issue,payment_issue,1.0,True
help to see order {{Order Number}} current status,track_order,track_order,1.0,True
there are errors trying to change the shipping address,change_shipping_address,change_shipping_address,1.0,True
help to check in whta situations can I ask to be refunded,check_refund_policy,check_refund_policy,1.0,True
"I have to talk to customer service, I need assistance",contact_customer_service,contact_customer_service,1.0,True
help me to speak to somebody,contact_human_agent,contact_human_agent,1.0,True
what do I have to do to cancel order {{Order Number}}?,cancel_order,cancel_order,1.0,True
is it possible to contactr a person,contact_human_agent,contact_human_agent,1.0,True
where can I lodge a customer reclamation?,complaint,complaint,1.0,True
I don't know what I have to do to look for invoice #00108,check_invoice,check_invoice,1.0,True
were can i see the allowed payment modalities,check_payment_methods,check_payment_methods,1.0,True
i have to get my invoicxes from {{Person Name}},get_invoice,get_invoice,1.0,True
"I need to change to the {{Account Category}} account, how to do it?",switch_account,switch_account,1.0,True
I do not know what I need to do to speak with an assistant,contact_human_agent,contact_human_agent,1.0,True
how do I download the goddamn invoice from {{Person Name}}?,get_invoice,get_invoice,1.0,True
I need assistance buying a product,place_order,place_order,1.0,True
I am waiting for an restitution of {{Refund Amount}} dollars,track_refund,track_refund,1.0,True
creating new platinum account,create_account,create_account,1.0,True
i dont know what i have to od to download my invoice #00108,get_invoice,get_invoice,1.0,True
"I lost my access key, help me retrieving it",recover_password,recover_password,1.0,True
I have to see the withdrawal penalties,check_cancellation_fee,check_cancellation_fee,1.0,True
need to leave feedback for a product,review,review,1.0,True
I have to see what payment payment modalities are accepted,check_payment_methods,check_payment_methods,1.0,True
there is an error submitting my secondary delivery address,set_up_shipping_address,set_up_shipping_address,1.0,True
how to switch an item of purchase {{Order Number}},change_order,change_order,1.0,True
I ned assistance solving an error with payments,payment_issue,payment_issue,1.0,True
"I want to check the goddamn rebate status, how to do it?",track_refund,track_refund,1.0,True
i do not know what i have to do to delete the {{Account Type}} account,delete_account,delete_account,1.0,True
where can I see the fucking status of order {{Order Number}}?,track_order,track_order,1.0,True
help me to lodge a consumer claim,complaint,complaint,1.0,True
i made an mistake could i modify order {{Order Number}},change_order,change_order,1.0,True
can i speak with a humanagent,contact_human_agent,contact_human_agent,1.0,True
locating order {{Order Number}},track_order,track_order,1.0,True
what do I have to do to acquire some products?,place_order,place_order,1.0,True
"I do not want my freemium account, assistance canceling it",delete_account,delete_account,1.0,True
I want information about the shipping period,delivery_period,delivery_period,1.0,True
need to change the info included on my user,edit_account,edit_account,1.0,True
where do I see the cancellation charges?,check_cancellation_fee,check_cancellation_fee,1.0,True
I dp not know how to cancel order {{Order Number}},cancel_order,cancel_order,1.0,True
can ya tell me ur acepted payment modalities,check_payment_methods,check_payment_methods,1.0,True
problem with {{Account Type}} account deletions,delete_account,delete_account,1.0,True
I have issues trying to update my shipping address,change_shipping_address,change_shipping_address,1.0,True
look for my damn bill from {{Person Name}},check_invoice,check_invoice,1.0,True
I want help to cancel order {{Order Number}},cancel_order,cancel_order,1.0,True
how to check how soon can I expect my item?,delivery_period,delivery_period,1.0,True
"I don't have a premium account, how do I sign up?",create_account,create_account,1.0,True
"I need to shop some fucking articles, could I get some help?",place_order,place_order,1.0,True
report issues with payment,payment_issue,payment_issue,1.0,True
Ihave to receive the newsletter,newsletter_subscription,newsletter_subscription,1.0,True
I am trying to change my address,change_shipping_address,change_shipping_address,1.0,True
I need help to receive a compensation of money,get_refund,get_refund,1.0,True
help me filing a reclamation against ur business,complaint,complaint,1.0,True
seeingbill from {{Person Name}},check_invoice,check_invoice,1.0,True
how do I check when my package is going to arrive?,delivery_period,delivery_period,1.0,True
i need help to unsubscribe to the company newsleter,newsletter_subscription,newsletter_subscription,1.0,True
I want help getting my invoice from {{Person Name}},get_invoice,get_invoice,1.0,True
can you help me retrieve my user access key?,recover_password,recover_password,1.0,True
i do not know how i can write a comment for a service,review,review,1.0,True
I expect a rebate of {{Refund Amount}} dollars,track_refund,track_refund,1.0,True
check order {{Order Number}} current status,track_order,track_order,1.0,True
i dont know what i need to do to check the withdrawal fees,check_cancellation_fee,check_cancellation_fee,1.0,True
I call to check when my product is going to arrive,delivery_period,delivery_period,1.0,True
I don't know what I have to do to call customer support,contact_customer_service,contact_customer_service,1.0,True
requesting rebate,get_refund,get_refund,1.0,True
I need assistance informing of problems with online payments,payment_issue,payment_issue,1.0,True
i dont know how to see ur accepted payment modalities,check_payment_methods,check_payment_methods,1.0,True
help to notify of errors with online payments,payment_issue,payment_issue,1.0,True
assistance giving an quick look at my invoice from {{Person Name}},check_invoice,check_invoice,1.0,True
what do I need to do to see the early termination penalty?,check_cancellation_fee,check_cancellation_fee,1.0,True
help me to contact an operator,contact_human_agent,contact_human_agent,1.0,True
help to chat with a person,contact_human_agent,contact_human_agent,1.0,True
is it possible to write a review about ur rpoducts,review,review,1.0,True
want assistance checking the restitution status,track_refund,track_refund,1.0,True
I do not know how to check the bills from {{Person Name}},check_invoice,check_invoice,1.0,True
creating new freemium account for daughter,create_account,create_account,1.0,True
is it possible to place an order from {{Delivery City}} ?,delivery_options,delivery_options,1.0,True
need help oirdering several items,place_order,place_order,1.0,True
assistance seeing how soon can I expect my article,delivery_period,delivery_period,1.0,True
help me see when my item is going to arrive,delivery_period,delivery_period,1.0,True
how can I create a {{Account Category}} account?,create_account,create_account,1.0,True
need asistance to modify purchase {{Order Number}},change_order,change_order,1.0,True
refunding {{Refund Amount}} dollars,get_refund,get_refund,1.0,True
shipmetns to {{Delivery City}},delivery_options,delivery_options,1.0,True
checking early exit fee,check_cancellation_fee,check_cancellation_fee,1.0,True
i cannot locate order {{Order Number}},track_order,track_order,1.0,True
I want assistance to see the fucking status of the rebate,track_refund,track_refund,1.0,True
I try to see in what cases can I request a reimbursement,check_refund_policy,check_refund_policy,1.0,True
need to see at what time i can contact customer service,contact_customer_service,contact_customer_service,1.0,True
want assistance solving troubles with online payment,payment_issue,payment_issue,1.0,True
find information about my access key retrieval,recover_password,recover_password,1.0,True
I am calling to leave a review for your services,review,review,1.0,True
earn several of your prodcuct,place_order,place_order,1.0,True
"I have lost bill #12588, can you mail it to me?",get_invoice,get_invoice,1.0,True
I have to give a quick look at the invoice #00108,check_invoice,check_invoice,1.0,True
I need help to cancel my newsletter subscription,newsletter_subscription,newsletter_subscription,1.0,True
i call to check how long it takes for my delivery to arrive,delivery_period,delivery_period,1.0,True
editing standard  account,edit_account,edit_account,1.0,True
"I can't afford order {{Order Number}}, help me cancelling it",cancel_order,cancel_order,1.0,True
modify information on {{Account Category}} account,edit_account,edit_account,1.0,True
need to check the withdrawal penalty will uhelp me,check_cancellation_fee,check_cancellation_fee,1.0,True
want help to file a consumer claim against your organization,complaint,complaint,1.0,True
open {{Account Type}} account for wife,create_account,create_account,1.0,True
is it possible to place an order from {{Delivery Country}},delivery_options,delivery_options,1.0,True
need help removing several items from order {{Order Number}},change_order,change_order,1.0,True
need help getting the invoices from {{Person Name}},get_invoice,get_invoice,1.0,True
find my bill from {{Person Name}},check_invoice,check_invoice,1.0,True
open a standard acocunt,create_account,create_account,1.0,True
I need assistance to cancel purchase {{Order Number}},cancel_order,cancel_order,1.0,True
can you tell me the available payment options?,check_payment_methods,check_payment_methods,1.0,True
I am trying to get reimbursements of my money,get_refund,get_refund,1.0,True
I need assistance to report issues with signup,registration_problems,registration_problems,1.0,True
how do i change a product of purchase {{Order Number}},change_order,change_order,1.0,True
help talking to customer assistance,contact_customer_service,contact_customer_service,1.0,True
i cannot check if there is anything new on the rebate,track_refund,track_refund,1.0,True
can I change to the {{Account Category}} account?,switch_account,switch_account,1.0,True
updating {{Account Category}} account,edit_account,edit_account,1.0,True
i dont know what i have to do to talk with customer service,contact_customer_service,contact_customer_service,1.0,True
i need assstance to check how soon can i expect the order,delivery_period,delivery_period,1.0,True
i bought some product help me canceling order {{Order Number}},cancel_order,cancel_order,1.0,True
I don't know how I could track the compensation,track_refund,track_refund,1.0,True
wanna see how long refunds take help me,check_refund_policy,check_refund_policy,1.0,True
i do not know what i need to do to delete a {{Account Category}} acclunt,delete_account,delete_account,1.0,True
i dont know what to do to open a pro account for my dad,create_account,create_account,1.0,True
help me see the termination charge,check_cancellation_fee,check_cancellation_fee,1.0,True
what do I have to do to delete a {{Account Type}} account?,delete_account,delete_account,1.0,True
cancel {{Account Type}} account,delete_account,delete_account,1.0,True
problems with creating a gold account,create_account,create_account,1.0,True
I do not know what to do to write a comment about a product,review,review,1.0,True
I don't know what I have to do to receive your newsletter,newsletter_subscription,newsletter_subscription,1.0,True
I need assistance obtaining rebates of money,get_refund,get_refund,1.0,True
help me receive your corporate newsletter,newsletter_subscription,newsletter_subscription,1.0,True
i dont understand ucould i contact a bloody live aent,contact_human_agent,contact_human_agent,1.0,True
i want help retrieving the pass of my profile,recover_password,recover_password,1.0,True
is it possible to delete a premium  account,delete_account,delete_account,1.0,True
I'm waiting for a bloody compensation of {{Currency Symbol}}{{Refund Amount}},track_refund,track_refund,1.0,True
I call to download bill #00108,get_invoice,get_invoice,1.0,True
where do I inform of problems with online payments?,payment_issue,payment_issue,1.0,True
need assistance to request a compensation of money,get_refund,get_refund,1.0,True
can i place an order from {{Delivery Country}},delivery_options,delivery_options,1.0,True
could you tell me about changing my delivery address?,change_shipping_address,change_shipping_address,1.0,True
how do i use the premium account,switch_account,switch_account,1.0,True
is it possible to check the cancellation penalty,check_cancellation_fee,check_cancellation_fee,1.0,True
update purchase00123842,change_order,change_order,1.0,True
hsipping to {{Delivery Country}},delivery_options,delivery_options,1.0,True
where could i see when my order is gonna arrive,delivery_period,delivery_period,1.0,True
I try to lodge a consumer claim against your company,complaint,complaint,1.0,True
I have issues correcting the address,change_shipping_address,change_shipping_address,1.0,True
i dont know how to check ur payment modalities,check_payment_methods,check_payment_methods,1.0,True
"I expect a compensation of {{Currency Symbol}}{{Refund Amount}}, was it processed already",track_refund,track_refund,1.0,True
i want help to list ur allowed payment modalities,check_payment_methods,check_payment_methods,1.0,True
I need hdlp to submit my feedback for a product,review,review,1.0,True
i awnt assistance submitting feedback about ur company,review,review,1.0,True
i want help to shop a product,place_order,place_order,1.0,True
is it possible to order from {{Delivery City}}?,delivery_options,delivery_options,1.0,True
can I use the premium profile?,switch_account,switch_account,1.0,True
could ya help me check the compensation current status,track_refund,track_refund,1.0,True
I needassistance sending some feedback about your company,review,review,1.0,True
i dont know how i can submit the secondary shipping address,set_up_shipping_address,set_up_shipping_address,1.0,True
i have a question about cancelling oorder {{Order Number}},cancel_order,cancel_order,1.0,True
i have to see the early exit epnalty how to do it,check_cancellation_fee,check_cancellation_fee,1.0,True
need to update the info included on my profile how to do it,edit_account,edit_account,1.0,True
I am trying to recover the pass of my profile,recover_password,recover_password,1.0,True
"I bought some items, cancel order {{Order Number}}",cancel_order,cancel_order,1.0,True
i ned assistance switching to the {{Account Type}} account,switch_account,switch_account,1.0,True
i dont know how to check when my product is gonna arrive,delivery_period,delivery_period,1.0,True
can you help me switching to the {{Account Category}} account?,switch_account,switch_account,1.0,True
I don't know how to see the early exit charges,check_cancellation_fee,check_cancellation_fee,1.0,True
can i check the withdrawal penalty,check_cancellation_fee,check_cancellation_fee,1.0,True
is it possible to shop some items?,place_order,place_order,1.0,True
can you help me contacting a person?,contact_human_agent,contact_human_agent,1.0,True
checking invoice #37777,check_invoice,check_invoice,1.0,True
do uship to {{Delivery City}},delivery_options,delivery_options,1.0,True
i do not know how i can see the avalable payment methods,check_payment_methods,check_payment_methods,1.0,True
want help writing an comment for your services,review,review,1.0,True
is it possible to demand a damn compensation,get_refund,get_refund,1.0,True
need to check how long the goddamn refunds take help me,check_refund_policy,check_refund_policy,1.0,True
where do i cancel order {{Order Number}},cancel_order,cancel_order,1.0,True
is there a section to submit fedback for your company?,review,review,1.0,True
help me see the early termination penalties,check_cancellation_fee,check_cancellation_fee,1.0,True
can i subscribe to ur corporate newsletter,newsletter_subscription,newsletter_subscription,1.0,True
assistance seeing how long it takes for my order to arrive,delivery_period,delivery_period,1.0,True
help me to see when my shipment is going to arrive,delivery_period,delivery_period,1.0,True
assistance to remove an item from order {{Order Number}},change_order,change_order,1.0,True
i have to speak to an assistant,contact_human_agent,contact_human_agent,1.0,True
i cant inform of sign-up errors,registration_problems,registration_problems,1.0,True
"I purchased some items, cancel order {{Order Number}}",cancel_order,cancel_order,1.0,True
I do not know how I can cancel the pro acconut,delete_account,delete_account,1.0,True
I have got to send feedback for a product,review,review,1.0,True
how to see the early termination charges?,check_cancellation_fee,check_cancellation_fee,1.0,True
how could I see the payment methods?,check_payment_methods,check_payment_methods,1.0,True
where could I cancel purchase {{Order Number}}?,cancel_order,cancel_order,1.0,True
editing {{Account Category}}  account,edit_account,edit_account,1.0,True
I want help to see the withdrawal penalty,check_cancellation_fee,check_cancellation_fee,1.0,True
I want help downloading invoice #85632,get_invoice,get_invoice,1.0,True
i dont know how to resetthe damn pwd of my user account,recover_password,recover_password,1.0,True
"I need to acqire some of your item, can you help me?",place_order,place_order,1.0,True
I'm trying to download the invoice #37777,get_invoice,get_invoice,1.0,True
can you help me seeing the accetped payment methods?,check_payment_methods,check_payment_methods,1.0,True
I need assistance trying to change my address,change_shipping_address,change_shipping_address,1.0,True
can you help me to report a problem with online payment?,payment_issue,payment_issue,1.0,True
need help reporting errors with online payments,payment_issue,payment_issue,1.0,True
updating details on {{Account Category}} account,edit_account,edit_account,1.0,True
I want assistance to check your allowed payment modalities,check_payment_methods,check_payment_methods,1.0,True
how can i check how logn it takes for the package to arrive,delivery_period,delivery_period,1.0,True
where do I acquire some items?,place_order,place_order,1.0,True
i dont know how i can speak with customer service,contact_customer_service,contact_customer_service,1.0,True
updating data on {{Account Category}} account,edit_account,edit_account,1.0,True
i dont know what i have to do to download the invoice #12588,get_invoice,get_invoice,1.0,True
can you help me to report a trouble with payments?,payment_issue,payment_issue,1.0,True
i try to acquire some items,place_order,place_order,1.0,True
want help to retrieve my user account key,recover_password,recover_password,1.0,True
is it possible to enter another shipping address,set_up_shipping_address,set_up_shipping_address,1.0,True
help me to check ur avialable payment options,check_payment_methods,check_payment_methods,1.0,True
i have to subscribe to the corporate newsletter,newsletter_subscription,newsletter_subscription,1.0,True
deleting {{Account Type}} accoumt,delete_account,delete_account,1.0,True
open {{Account Category}} account,create_account,create_account,1.0,True
how can I check bill  #12588?,check_invoice,check_invoice,1.0,True
can you show me what goddamn payment options you accept?,check_payment_methods,check_payment_methods,1.0,True
i want help solving issues with online payment,payment_issue,payment_issue,1.0,True
making customer reclamation against ur company,complaint,complaint,1.0,True
I want to talk with customer support,contact_customer_service,contact_customer_service,1.0,True
want help seeing the withdrawal charge,check_cancellation_fee,check_cancellation_fee,1.0,True
I do not know how to notify of signup errors,registration_problems,registration_problems,1.0,True
how can i tfack purchase {{Order Number}},track_order,track_order,1.0,True
help to demand a rebate of my money,get_refund,get_refund,1.0,True
I have to add something to order {{Order Number}},change_order,change_order,1.0,True
create {{Account Type}} cacount,create_account,create_account,1.0,True
i need help with cancelling order {{Order Number}},cancel_order,cancel_order,1.0,True
i need help to check the rebate current status,track_refund,track_refund,1.0,True
I cannot submit a different delivery addrdss,set_up_shipping_address,set_up_shipping_address,1.0,True
problems submitting a delivery address,set_up_shipping_address,set_up_shipping_address,1.0,True
I call to see when my package is going to arrive,delivery_period,delivery_period,1.0,True
I want to acquire sevearl of your article,place_order,place_order,1.0,True
where to get a restitution of my money,get_refund,get_refund,1.0,True
i cant see the status of order {{Order Number}},track_order,track_order,1.0,True
i need assistance to leave a review about a product,review,review,1.0,True
I  cannot set up my shipping address,set_up_shipping_address,set_up_shipping_address,1.0,True
I'd liek to check the invoices from {{Person Name}} how to do it,check_invoice,check_invoice,1.0,True
i have got to see at what time customer support available is,contact_customer_service,contact_customer_service,1.0,True
where to check the ETA of purchase {{Order Number}},track_order,track_order,1.0,True
show me what payment methods are accepted,check_payment_methods,check_payment_methods,1.0,True
i want assistance to cancel purchase {{Order Number}},cancel_order,cancel_order,1.0,True
"I can't pay, how do I inform of payment errors?",payment_issue,payment_issue,1.0,True
assistance to leave a comment about ur services,review,review,1.0,True
can uhelp me to see the withdrawal fee,check_cancellation_fee,check_cancellation_fee,1.0,True
want help checking in what situations can I ask for a refund,check_refund_policy,check_refund_policy,1.0,True
error entering a goddamn different shipping address,set_up_shipping_address,set_up_shipping_address,1.0,True
"I need to write a review about a service, how to do it?",review,review,1.0,True
change information on {{Account Category}} account,edit_account,edit_account,1.0,True
I cannot find anything about the withdrawal penalties,check_cancellation_fee,check_cancellation_fee,1.0,True
assistance seeing how soon can i expect the article,delivery_period,delivery_period,1.0,True
could you help me unsubscribe from your bloody newsletter?,newsletter_subscription,newsletter_subscription,1.0,True
ned assistance to switch to the bloody platinum account,switch_account,switch_account,1.0,True
check in which cases can I ask for a fucking reimbursement,check_refund_policy,check_refund_policy,1.0,True
how to see the ETA of order {{Order Number}}?,track_order,track_order,1.0,True
i cant change some items of order {{Order Number}},change_order,change_order,1.0,True
is it possible to set another goddamn delivery address up?,set_up_shipping_address,set_up_shipping_address,1.0,True
how do i download my bill #37777,get_invoice,get_invoice,1.0,True
"I want to report errors with payment, can I get some help?",payment_issue,payment_issue,1.0,True
I need assistance checking how soon can I expect my delivery,delivery_period,delivery_period,1.0,True
I need help to see the ETA of the purchase {{Order Number}},track_order,track_order,1.0,True
editing data on {{Account Category}} account,edit_account,edit_account,1.0,True
how to switch to the {{Account Type}} account?,switch_account,switch_account,1.0,True
i do not know what to do to get my invoice from {{Person Name}},get_invoice,get_invoice,1.0,True
i have a problem changing my delivery address,change_shipping_address,change_shipping_address,1.0,True
"I need to edit my bloody user, will you help me?",edit_account,edit_account,1.0,True
where do I get invoice #00108?,get_invoice,get_invoice,1.0,True
"I have got to order a few of your item, how do I do it?",place_order,place_order,1.0,True
what do i have to do to check  ur damn reimbursement policy,check_refund_policy,check_refund_policy,1.0,True
check what payment options are available,check_payment_methods,check_payment_methods,1.0,True
I do not know how to see your money back guarantee,check_refund_policy,check_refund_policy,1.0,True
I need help with canxeling purchase {{Order Number}},cancel_order,cancel_order,1.0,True
"I can't register, can I notify of registration problems?",registration_problems,registration_problems,1.0,True
"I have to check how soon can I expect my parcel, help me",delivery_period,delivery_period,1.0,True
"I do not need the {{Account Category}} account, can I cancel it?",delete_account,delete_account,1.0,True
cancel purchase {{Order Number}},cancel_order,cancel_order,1.0,True
need to talk to customer service will ya helpme,contact_customer_service,contact_customer_service,1.0,True
I can't submit a new shipping address,set_up_shipping_address,set_up_shipping_address,1.0,True
i need support trying to chane my delivery address,change_shipping_address,change_shipping_address,1.0,True
i dont know what to do to modify my bloody user account,edit_account,edit_account,1.0,True
is it possible to place a order from {{Delivery Country}}?,delivery_options,delivery_options,1.0,True
where do i leave a review about a service,review,review,1.0,True
want assistance to see the payment modalities,check_payment_methods,check_payment_methods,1.0,True
wanna locate purchase {{Order Number}} can i get some help,track_order,track_order,1.0,True
where  do i check the withdrawal penalties,check_cancellation_fee,check_cancellation_fee,1.0,True
cn I place an order from {{Delivery City}}?,delivery_options,delivery_options,1.0,True
i have got to see my invoice #12588 how can i do it,check_invoice,check_invoice,1.0,True
assistance checking howlong reimbursements take,check_refund_policy,check_refund_policy,1.0,True
can ya help me to check ur reimbursement policy,check_refund_policy,check_refund_policy,1.0,True
can you help me obtain a compensation of my money?,get_refund,get_refund,1.0,True
i call to write a comment for ur products,review,review,1.0,True
I don't know what to do to check the termination fee,check_cancellation_fee,check_cancellation_fee,1.0,True
find information about shipping period,delivery_period,delivery_period,1.0,True
I nerd to check the ETA of the purchase {{Order Number}},track_order,track_order,1.0,True
can uhlep me getting my fucking bill from {{Person Name}},get_invoice,get_invoice,1.0,True
assistance to check the early exit penalty,check_cancellation_fee,check_cancellation_fee,1.0,True
correcting information on standard account,edit_account,edit_account,1.0,True
correcting info on standard aqccount,edit_account,edit_account,1.0,True
i cant unsubscribe to the company newsletter,newsletter_subscription,newsletter_subscription,1.0,True
I do not know how to reset my user profile PIN code,recover_password,recover_password,1.0,True
where to subscribe to the newsletter ?,newsletter_subscription,newsletter_subscription,1.0,True
mail me the bills from {{Person Name}},get_invoice,get_invoice,1.0,True
can you help me check what delivery methods are available?,delivery_options,delivery_options,1.0,True
where do I leave some feedback about a product?,review,review,1.0,True
I want help creating a {{Account Category}} account,create_account,create_account,1.0,True
send me invoice #00108,get_invoice,get_invoice,1.0,True
I don't know what I have to do to order several products,place_order,place_order,1.0,True
help to locate my bills from {{Person Name}},check_invoice,check_invoice,1.0,True
need to set up the secondary shipping address,set_up_shipping_address,set_up_shipping_address,1.0,True
i have got to track purchase {{Order Number}} help me,track_order,track_order,1.0,True
can i see what payment payment modalities are available,check_payment_methods,check_payment_methods,1.0,True
where could i check order {{Order Number}} fucking curent status,track_order,track_order,1.0,True
I am trying to see your allowed payment methods,check_payment_methods,check_payment_methods,1.0,True
can you help me to see when my product is going to arrive?,delivery_period,delivery_period,1.0,True
i have to modify purchase {{Order Number}} help me,change_order,change_order,1.0,True
how can I get the invoices from {{Person Name}}?,get_invoice,get_invoice,1.0,True
what do I have to do to sign up to your damn newsletter?,newsletter_subscription,newsletter_subscription,1.0,True
i want help to speak with a human agent,contact_human_agent,contact_human_agent,1.0,True
how can I change my personal data?,edit_account,edit_account,1.0,True
give me information about opening a {{Account Type}} account,create_account,create_account,1.0,True
I call to see when my goddamn package is going to arrive,delivery_period,delivery_period,1.0,True
can you help me chatting with a person?,contact_human_agent,contact_human_agent,1.0,True
assistance filing a claim against your organization,complaint,complaint,1.0,True
show me how long it takes for my parcel to arrive,delivery_period,delivery_period,1.0,True
help adding several products to purchase {{Order Number}},change_order,change_order,1.0,True
there is an error trying to correct the delivery address,change_shipping_address,change_shipping_address,1.0,True
i do not know what to do to notify of a sign-up issue,registration_problems,registration_problems,1.0,True
correcting information on {{Account Type}} account,edit_account,edit_account,1.0,True
"I do not have a pro account yet, help me register",create_account,create_account,1.0,True
"I expect a restitution of {{Currency Symbol}}{{Refund Amount}}, was it processed already",track_refund,track_refund,1.0,True
i do not know what i need to do to download bill #00108,get_invoice,get_invoice,1.0,True
i have lost  my pwd could i reset it,recover_password,recover_password,1.0,True
I have an issue correcting my damn delivery address,change_shipping_address,change_shipping_address,1.0,True
want help norifying of a payment issue,payment_issue,payment_issue,1.0,True
can I reset m user pass?,recover_password,recover_password,1.0,True
need assistance looking for the invoice from {{Person Name}},check_invoice,check_invoice,1.0,True
how can I enter my secondary delivery address?,set_up_shipping_address,set_up_shipping_address,1.0,True
i need assistance to buy some articles,place_order,place_order,1.0,True
i have to cancel the company newsletter subscription help me,newsletter_subscription,newsletter_subscription,1.0,True
help me seeing my invoice #37777,check_invoice,check_invoice,1.0,True
wanna check in which cases can i ask for a refund,check_refund_policy,check_refund_policy,1.0,True
want help to correct the details included on my account,edit_account,edit_account,1.0,True
help to make a claim against your company,complaint,complaint,1.0,True
I want to see under what circumstances can I ask for refunds,check_refund_policy,check_refund_policy,1.0,True
wanna cange an item of order {{Order Number}} how could i do it,change_order,change_order,1.0,True
problem with changing purchase {{Order Number}},change_order,change_order,1.0,True
do you have a method to submit some feedback?,review,review,1.0,True
want assistance to check the withdrawal penalty,check_cancellation_fee,check_cancellation_fee,1.0,True
where do I purchase several products?,place_order,place_order,1.0,True
i need assistance submitting my feedback,review,review,1.0,True
can ya help me to set my shippiong address up,set_up_shipping_address,set_up_shipping_address,1.0,True
can i place an order frim {{Delivery Country}},delivery_options,delivery_options,1.0,True
I do not know what I need to do to see the early exit charge,check_cancellation_fee,check_cancellation_fee,1.0,True
I want assistance to cancel order {{Order Number}},cancel_order,cancel_order,1.0,True
help me to locate my bills from {{Person Name}},check_invoice,check_invoice,1.0,True
chnge data on {{Account Category}} account,edit_account,edit_account,1.0,True
I have got to cancel my subscription to your newsletter,newsletter_subscription,newsletter_subscription,1.0,True
is it possible toorder from {{Delivery City}},delivery_options,delivery_options,1.0,True
help me to download the bill #37777,get_invoice,get_invoice,1.0,True
do you ship  to {{Delivery Country}}?,delivery_options,delivery_options,1.0,True
I do not know what I need tp do to recover my user pwd,recover_password,recover_password,1.0,True
can you help me solve errors with payments?,payment_issue,payment_issue,1.0,True
how to check what payment options are accepted,check_payment_methods,check_payment_methods,1.0,True
update information on {{Account Type}} account,edit_account,edit_account,1.0,True
i do not know how to create a {{Account Type}} account for my dad,create_account,create_account,1.0,True
I need to notify of an error with a signup,registration_problems,registration_problems,1.0,True
editing freemium account,edit_account,edit_account,1.0,True
how do i do  a purchase,place_order,place_order,1.0,True
delete {{Account Type}} account,delete_account,delete_account,1.0,True
can you give me information about editibg the address?,change_shipping_address,change_shipping_address,1.0,True
"I can't afford this item, I try to cancel order {{Order Number}}",cancel_order,cancel_order,1.0,True
buying article,place_order,place_order,1.0,True
want help to set up a shipping address,set_up_shipping_address,set_up_shipping_address,1.0,True
I need assistance enteirng another delivery address,set_up_shipping_address,set_up_shipping_address,1.0,True
I want help to leave some goddamn feedback for a service,review,review,1.0,True
i want help to locate my bills from {{Person Name}},check_invoice,check_invoice,1.0,True
I want assistance to see my invoice from {{Person Name}},check_invoice,check_invoice,1.0,True
switching to {{Account Type}} account,switch_account,switch_account,1.0,True
need to inform of a sign-up error,registration_problems,registration_problems,1.0,True
how can i check at what time i can call customer support,contact_customer_service,contact_customer_service,1.0,True
I want to see in what situations can I request a refund,check_refund_policy,check_refund_policy,1.0,True
how do i use the premium profile,switch_account,switch_account,1.0,True
i need assistance to get the invoice #85632,get_invoice,get_invoice,1.0,True
ido not know how i could file a consumer claim,complaint,complaint,1.0,True
wanna see how soon can i expect my parcel how can i do it,delivery_period,delivery_period,1.0,True
I want help to notify of an issue with payments,payment_issue,payment_issue,1.0,True
I don't know what to do ti see my invoice from {{Person Name}},check_invoice,check_invoice,1.0,True
where to know if there are any news on my compensation?,track_refund,track_refund,1.0,True
I want assistance creating a gold account,create_account,create_account,1.0,True
I try to locate my invoice #00108,check_invoice,check_invoice,1.0,True
could you help me to submit my feedback for your products?,review,review,1.0,True
send me my invoice from {{Person Name}},get_invoice,get_invoice,1.0,True
assistance to modify the bloody address,change_shipping_address,change_shipping_address,1.0,True
I have to contact an assistant,contact_human_agent,contact_human_agent,1.0,True
i have issues setting a different shipping address up,set_up_shipping_address,set_up_shipping_address,1.0,True
i need assistance restoring my pin,recover_password,recover_password,1.0,True
want assistance to retrieve my profile pin,recover_password,recover_password,1.0,True
modifying ddetails on {{Account Type}} account,edit_account,edit_account,1.0,True
the delivery address changed,change_shipping_address,change_shipping_address,1.0,True
I do not know how I can file a claim,complaint,complaint,1.0,True
I have problems with the cancellation of a {{Account Type}} account,delete_account,delete_account,1.0,True
assistance to locate hte bill from {{Person Name}},check_invoice,check_invoice,1.0,True
I don't know what to do to see when will my item arrive,delivery_period,delivery_period,1.0,True
where could i submit a goddamn secondary delivery address,set_up_shipping_address,set_up_shipping_address,1.0,True
there is an issue modifying my address,change_shipping_address,change_shipping_address,1.0,True
i want help to use the {{Account Type}} profile,switch_account,switch_account,1.0,True
i have to use the {{Account Category}} account,switch_account,switch_account,1.0,True
need help to notify of problems with signup,registration_problems,registration_problems,1.0,True
making consumer complaint against ur business,complaint,complaint,1.0,True
help me check what hours i can call customer service,contact_customer_service,contact_customer_service,1.0,True
i cannot pay for these product how do i cancel the order,cancel_order,cancel_order,1.0,True
can i remove a {{Account Type}} account,delete_account,delete_account,1.0,True
i need help to report a problem with online payments,payment_issue,payment_issue,1.0,True
see bills from {{Person Name}},check_invoice,check_invoice,1.0,True
purchase {{Order Number}} current  status,track_order,track_order,1.0,True
question about the deletion of my {{Account Category}} account,delete_account,delete_account,1.0,True
help me to inform of a registration issue,registration_problems,registration_problems,1.0,True
where is order {{Order Number}},track_order,track_order,1.0,True
correct order {{Order Number}},change_order,change_order,1.0,True
can ya help me inform of errors with online payment,payment_issue,payment_issue,1.0,True
remove something from order {{Order Number}},change_order,change_order,1.0,True
there are errors setting a different delivery address up,set_up_shipping_address,set_up_shipping_address,1.0,True
new {{Account Category}} account,create_account,create_account,1.0,True
change to {{Account Type}} account,switch_account,switch_account,1.0,True
help lodging a consumer reclamation against your business,complaint,complaint,1.0,True
I do not know how to leave an opinion,review,review,1.0,True
I have got to contact customer assistance,contact_customer_service,contact_customer_service,1.0,True
informing of problem with payment,payment_issue,payment_issue,1.0,True
what do i hafe to do to check ur payment methods,check_payment_methods,check_payment_methods,1.0,True
changing info on pro account,edit_account,edit_account,1.0,True
"I have to update order {{Order Number}}, I need assistance",change_order,change_order,1.0,True
i have a problem with creating a {{Account Type}} account,create_account,create_account,1.0,True
need help to speak with an assistant,contact_human_agent,contact_human_agent,1.0,True
I can't afford purchase {{Order Number}},cancel_order,cancel_order,1.0,True
using {{Account Category}} account,switch_account,switch_account,1.0,True
"I want to talk with customer support, how can I do it?",contact_customer_service,contact_customer_service,1.0,True
"I have got to speak with customer support, can you help me?",contact_customer_service,contact_customer_service,1.0,True
I don't knowe how to inform of problems with payments,payment_issue,payment_issue,1.0,True
can I use the pro profile?,switch_account,switch_account,1.0,True
removing {{Account Type}} account,delete_account,delete_account,1.0,True
I do not know what to do to see the shipment methods,delivery_options,delivery_options,1.0,True
want assistance checking your available payment methods,check_payment_methods,check_payment_methods,1.0,True
how to use the {{Account Type}} account,switch_account,switch_account,1.0,True
I want to retrieve the password of my user account,recover_password,recover_password,1.0,True
assistance to change to the freemium account,switch_account,switch_account,1.0,True
notify of errors with registrations,registration_problems,registration_problems,1.0,True
would it be possible to sign up to the company newsletter?,newsletter_subscription,newsletter_subscription,1.0,True
will you show me how soon canh I expect my parcel?,delivery_period,delivery_period,1.0,True
help to check what hours I can reach customer support,contact_customer_service,contact_customer_service,1.0,True
delete gold account,delete_account,delete_account,1.0,True
I need to check in which situations can I requst a refund,check_refund_policy,check_refund_policy,1.0,True
how can i ask for refunds of money,get_refund,get_refund,1.0,True
can I unsubscribe to your corporate newsletter?,newsletter_subscription,newsletter_subscription,1.0,True
I chose a wrong delivery addreds,change_shipping_address,change_shipping_address,1.0,True
what do I have to do to cancel my {{Account Category}} account?,delete_account,delete_account,1.0,True
how do I see the early exit fee?,check_cancellation_fee,check_cancellation_fee,1.0,True
I can't change my delivery address,change_shipping_address,change_shipping_address,1.0,True
I cannot afford order {{Order Number}},cancel_order,cancel_order,1.0,True
acn you help me changing something of purchase {{Order Number}}?,change_order,change_order,1.0,True
what is order {{Order Number}} status,track_order,track_order,1.0,True
"I need to locate my bill from {{Person Name}}, will you help me?",check_invoice,check_invoice,1.0,True
"I have lost my user profile password, help me recover it",recover_password,recover_password,1.0,True
how do I get bill #85632?,get_invoice,get_invoice,1.0,True
want assistance trying to change the shipping address,change_shipping_address,change_shipping_address,1.0,True
what do I need to do to get the invoice from the last month?,get_invoice,get_invoice,1.0,True
would it be possible to close my standard account ?,delete_account,delete_account,1.0,True
help to correct the information included on my user,edit_account,edit_account,1.0,True
canmcel order {{Order Number}},cancel_order,cancel_order,1.0,True
could uhelp me asking for a damn restitution of money,get_refund,get_refund,1.0,True
list the allowed payment modalities,check_payment_methods,check_payment_methods,1.0,True
do you have a way to leave a review about your company?,review,review,1.0,True
I don't know how to report an issue with online payments,payment_issue,payment_issue,1.0,True
i dont know how i can see how soon can i expect my order,delivery_period,delivery_period,1.0,True
I am calling to see what shipping methods I have,delivery_options,delivery_options,1.0,True
I need assistance to modify purchase {{Order Number}},change_order,change_order,1.0,True
I have to change to the {{Account Type}} account,switch_account,switch_account,1.0,True
use standard account,switch_account,switch_account,1.0,True
troubles modifying address,change_shipping_address,change_shipping_address,1.0,True
I need help to see the early exit charge,check_cancellation_fee,check_cancellation_fee,1.0,True
I want help opening a {{Account Category}} account,create_account,create_account,1.0,True
can I edit order {{Order Number}}?,change_order,change_order,1.0,True
can I check in what cases can I request the damn refunds?,check_refund_policy,check_refund_policy,1.0,True
I want information about modifying order {{Order Number}},change_order,change_order,1.0,True
how to update order {{Order Number}}?,change_order,change_order,1.0,True
I do not know how I could receive the corporate newsletter,newsletter_subscription,newsletter_subscription,1.0,True
when am I obtaining a refund?,get_refund,get_refund,1.0,True
what do i have to do to download invoice #85632,get_invoice,get_invoice,1.0,True
i do not know how i acn look for the bills from {{Person Name}},check_invoice,check_invoice,1.0,True
where to inform of errors with sign-up?,registration_problems,registration_problems,1.0,True
I want assistance cancelling order {{Order Number}},cancel_order,cancel_order,1.0,True
can I ordrr from {{Delivery City}}?,delivery_options,delivery_options,1.0,True
i dont know what i have to do to change to the {{Account Type}} account,switch_account,switch_account,1.0,True
help to unsubscribe frmo your company newsletter,newsletter_subscription,newsletter_subscription,1.0,True
help me request compensations,get_refund,get_refund,1.0,True
I don't know what to do to sign up to the newsletter,newsletter_subscription,newsletter_subscription,1.0,True
is it possible to order from {{Delivery City}} ?,delivery_options,delivery_options,1.0,True
help  me report signup problems,registration_problems,registration_problems,1.0,True
i do not know what to do to lodge a customer reclamation,complaint,complaint,1.0,True
I can't add an item to order {{Order Number}},change_order,change_order,1.0,True
I don't know how to inhform of a problem with sign-up,registration_problems,registration_problems,1.0,True
i do not know how i can file a claim against ur business,complaint,complaint,1.0,True
I have got to see the cancellation charge,check_cancellation_fee,check_cancellation_fee,1.0,True
need assistance retrievign my user password,recover_password,recover_password,1.0,True
I need to set up another deliverry address,set_up_shipping_address,set_up_shipping_address,1.0,True
can you help me make a reclamation against your company?,complaint,complaint,1.0,True
updating info on {{Account Type}} account,edit_account,edit_account,1.0,True
i do not know how to create a {{Account Category}} account for my dad,create_account,create_account,1.0,True
"I want to modify the address, how can I do it?",change_shipping_address,change_shipping_address,1.0,True
can ya help me talk with a human agent,contact_human_agent,contact_human_agent,1.0,True
help to see ur available paymnet options,check_payment_methods,check_payment_methods,1.0,True
I want help to lodge a customer claim,complaint,complaint,1.0,True
create new {{Account Category}} account for daughter,create_account,create_account,1.0,True
I have to inform of an error with online payment,payment_issue,payment_issue,1.0,True
I have to check the withdrawal fee,check_cancellation_fee,check_cancellation_fee,1.0,True
i dont know how i could receive compensations,get_refund,get_refund,1.0,True
i need supports trying to modify my delivery address,change_shipping_address,change_shipping_address,1.0,True
i do not know how to check the accepted payment options,check_payment_methods,check_payment_methods,1.0,True
i do not know how to see the eta of the order {{Order Number}},track_order,track_order,1.0,True
can you help me file a customer complaint?,complaint,complaint,1.0,True
can I talk with someone?,contact_human_agent,contact_human_agent,1.0,True
need assistance acquiring some items,place_order,place_order,1.0,True
see the bill from {{Person Name}},check_invoice,check_invoice,1.0,True
how do I notify of a signup problem?,registration_problems,registration_problems,1.0,True
I cannot check the status of my newsletter subscription,newsletter_subscription,newsletter_subscription,1.0,True
I want information about the termination of a {{Account Type}} account,delete_account,delete_account,1.0,True
I am trying to receive a restitution of money,get_refund,get_refund,1.0,True
I can't swap some items of purchase {{Order Number}},change_order,change_order,1.0,True
"I have got to use the standard profile, can I get some help?",switch_account,switch_account,1.0,True
I have to check what hours I can reach customer support,contact_customer_service,contact_customer_service,1.0,True
"the secondary delivery address is not valid, how to do it?",set_up_shipping_address,set_up_shipping_address,1.0,True
can uhelp me to notify of errors with payment,payment_issue,payment_issue,1.0,True
I am trying to leave feedback for a service,review,review,1.0,True
"I have got to correct the delivery address, how to do it?",change_shipping_address,change_shipping_address,1.0,True
can uhelp me to shop some items,place_order,place_order,1.0,True
I don't know how I can shop some items,place_order,place_order,1.0,True
tell accepted payment options,check_payment_methods,check_payment_methods,1.0,True
could you help me canceling purchase {{Order Number}}?,cancel_order,cancel_order,1.0,True
is there a way to submit feedback for your company?,review,review,1.0,True
question about the lost pin code,recover_password,recover_password,1.0,True
i cnnot set the shipping address up,set_up_shipping_address,set_up_shipping_address,1.0,True
want help to report fucking sign-up errors,registration_problems,registration_problems,1.0,True
tell me more about updating the address,change_shipping_address,change_shipping_address,1.0,True
I don't know how to speak to customer assistance,contact_customer_service,contact_customer_service,1.0,True
want assistance to check the withdrawal fees,check_cancellation_fee,check_cancellation_fee,1.0,True
I need assistance to see the early exit fee,check_cancellation_fee,check_cancellation_fee,1.0,True
i have errors submitting my enw delivery address,set_up_shipping_address,set_up_shipping_address,1.0,True
see the bill #37777,check_invoice,check_invoice,1.0,True
I don't know how to make a consumer reclamation,complaint,complaint,1.0,True
assistance using the {{Account Category}} profile,switch_account,switch_account,1.0,True
i need assistance seeing how soon can i expect the delivery,delivery_period,delivery_period,1.0,True
I have to modify my delivery address,change_shipping_address,change_shipping_address,1.0,True
create {{Account Type}} accountfor wife,create_account,create_account,1.0,True
i need assistance deleting a {{Account Category}} account,delete_account,delete_account,1.0,True
contactingassistant,contact_human_agent,contact_human_agent,1.0,True
change to the {{Account Type}} account,switch_account,switch_account,1.0,True
how to correct the  shipping address?,change_shipping_address,change_shipping_address,1.0,True
I want to see how long it takes for my order to arrive,delivery_period,delivery_period,1.0,True
"I have got to unsubscribe to the newsletter, how do I do it?",newsletter_subscription,newsletter_subscription,1.0,True
I want assistanc to see when my purchase is going to arrive,delivery_period,delivery_period,1.0,True
refund status,track_refund,track_refund,1.0,True
where to purchase some items,place_order,place_order,1.0,True
"I want to sign up to the newsletter, help me",newsletter_subscription,newsletter_subscription,1.0,True
I need help to demand a goddamn reimbursement,get_refund,get_refund,1.0,True
I am waiting for a refund of {{Currency Symbol}}{{Refund Amount}},track_refund,track_refund,1.0,True
I need help to update the information on my user profile,edit_account,edit_account,1.0,True
problems with {{Account Type}} account cancellations,delete_account,delete_account,1.0,True
how do I notify of payment problems?,payment_issue,payment_issue,1.0,True
I am trying to see the status of purchase {{Order Number}},track_order,track_order,1.0,True
what do i need to do to change to hte {{Account Type}} account,switch_account,switch_account,1.0,True
get invoice #85632,get_invoice,get_invoice,1.0,True
"I paid {{Currency Symbol}}{{Refund Amount}} for a product, help me get a fucking rebate",get_refund,get_refund,1.0,True
edit order {{Order Number}},change_order,change_order,1.0,True
how can i get information about my gold account removal,delete_account,delete_account,1.0,True
I have problems with the key reset,recover_password,recover_password,1.0,True
how do i see at what time customer support availabl is,contact_customer_service,contact_customer_service,1.0,True
customer support number,contact_customer_service,contact_customer_service,1.0,True
need assistance to see in what cases can i ask for refunds,check_refund_policy,check_refund_policy,1.0,True
I need to retrieve the key of my profile,recover_password,recover_password,1.0,True
need to make a claim against ur organization,complaint,complaint,1.0,True
do you have a way to leave a comment about your company?,review,review,1.0,True
is it possible to chat with an operator?,contact_human_agent,contact_human_agent,1.0,True
want help checkin ur accepted payment methods,check_payment_methods,check_payment_methods,1.0,True
i have to see the invoice #00108,check_invoice,check_invoice,1.0,True
I don't know how to check when will my purchase arrive,delivery_period,delivery_period,1.0,True
help checking what hours customer service available is,contact_customer_service,contact_customer_service,1.0,True
"I need to write a review for a service, will you help me?",review,review,1.0,True
change info on {{Account Category}} account,edit_account,edit_account,1.0,True
can ya tell me about updating the delivery address,change_shipping_address,change_shipping_address,1.0,True
can I edi order {{Order Number}}?,change_order,change_order,1.0,True
I do not know how to close my {{Account Category}} account,delete_account,delete_account,1.0,True
wanna check under which circumstances can i ask for a refund,check_refund_policy,check_refund_policy,1.0,True
i do not know what to do to ask for rebates of money,get_refund,get_refund,1.0,True
unsubscribing from newsletter,newsletter_subscription,newsletter_subscription,1.0,True
want help receiving your newsletter,newsletter_subscription,newsletter_subscription,1.0,True
I need help to locate order {{Order Number}},track_order,track_order,1.0,True
I try to edit order {{Order Number}},change_order,change_order,1.0,True
help me seeing your accepted payment modalities,check_payment_methods,check_payment_methods,1.0,True
can you help me open a freemium account?,create_account,create_account,1.0,True
assistance to notify of issues with a sign-up,registration_problems,registration_problems,1.0,True
i have got to enter my new deluvery address can ya help me,set_up_shipping_address,set_up_shipping_address,1.0,True
can you help me see the withdrawal penalty?,check_cancellation_fee,check_cancellation_fee,1.0,True
can i see in what situations can i ask for reimbursements,check_refund_policy,check_refund_policy,1.0,True
cancel purchase370795561790,cancel_order,cancel_order,1.0,True
changing to {{Account Type}} account,switch_account,switch_account,1.0,True
help to purchase some products,place_order,place_order,1.0,True
can ya help me cancelling my {{Account Type}} account,delete_account,delete_account,1.0,True
do uship to {{Delivery City}},delivery_options,delivery_options,1.0,True
where could I file a consumer claim against your company?,complaint,complaint,1.0,True
I need to unsubscribe from the company newsletter,newsletter_subscription,newsletter_subscription,1.0,True
i have to see in what casescan i request a reimbursement,check_refund_policy,check_refund_policy,1.0,True
correcting info on pro account,edit_account,edit_account,1.0,True
i want assistance to leave some feedback for ur company,review,review,1.0,True
help me make a complaint against ur business,complaint,complaint,1.0,True
is it possible to check order {{Order Number}} current status?,track_order,track_order,1.0,True
i want help to check in what cases can i ask for a reufnd,check_refund_policy,check_refund_policy,1.0,True
want assistance using the {{Account Category}}  profile,switch_account,switch_account,1.0,True
help me seeing what hours I can contact customer assistance,contact_customer_service,contact_customer_service,1.0,True
reset the PIN code of my user,recover_password,recover_password,1.0,True
modify data on standard account,edit_account,edit_account,1.0,True
I have got to notify of a problem with a sign-up,registration_problems,registration_problems,1.0,True
I am trying to see what payment options are available,check_payment_methods,check_payment_methods,1.0,True
I have got to request my damn money back,get_refund,get_refund,1.0,True
what do i have to do to close my standard account,delete_account,delete_account,1.0,True
I have to check in what cases can I request my money back,check_refund_policy,check_refund_policy,1.0,True
how do I use the gold profile?,switch_account,switch_account,1.0,True
where can i track order {{Order Number}},track_order,track_order,1.0,True
is it possible to lodge a claim?,complaint,complaint,1.0,True
"I have to speak to customer assistance, how to do it?",contact_customer_service,contact_customer_service,1.0,True
could you help me to send my feedback for your products?,review,review,1.0,True
I'd like to change to the {{Account Category}} account i need assistance,switch_account,switch_account,1.0,True
i do not know what to do to see the ETA of order {{Order Number}},track_order,track_order,1.0,True
I want help odering some articles,place_order,place_order,1.0,True
problems submitting the shipping address,set_up_shipping_address,set_up_shipping_address,1.0,True
assistance to see the status of my compensation,track_refund,track_refund,1.0,True
I do not know how to restore my account PIN code,recover_password,recover_password,1.0,True
I want help speaking with customer assistance,contact_customer_service,contact_customer_service,1.0,True
help seeing what damn methods for delivery you offer,delivery_options,delivery_options,1.0,True
need help filing a reclamation,complaint,complaint,1.0,True
can I change to the premium account?,switch_account,switch_account,1.0,True
I do not know what to do to change to the {{Account Category}} account,switch_account,switch_account,1.0,True
I want information about opening a pro account,create_account,create_account,1.0,True
what do i have to do to sign up to the newsletter,newsletter_subscription,newsletter_subscription,1.0,True
I cannot find anything about the early exit charges,check_cancellation_fee,check_cancellation_fee,1.0,True
need to see hte goddamn early exit penalty how to do it,check_cancellation_fee,check_cancellation_fee,1.0,True
can you help me to change to the {{Account Type}} account?,switch_account,switch_account,1.0,True
switch to  {{Account Type}} account,switch_account,switch_account,1.0,True
will you show me the accepted payment methods?,check_payment_methods,check_payment_methods,1.0,True
what do I need to do to edit order {{Order Number}}?,change_order,change_order,1.0,True
need to look for invoice #37777,check_invoice,check_invoice,1.0,True
I don't know what to do to inform of a problem with payment,payment_issue,payment_issue,1.0,True
can uhelp me getting reimbursements of my money,get_refund,get_refund,1.0,True
i need assistance sending my feedback for a product,review,review,1.0,True
I want help downloading the bill #85632,get_invoice,get_invoice,1.0,True
I can no longer afford purchase {{Order Number}},cancel_order,cancel_order,1.0,True
check the status of my corporate newsletter subscription,newsletter_subscription,newsletter_subscription,1.0,True
can uhelp me to sign up to the newsletter,newsletter_subscription,newsletter_subscription,1.0,True
help  me canceling purchase {{Order Number}},cancel_order,cancel_order,1.0,True
rebate {{Currency Symbol}}{{Refund Amount}},get_refund,get_refund,1.0,True
I don't know what I have to do to reset the PIN of my user,recover_password,recover_password,1.0,True
wana check the ETA of order {{Order Number}} will ya help me,track_order,track_order,1.0,True
modifying freemium account,edit_account,edit_account,1.0,True
modify purchase {{Order Number}},change_order,change_order,1.0,True
want help receiving compensations,get_refund,get_refund,1.0,True
I try to check how soon can I expect my product,delivery_period,delivery_period,1.0,True
editing data on {{Account Category}} account,edit_account,edit_account,1.0,True
"you aren't helpful at all, can I contact somebody?",contact_human_agent,contact_human_agent,1.0,True
need help to check the ETA of the order {{Order Number}},track_order,track_order,1.0,True
I don't know how I can write an opinion for a service,review,review,1.0,True
wanna check how long refunds usuall take can ya help me,check_refund_policy,check_refund_policy,1.0,True
where do I recover the access key of my user account?,recover_password,recover_password,1.0,True
checking ETA of order {{Order Number}},track_order,track_order,1.0,True
would it be possible toplace a fucking order from {{Delivery City}},delivery_options,delivery_options,1.0,True
help cancelling my corporate newslettersubscription,newsletter_subscription,newsletter_subscription,1.0,True
want help to see tthe damn ETA of order {{Order Number}},track_order,track_order,1.0,True
i dont know what to do tyo see the withdrawal fees,check_cancellation_fee,check_cancellation_fee,1.0,True
create new standard account,create_account,create_account,1.0,True
"I lost the bill from {{Person Name}}, mail it to me",get_invoice,get_invoice,1.0,True
I need assistance to cancel order {{Order Number}},cancel_order,cancel_order,1.0,True
early termination penalties,check_cancellation_fee,check_cancellation_fee,1.0,True
help me checking the accepted payment modalities,check_payment_methods,check_payment_methods,1.0,True
is it possible to inform of payment issues?,payment_issue,payment_issue,1.0,True
"I expect a bloody refund of {{Currency Symbol}}{{Refund Amount}}, has it been processed?",track_refund,track_refund,1.0,True
I need assistance to shop several of your product,place_order,place_order,1.0,True
I have got to demand a rebate,get_refund,get_refund,1.0,True
issue submitting a secondary shipping address,set_up_shipping_address,set_up_shipping_address,1.0,True
creating {{Account Type}} account,create_account,create_account,1.0,True
i want help submitting a different delivery address,set_up_shipping_address,set_up_shipping_address,1.0,True
i need assistance seeing the eta of purchase {{Order Number}},track_order,track_order,1.0,True
can ya help me modify the shipping address,change_shipping_address,change_shipping_address,1.0,True
help me to get my invoices from {{Person Name}},get_invoice,get_invoice,1.0,True
i have got to correct the info included on my user profile,edit_account,edit_account,1.0,True
I need to shop some products,place_order,place_order,1.0,True
edit {{Account Type}} accont,edit_account,edit_account,1.0,True
question about the removal of my standard account,delete_account,delete_account,1.0,True
help me to file a claim,complaint,complaint,1.0,True
"I have to see how long reimbursements take, I need help",check_refund_policy,check_refund_policy,1.0,True
i need help to delete something from order {{Order Number}},change_order,change_order,1.0,True
what do I have to do to download invoice #85632?,get_invoice,get_invoice,1.0,True
can you help me to see the cancellation penalty?,check_cancellation_fee,check_cancellation_fee,1.0,True
help me submit my shipping address,set_up_shipping_address,set_up_shipping_address,1.0,True
I do not know how I can track my rebate,track_refund,track_refund,1.0,True
i need assistance to check ur available payment modalities,check_payment_methods,check_payment_methods,1.0,True
problems with standard account terminations,delete_account,delete_account,1.0,True
how do I look for the bills from {{Person Name}}?,check_invoice,check_invoice,1.0,True
I am trying to update my shipping address,change_shipping_address,change_shipping_address,1.0,True
I need assistance subscribing to the corporate newsletter,newsletter_subscription,newsletter_subscription,1.0,True
can you show me the withdrawal penalties?,check_cancellation_fee,check_cancellation_fee,1.0,True
i expect a refund of {{Currency Symbol}}{{Refund Amount}},track_refund,track_refund,1.0,True
help me sending my feedback aboutt your services,review,review,1.0,True
where do i notify of issues with signup,registration_problems,registration_problems,1.0,True
assistance earning some of ur article,place_order,place_order,1.0,True
i need help seeing the status of my compensation,track_refund,track_refund,1.0,True
where do I enter the secondary shipping address?,set_up_shipping_address,set_up_shipping_address,1.0,True
where do I see what shipping options I have?,delivery_options,delivery_options,1.0,True
can you show me at what time I can contact customer service?,contact_customer_service,contact_customer_service,1.0,True
assistance seeing your allowed payment methods,check_payment_methods,check_payment_methods,1.0,True
I do not know how to earn a product,place_order,place_order,1.0,True
I would like to get a compensation of my money,get_refund,get_refund,1.0,True
see my blls from {{Person Name}},check_invoice,check_invoice,1.0,True
new {{Account Category}} account,create_account,create_account,1.0,True
i need assistance to set the new delivery address up,set_up_shipping_address,set_up_shipping_address,1.0,True
I want assistance purcahsing a few of your item,place_order,place_order,1.0,True
I haave to submit a secondary delivery address,set_up_shipping_address,set_up_shipping_address,1.0,True
"I am not happy with your work, lodge a consumer reclamation",complaint,complaint,1.0,True
problem with cancelling order {{Order Number}},cancel_order,cancel_order,1.0,True
is it possible to purchase several of your article?,place_order,place_order,1.0,True
I don't know how I can order some of your article,place_order,place_order,1.0,True
i need help with cancelling order {{Order Number}},cancel_order,cancel_order,1.0,True
what do i need to do to change to the pro account,switch_account,switch_account,1.0,True
I'm trying to make a consumer clain,complaint,complaint,1.0,True
speak with operator,contact_human_agent,contact_human_agent,1.0,True
would ugive me information about editing my delivery address,change_shipping_address,change_shipping_address,1.0,True
i cannot find anything about the withdrawal fees,check_cancellation_fee,check_cancellation_fee,1.0,True
could y help me notifying of an issue with sign-up,registration_problems,registration_problems,1.0,True
need to purchase some of ur product,place_order,place_order,1.0,True
where do I purchase some products?,place_order,place_order,1.0,True
need assistance setting up a shipping address,set_up_shipping_address,set_up_shipping_address,1.0,True
I don't know what I have to do to see the early exit fee,check_cancellation_fee,check_cancellation_fee,1.0,True
checking status of order {{Order Number}},track_order,track_order,1.0,True
I don't know what to do to get the invoice #12588,get_invoice,get_invoice,1.0,True
I have a problem with the removal of  a standard account,delete_account,delete_account,1.0,True
how do I create a bloody {{Account Category}} account for my father?,create_account,create_account,1.0,True
"I want to delete an item from purchase {{Order Number}}, help me",change_order,change_order,1.0,True
find information about the cancellation of a {{Account Category}} account,delete_account,delete_account,1.0,True
help me to get the invoice fro {{Person Name}},get_invoice,get_invoice,1.0,True
help using the gold account,switch_account,switch_account,1.0,True
I want help to notify oof issues with payment,payment_issue,payment_issue,1.0,True
I need assistance downloading the invoice from {{Person Name}},get_invoice,get_invoice,1.0,True
need help to check if there are any news on the restitution,track_refund,track_refund,1.0,True
I don't know what to do to file a consumer reclamation,complaint,complaint,1.0,True
i call to leave my feedback for ur services,review,review,1.0,True
open a {{Account Category}} acount for my dad,create_account,create_account,1.0,True
help me set up the secondary delivery address,set_up_shipping_address,set_up_shipping_address,1.0,True
can you help me to delete my premium account?,delete_account,delete_account,1.0,True
need to make a consumere claim,complaint,complaint,1.0,True
what do i have to do to notify of signup errors,registration_problems,registration_problems,1.0,True
can you help me changing to the gold account?,switch_account,switch_account,1.0,True
i do notknow what to do to locate order {{Order Number}},track_order,track_order,1.0,True
help me modifying purchase {{Order Number}},change_order,change_order,1.0,True
I want to see at what time I can call customer assistance,contact_customer_service,contact_customer_service,1.0,True
need assistance to notify of issues with online payment,payment_issue,payment_issue,1.0,True
I can't check the ETA of the orfer {{Order Number}},track_order,track_order,1.0,True
troubles with online payments,payment_issue,payment_issue,1.0,True
what do i have to do to delete my {{Account Type}} account,delete_account,delete_account,1.0,True
I need to enter a different shipping address,set_up_shipping_address,set_up_shipping_address,1.0,True
how do i use the pro profile,switch_account,switch_account,1.0,True
where could I see purchase {{Order Number}} status?,track_order,track_order,1.0,True
I want to inform of an issue with online payment,payment_issue,payment_issue,1.0,True
do you ship to {{Delivery Country}}?,delivery_options,delivery_options,1.0,True
I cannot create a platinum account for my daughter,create_account,create_account,1.0,True
"I have to see your refund policy, can you help me?",check_refund_policy,check_refund_policy,1.0,True
how to change to the gold account?,switch_account,switch_account,1.0,True
can uhelp me unsubscribe to the company newsletter,newsletter_subscription,newsletter_subscription,1.0,True
reimburse {{Currency Symbol}}{{Refund Amount}},get_refund,get_refund,1.0,True
I don't know how I can create a pro account for my dad,create_account,create_account,1.0,True
i do not know what i have to do to obtain a rebate,get_refund,get_refund,1.0,True
i expect a compensation of {{Currency Symbol}}{{Refund Amount}},track_refund,track_refund,1.0,True
how could I see what payment payment modalities are allowed?,check_payment_methods,check_payment_methods,1.0,True
how to see your allowed payment options?,check_payment_methods,check_payment_methods,1.0,True
"I can't afford order {{Order Number}}, help me cancelling it",cancel_order,cancel_order,1.0,True
how do i restore my account passwodr,recover_password,recover_password,1.0,True
can i check the status of purchase {{Order Number}},track_order,track_order,1.0,True
chck bill from {{Person Name}},check_invoice,check_invoice,1.0,True
I expect an restitution of {{Currency Symbol}}{{Refund Amount}},track_refund,track_refund,1.0,True
can I unsubscribe to the corporate newsletter?,newsletter_subscription,newsletter_subscription,1.0,True
I need assistance entering a secondary shipping address,set_up_shipping_address,set_up_shipping_address,1.0,True
open a {{Account Type}} acount for my dad,create_account,create_account,1.0,True
how to cancel the subscription to ur company newsletter,newsletter_subscription,newsletter_subscription,1.0,True
I need assistance shopping some of your item,place_order,place_order,1.0,True
lodge customer complaint against your business,complaint,complaint,1.0,True
I'm trying to obtain compensations,get_refund,get_refund,1.0,True
"I need to use the bloody {{Account Type}} profile, can you help me?",switch_account,switch_account,1.0,True
issues creating account,registration_problems,registration_problems,1.0,True
help to demand a goddamn compensation,get_refund,get_refund,1.0,True
how do I notify of an issue with payment?,payment_issue,payment_issue,1.0,True
can you help me to make a consumner complaint?,complaint,complaint,1.0,True
can I speak with a person ?,contact_human_agent,contact_human_agent,1.0,True
what do I have to do to make a customer complaint?,complaint,complaint,1.0,True
in which cases can i ask to be reimbursed,check_refund_policy,check_refund_policy,1.0,True
can you help me check the acepted payment modalities?,check_payment_methods,check_payment_methods,1.0,True
"I have lost the password of my user, help me reset it",recover_password,recover_password,1.0,True
modify freemium account,edit_account,edit_account,1.0,True
hlw do i check the ETA of purchase {{Order Number}},track_order,track_order,1.0,True
can you help me writing a review for your company?,review,review,1.0,True
need help t add an item to order {{Order Number}},change_order,change_order,1.0,True
I expect a reufnd of {{Currency Symbol}}{{Refund Amount}},track_refund,track_refund,1.0,True
need help to check what methods for delivery i have,delivery_options,delivery_options,1.0,True
help me to check how soon can I expect the article,delivery_period,delivery_period,1.0,True
assistance to inform of a damn payment issue,payment_issue,payment_issue,1.0,True
find information about modifying my address,change_shipping_address,change_shipping_address,1.0,True
how to see bill #85632?,check_invoice,check_invoice,1.0,True
i do not know how to unsubscribe to ur corporate newsletter,newsletter_subscription,newsletter_subscription,1.0,True
where can I lodge a customer claim against your business?,complaint,complaint,1.0,True
there are problems trying to edit the delivery address,change_shipping_address,change_shipping_address,1.0,True
I have got to report issues with online payment,payment_issue,payment_issue,1.0,True
need help chatting with a person,contact_human_agent,contact_human_agent,1.0,True
can you help me check how soon can I expect my purchase?,delivery_period,delivery_period,1.0,True
I need help buying some of your product,place_order,place_order,1.0,True
help me notify of an issue with payment,payment_issue,payment_issue,1.0,True
I don't know what I have to do to contact a person,contact_human_agent,contact_human_agent,1.0,True
I need help to purchase several of your item,place_order,place_order,1.0,True
I have got to check if there are any news on the restitution,track_refund,track_refund,1.0,True
modifying ddetails on gold account,edit_account,edit_account,1.0,True
can ya help me seeing how long the delivery takes,delivery_period,delivery_period,1.0,True
could you help me see if there are any news on my rebate?,track_refund,track_refund,1.0,True
is it possible to leave a review about a service?,review,review,1.0,True
assistance seeing the early termination charges,check_cancellation_fee,check_cancellation_fee,1.0,True
is it possible to order from {{Delivery Country}},delivery_options,delivery_options,1.0,True
idont use my {{Account Category}} account need assistance to close it,delete_account,delete_account,1.0,True
i have to use the gold account help  me,switch_account,switch_account,1.0,True
I try to check the ETA of the purchase {{Order Number}},track_order,track_order,1.0,True
I am trying to reset my user account access key,recover_password,recover_password,1.0,True
new platinum account,create_account,create_account,1.0,True
i lost my profile pass want help to restore it,recover_password,recover_password,1.0,True
I need help seeing how long it takes for my item to arrive,delivery_period,delivery_period,1.0,True
"I have got to track purchase {{Order Number}}, how can I do it?",track_order,track_order,1.0,True
I have to lodge a consumer complaint against your company,complaint,complaint,1.0,True
help me cancelling purchase {{Order Number}},cancel_order,cancel_order,1.0,True
order {{Order Number}} current status,track_order,track_order,1.0,True
can uhelp me to restore the access key ofmy account,recover_password,recover_password,1.0,True
want help recovering the key of my account,recover_password,recover_password,1.0,True
help to retrieve the PIN code of my user profile,recover_password,recover_password,1.0,True
can you tell me more about correcting my delivery address?,change_shipping_address,change_shipping_address,1.0,True
help me to check the status of the restitution,track_refund,track_refund,1.0,True
is it possible to give a quick look at the bill #12588?,check_invoice,check_invoice,1.0,True
"I cannot make payments, could you help me report errors?",payment_issue,payment_issue,1.0,True
where do i switch to the gold account,switch_account,switch_account,1.0,True
can i place a  fucking order from {{Delivery City}},delivery_options,delivery_options,1.0,True
"I want to see my compensation status, I need help",track_refund,track_refund,1.0,True
can I send feedback about a product?,review,review,1.0,True
help me to check in what cases can i request refunds,check_refund_policy,check_refund_policy,1.0,True
is it possible to place a order from {{Delivery Country}}?,delivery_options,delivery_options,1.0,True
assistance checkingthe termination fees,check_cancellation_fee,check_cancellation_fee,1.0,True
create freemium account,create_account,create_account,1.0,True
modifying info on standard account,edit_account,edit_account,1.0,True
I do not know what I have to do to reset my profile pwd,recover_password,recover_password,1.0,True
can you help me canceling purchase {{Order Number}}?,cancel_order,cancel_order,1.0,True
I expect a refund of {{Currency Symbol}}{{Refund Amount}},track_refund,track_refund,1.0,True
I have to sign up to your corporate newsletter,newsletter_subscription,newsletter_subscription,1.0,True
another pro account,create_account,create_account,1.0,True
anything new on my goddamn reimbursement,track_refund,track_refund,1.0,True
i want help writing a comment for a serrvice,review,review,1.0,True
help me chat with someone,contact_human_agent,contact_human_agent,1.0,True
issues setting my secondary shipping address up,set_up_shipping_address,set_up_shipping_address,1.0,True
question about correcting purchase {{Order Number}},change_order,change_order,1.0,True
tracking order {{Order Number}},track_order,track_order,1.0,True
i have to check the cancellation penalty,check_cancellation_fee,check_cancellation_fee,1.0,True
help me to cancel purchase {{Order Number}},cancel_order,cancel_order,1.0,True
I expect a refund of {{Currency Symbol}}{{Refund Amount}},track_refund,track_refund,1.0,True
need to talk to customer support,contact_customer_service,contact_customer_service,1.0,True
help me to obtain rebates  of money,get_refund,get_refund,1.0,True
where do I lodge a consumer reclamation?,complaint,complaint,1.0,True
I don't know how I can create a {{Account Type}} account for my dad,create_account,create_account,1.0,True
how do I edit some of the details included on my account?,edit_account,edit_account,1.0,True
i want help notifying of a problem with online payments,payment_issue,payment_issue,1.0,True
correct information on Goldaccount,edit_account,edit_account,1.0,True
can I track order {{Order Number}}?,track_order,track_order,1.0,True
I can't see if there is anything wrong with the restitution,track_refund,track_refund,1.0,True
help me update purchase {{Order Number}},change_order,change_order,1.0,True
I need help to check the early exit penalty,check_cancellation_fee,check_cancellation_fee,1.0,True
modifying data on {{Account Category}} account,edit_account,edit_account,1.0,True
I am trying to see in what cases can I ask for refunds,check_refund_policy,check_refund_policy,1.0,True
delieries to {{Delivery City}},delivery_options,delivery_options,1.0,True
could I edit my fucking user?,edit_account,edit_account,1.0,True
wanna give an quick look at my bill #37777 i need assistance,check_invoice,check_invoice,1.0,True
want help to lodge a customer complaint,complaint,complaint,1.0,True
i call to lodge a customer reclamation,complaint,complaint,1.0,True
new {{Account Type}} account for wife,create_account,create_account,1.0,True
i dont know how i can download the invoice from {{Person Name}},get_invoice,get_invoice,1.0,True
I am waiting for an refund of {{Currency Symbol}}{{Refund Amount}},track_refund,track_refund,1.0,True
do you have a toll-free number to contact customer support?,contact_customer_service,contact_customer_service,1.0,True
mldifying {{Account Category}} account,edit_account,edit_account,1.0,True
would you give me information about cancelling orders?,cancel_order,cancel_order,1.0,True
I don't know what I have to do to speak to somebody,contact_human_agent,contact_human_agent,1.0,True
I want help asking for an reimbursement,get_refund,get_refund,1.0,True
I do not know what to do to download the bill #00108,get_invoice,get_invoice,1.0,True
modifying {{Account Category}} account,edit_account,edit_account,1.0,True
wanna earn an article i need asisstance,place_order,place_order,1.0,True
where to see order {{Order Number}} status?,track_order,track_order,1.0,True
I need help seeing in which cases can I ask for a refund,check_refund_policy,check_refund_policy,1.0,True
"I need to use the platinum profile, can you help me?",switch_account,switch_account,1.0,True
I need to purchase some bloody products,place_order,place_order,1.0,True
i have to check in what cases can i ask for reimbursements,check_refund_policy,check_refund_policy,1.0,True
reporting issues with payments,payment_issue,payment_issue,1.0,True
I don't know what to do to download thr invoice #12588,get_invoice,get_invoice,1.0,True
wanna look for bill #85632,check_invoice,check_invoice,1.0,True
i want help setting up a new shipping address,set_up_shipping_address,set_up_shipping_address,1.0,True
want assistance informing of sign-up errors,registration_problems,registration_problems,1.0,True
i dont know what i have to do to look for the bill #37777,check_invoice,check_invoice,1.0,True
how acn i get information about forgotten access keys,recover_password,recover_password,1.0,True
i want assistance to shop a product,place_order,place_order,1.0,True
is it possible to place a order from {{Delivery Country}}?,delivery_options,delivery_options,1.0,True
i do not know how i can see the early exit penalties,check_cancellation_fee,check_cancellation_fee,1.0,True
I am trying to see your reimbursement policy,check_refund_policy,check_refund_policy,1.0,True
I need assistance checking the available payment options,check_payment_methods,check_payment_methods,1.0,True
I want to check my restitution status,track_refund,track_refund,1.0,True
can I see the bills from {{Person Name}}?,check_invoice,check_invoice,1.0,True
correct info on {{Account Type}} account,edit_account,edit_account,1.0,True
I need assistance to locate order {{Order Number}},track_order,track_order,1.0,True
can i check under which circumstances can i request a refund,check_refund_policy,check_refund_policy,1.0,True
what do i need to do to restore my user profile access  key,recover_password,recover_password,1.0,True
how can I download the invoices from {{Person Name}}?,get_invoice,get_invoice,1.0,True
I don't know what I need to do to contact a live agent,contact_human_agent,contact_human_agent,1.0,True
problems with {{Account Category}} account deletions,delete_account,delete_account,1.0,True
how do I check purchase {{Order Number}} current status?,track_order,track_order,1.0,True
I need to inform of a sign-up problem,registration_problems,registration_problems,1.0,True
how do I see what shipping methods you offer?,delivery_options,delivery_options,1.0,True
i try to open a  standard account,create_account,create_account,1.0,True
I have a problem updating the delivery address,change_shipping_address,change_shipping_address,1.0,True
i try to inform of a truble with payment,payment_issue,payment_issue,1.0,True
how to see the status of my restitution,track_refund,track_refund,1.0,True
could i get in touchwith customer service,contact_customer_service,contact_customer_service,1.0,True
i need assistance to talk to somebody,contact_human_agent,contact_human_agent,1.0,True
"I would like to shop some of your product, how to do it?",place_order,place_order,1.0,True
want assistance to retrieve the pin code of my user profile,recover_password,recover_password,1.0,True
where can i make a consumer claim against ur organization,complaint,complaint,1.0,True
where to ese how long the delivery takes,delivery_period,delivery_period,1.0,True
I need assistance to see the withdrawal fees,check_cancellation_fee,check_cancellation_fee,1.0,True
assistance to make a customer claim agaisnt ur organization,complaint,complaint,1.0,True
edit information on freemium account,edit_account,edit_account,1.0,True
ordr several of ur product,place_order,place_order,1.0,True
help checking at what time I can call customer support,contact_customer_service,contact_customer_service,1.0,True
can i place an order from {{Delivery City}},delivery_options,delivery_options,1.0,True
how do I see how long it takes for  the item to arrive?,delivery_period,delivery_period,1.0,True
where can i switch to  the {{Account Category}} account,switch_account,switch_account,1.0,True
using freemium accouny,switch_account,switch_account,1.0,True
how can i check ur accepted payment options,check_payment_methods,check_payment_methods,1.0,True
I am trying to check in which cases can I request a refund,check_refund_policy,check_refund_policy,1.0,True
I expect a goddamn restitution of {{Currency Symbol}}{{Refund Amount}},track_refund,track_refund,1.0,True
I need assistance to enter another shipping address,set_up_shipping_address,set_up_shipping_address,1.0,True
i cant edit order {{Order Number}},change_order,change_order,1.0,True
switching to {{Account Type}} account,switch_account,switch_account,1.0,True
can you help me seeing the withdrawal penalty?,check_cancellation_fee,check_cancellation_fee,1.0,True
assistance to see what hours i can call customer service,contact_customer_service,contact_customer_service,1.0,True
i cannot see the eta of order {{Order Number}},track_order,track_order,1.0,True
what is the shipping period for mt package,delivery_period,delivery_period,1.0,True
I have to edit my delivery address,change_shipping_address,change_shipping_address,1.0,True
have a question about cancelling order {{Order Number}},cancel_order,cancel_order,1.0,True
how do I notify of issues with registrations ?,registration_problems,registration_problems,1.0,True
I need help to get in touch with customer support,contact_customer_service,contact_customer_service,1.0,True
where to ask for a rebate of my money,get_refund,get_refund,1.0,True
help me to check the current status of the compensation,track_refund,track_refund,1.0,True
I have a question about a forgotten access key,recover_password,recover_password,1.0,True
where do I make a consumer claim against your business?,complaint,complaint,1.0,True
I don't know what I have to do to wsitch to the {{Account Type}} account,switch_account,switch_account,1.0,True
i try to get the inovice #00108,get_invoice,get_invoice,1.0,True
need assistance reporting payment erroors,payment_issue,payment_issue,1.0,True
i have to use the standard account i need help,switch_account,switch_account,1.0,True
where to report an error with a signup?,registration_problems,registration_problems,1.0,True
I try to see in what cases can I ask for a refund,check_refund_policy,check_refund_policy,1.0,True
I'm waiting for a reimbursement of 160dollars,track_refund,track_refund,1.0,True
withrdawal penalty,check_cancellation_fee,check_cancellation_fee,1.0,True
shipments to {{Delivery City}},delivery_options,delivery_options,1.0,True
help me see how soon can i expect the parcel,delivery_period,delivery_period,1.0,True
is it possible to talk to customer support?,contact_customer_service,contact_customer_service,1.0,True
I want assistyance deleting my standard account,delete_account,delete_account,1.0,True
I do not know how to order a few of your article,place_order,place_order,1.0,True
i do not know how to cancel order {{Order Number}},cancel_order,cancel_order,1.0,True
can I get my bill #12588?,get_invoice,get_invoice,1.0,True
"I have to see the early exit fee, I need help",check_cancellation_fee,check_cancellation_fee,1.0,True
I have got to make a customer claim against your business,complaint,complaint,1.0,True
help me lodge a customer reclamation against ur company,complaint,complaint,1.0,True
question about canceling purchase {{Order Number}},cancel_order,cancel_order,1.0,True
need help receiving the company newsletter,newsletter_subscription,newsletter_subscription,1.0,True
correct details on {{Account Type}} account,edit_account,edit_account,1.0,True
check invoice #12588,check_invoice,check_invoice,1.0,True
can you help me to download my invoice #37777?,get_invoice,get_invoice,1.0,True
i need assistance checking what methods for delivery i have,delivery_options,delivery_options,1.0,True
I want help cancelling my newsletter subscription,newsletter_subscription,newsletter_subscription,1.0,True
edit information on gold account,edit_account,edit_account,1.0,True
I want help to see the cancellation penalty,check_cancellation_fee,check_cancellation_fee,1.0,True
how do i create a {{Account Category}} account,create_account,create_account,1.0,True
i have a problem with the deletion of my {{Account Type}} account,delete_account,delete_account,1.0,True
i have got to locte order {{Order Number}},track_order,track_order,1.0,True
do you shp to {{Delivery City}}?,delivery_options,delivery_options,1.0,True
"I want to check the fucking withdrawal fee, how can I do it?",check_cancellation_fee,check_cancellation_fee,1.0,True
"I don't want to talk to a bot, direct to me a human agent",contact_human_agent,contact_human_agent,1.0,True
check in what situations can I ask for reimbursements,check_refund_policy,check_refund_policy,1.0,True
I need help shoppimg several items,place_order,place_order,1.0,True
I don't know how I can download my invoice #85632,get_invoice,get_invoice,1.0,True
"I don't want my {{Account Type}} account, how could I close it?",delete_account,delete_account,1.0,True
what do i need to do to create a {{Account Type}} account,create_account,create_account,1.0,True
i dont know what i have to do to look for the bill #00108,check_invoice,check_invoice,1.0,True
assistance seeing ur money back guarantee,check_refund_policy,check_refund_policy,1.0,True
want help to see the eta of purchase {{Order Number}},track_order,track_order,1.0,True
I do not know how to reset my user password,recover_password,recover_password,1.0,True
correcting information on premium account,edit_account,edit_account,1.0,True
support correcting my delivery address,change_shipping_address,change_shipping_address,1.0,True
i dont know what i need to do to download the invoice #00108,get_invoice,get_invoice,1.0,True
I want help to see in what cases can I ask to be refunded,check_refund_policy,check_refund_policy,1.0,True
how to see what shipment options are available?,delivery_options,delivery_options,1.0,True
I need help to notify of a trouble with payment,payment_issue,payment_issue,1.0,True
find my bill from {{Person Name}},check_invoice,check_invoice,1.0,True
"I have to acquire a bloody item, I need assistance",place_order,place_order,1.0,True
assistance to check the current status of order {{Order Number}},track_order,track_order,1.0,True
can you tell me more about changing my address?,change_shipping_address,change_shipping_address,1.0,True
need to locate the bill #12588 can uhelp me,check_invoice,check_invoice,1.0,True
"I can't open a user , want help reporting a signup problem",registration_problems,registration_problems,1.0,True
help to pseak to customer support,contact_customer_service,contact_customer_service,1.0,True
"I have entered a wrong shipping address, I want to modify it",change_shipping_address,change_shipping_address,1.0,True
I am trying to se how long the shipment takes,delivery_period,delivery_period,1.0,True
i dont know what to do to report troubles with payments,payment_issue,payment_issue,1.0,True
"I have entered a wrong fucking delivery address, correct it",change_shipping_address,change_shipping_address,1.0,True
wanna notify of errors with sign-up,registration_problems,registration_problems,1.0,True
i have got toedit the address,change_shipping_address,change_shipping_address,1.0,True
can you help me requesting compensations?,get_refund,get_refund,1.0,True
wanna place an order can ya help me,place_order,place_order,1.0,True
getting bill from {{Person Name}},get_invoice,get_invoice,1.0,True
I want help to check what shipping methods are there,delivery_options,delivery_options,1.0,True
Iwant assistance to leave my feedback,review,review,1.0,True
can uhelp me ot check the goddamn early exit penalties,check_cancellation_fee,check_cancellation_fee,1.0,True
help me to check if there is anything new on the restitution,track_refund,track_refund,1.0,True
order {{Order Number}} current status,track_order,track_order,1.0,True
i need assistance creating a {{Account Type}} account for my dad,create_account,create_account,1.0,True
help  with cancelling order {{Order Number}},cancel_order,cancel_order,1.0,True
where to unsubscribe from the corporate newsletter,newsletter_subscription,newsletter_subscription,1.0,True
assistance orderint some articles,place_order,place_order,1.0,True
where do I check my last purchase estimated time of arrival?,track_order,track_order,1.0,True
notify of fucking payment issues,payment_issue,payment_issue,1.0,True
help me give a quick look at my bill #12588,check_invoice,check_invoice,1.0,True
I want help to cancel purchase {{Order Number}},cancel_order,cancel_order,1.0,True
I need help to report problems with a registration,registration_problems,registration_problems,1.0,True
i do not know how i can download my bills from {{Person Name}},get_invoice,get_invoice,1.0,True
"I ain't registered, I have got to open a {{Account Type}} account",create_account,create_account,1.0,True
need help making an customer complaint against your business,complaint,complaint,1.0,True
help making a consumer claim against your organization,complaint,complaint,1.0,True
update info on premium account,edit_account,edit_account,1.0,True
how to inform of a payment error?,payment_issue,payment_issue,1.0,True
wanna edit order {{Order Number}},change_order,change_order,1.0,True
"I need to check the termination charge, can you help me?",check_cancellation_fee,check_cancellation_fee,1.0,True
updating address,change_shipping_address,change_shipping_address,1.0,True
I don't know how I can earn an article,place_order,place_order,1.0,True
open another {{Account Type}} account,create_account,create_account,1.0,True
help me file a claim agazinst ur company,complaint,complaint,1.0,True
i cant see if there are any updates on the refund,track_refund,track_refund,1.0,True
help me making a complaint against  your company,complaint,complaint,1.0,True
I want help reporting payment problems,payment_issue,payment_issue,1.0,True
I need assistance to make a consumre reclamation,complaint,complaint,1.0,True
making claim against ur company,complaint,complaint,1.0,True
open a {{Account Type}} account,create_account,create_account,1.0,True
I do not know how I can locate my bills from {{Person Name}},check_invoice,check_invoice,1.0,True
I expect a rebate of {{Currency Symbol}}{{Refund Amount}},track_refund,track_refund,1.0,True
getting invoice from three purchases ago,get_invoice,get_invoice,1.0,True
I need help with canceling purchase {{Order Number}},cancel_order,cancel_order,1.0,True
need assistance getting the invoice #12588,get_invoice,get_invoice,1.0,True
help me to see the goddamn delivery options,delivery_options,delivery_options,1.0,True
need help with cancelliing order {{Order Number}},cancel_order,cancel_order,1.0,True
i want help retrieving my pin code,recover_password,recover_password,1.0,True
is it plssible to order from {{Delivery Country}}?,delivery_options,delivery_options,1.0,True
"the payment failed, I want assistance to notify of a problem",payment_issue,payment_issue,1.0,True
see invoicefrom {{Person Name}},check_invoice,check_invoice,1.0,True
I don't know how to change to the standard account,switch_account,switch_account,1.0,True
want help sending feedback about a service,review,review,1.0,True
i have a problem with the cancellation of a freemium account,delete_account,delete_account,1.0,True
what is order {{Order Number}} current status,track_order,track_order,1.0,True
I call to see the shipping methods,delivery_options,delivery_options,1.0,True
"my address has changed, could you help me changing it?",change_shipping_address,change_shipping_address,1.0,True
wanna receive ur company newsletter how do i do it,newsletter_subscription,newsletter_subscription,1.0,True
how to see the withdrawal penalty?,check_cancellation_fee,check_cancellation_fee,1.0,True
editing {{Account Category}} account,edit_account,edit_account,1.0,True
i want help notifying of signup errors,registration_problems,registration_problems,1.0,True
changing details on freemium account,edit_account,edit_account,1.0,True
can i see the cancellation penatlies,check_cancellation_fee,check_cancellation_fee,1.0,True
how can I reset my profile pass?,recover_password,recover_password,1.0,True
how can i contact a operator,contact_human_agent,contact_human_agent,1.0,True
ya have a section to send a comment for ur services,review,review,1.0,True
hepp seeing the bill from {{Person Name}},check_invoice,check_invoice,1.0,True
filing customer complaint against your company,complaint,complaint,1.0,True
I expect a refund of {{Refund Amount}} dollars,track_refund,track_refund,1.0,True
help me obtaining a rebate of money,get_refund,get_refund,1.0,True
"I need to see in which cases can I request refunds, help me",check_refund_policy,check_refund_policy,1.0,True
where can I purchase several of your product?,place_order,place_order,1.0,True
I need assistance to create a standard account,create_account,create_account,1.0,True
I need assistance to delete my pro account,delete_account,delete_account,1.0,True
shipmetns to {{Delivery City}},delivery_options,delivery_options,1.0,True
would it be possible to recover my profile PIN code?,recover_password,recover_password,1.0,True
check the ETA of purchase {{Order Number}},track_order,track_order,1.0,True
I can't pay for purchase {{Order Number}},cancel_order,cancel_order,1.0,True
what do i have to do to make a consumer compoaint,complaint,complaint,1.0,True
help to cancel order {{Order Number}},cancel_order,cancel_order,1.0,True
wanna track purchase {{Order Number}} will ya help me,track_order,track_order,1.0,True
I don't know how I can check the withdrawal fees,check_cancellation_fee,check_cancellation_fee,1.0,True
i want assistance to check how soon can i expect my item,delivery_period,delivery_period,1.0,True
order 113542617735902current status,track_order,change_order,0.02223710902989899,False
help me see what shipping methods are there,delivery_options,delivery_options,1.0,True
where to leave a fucking comment for your products?,review,review,1.0,True
how to sedn feedback about a service?,review,review,1.0,True
help me obtain a reimbursement,get_refund,get_refund,1.0,True
I need help to check the bloody allowed payment options,check_payment_methods,check_payment_methods,1.0,True
is it possible to place an order from {{Delivery City}},delivery_options,delivery_options,1.0,True
"I would like to track the reimbursement, how could I do it?",track_refund,track_refund,1.0,True
I want help entering the shipping address,set_up_shipping_address,set_up_shipping_address,1.0,True
need assistance cancelling purchase {{Order Number}},cancel_order,cancel_order,1.0,True
I'd like to recover the key of my user account,recover_password,recover_password,1.0,True
"I can't make a transfer, help to inform of a payment error",payment_issue,payment_issue,1.0,True
help me set up my goddamn shipping address,set_up_shipping_address,set_up_shipping_address,1.0,True
I don't know what I need to do to contact an operator,contact_human_agent,contact_human_agent,1.0,True
i dont know how i can inform of sign-up problems,registration_problems,registration_problems,1.0,True
i want help to see ur allowed payment modalities,check_payment_methods,check_payment_methods,1.0,True
how to request reimbursements of my money,get_refund,get_refund,1.0,True
is it possible to order from {{Delivery Country}},delivery_options,delivery_options,1.0,True
can I open a gold account for my daughter?,create_account,create_account,1.0,True
wanna use the premium account,switch_account,switch_account,1.0,True
wanna switch to th {{Account Category}} account could uhelp me,switch_account,switch_account,1.0,True
I need help seeing what hours I can call customer service,contact_customer_service,contact_customer_service,1.0,True
I don't know what I need to do to check the shipment options,delivery_options,delivery_options,1.0,True
is it possible to speak to someone ?,contact_human_agent,contact_human_agent,1.0,True
i want assistance to restore my user account key,recover_password,recover_password,1.0,True
i have to change something of oirder {{Order Number}} i need help,change_order,change_order,1.0,True
want help to talk to customer service,contact_customer_service,contact_customer_service,1.0,True
can I sign up to the company newsletter?,newsletter_subscription,newsletter_subscription,1.0,True
I need help submitting my secondary shipping address,set_up_shipping_address,set_up_shipping_address,1.0,True
I can't sign up to your goddamn company newsletter,newsletter_subscription,newsletter_subscription,1.0,True
need to check the bill from {{Person Name}},check_invoice,check_invoice,1.0,True
i needhelp to get my invoices from {{Person Name}},get_invoice,get_invoice,1.0,True
i dont know how to ask for compensations of money,get_refund,get_refund,1.0,True
assistance to check in which cases can i request a refund,check_refund_policy,check_refund_policy,1.0,True
would it be possible to talk with someone?,contact_human_agent,contact_human_agent,1.0,True
need help  seeing how long the shipment takes,delivery_period,delivery_period,1.0,True
want help to submit another shipping address,set_up_shipping_address,set_up_shipping_address,1.0,True
I need assistance trying to change the delivery address,change_shipping_address,change_shipping_address,1.0,True
i have problems with my pwd recovery,recover_password,recover_password,1.0,True
"I have to check the early exit fees, help me",check_cancellation_fee,check_cancellation_fee,1.0,True
itry to swap several damn products of order {{Order Number}},change_order,change_order,1.0,True
help to check how long it takes for the product to arrive,delivery_period,delivery_period,1.0,True
how can i see at what time i can call customer assistance,contact_customer_service,contact_customer_service,1.0,True
I need help to chat with a live avent,contact_human_agent,contact_human_agent,1.0,True
want assistance to get my invoices from {{Person Name}},get_invoice,get_invoice,1.0,True
tell me about cancel the corporate newsletter subscription,newsletter_subscription,newsletter_subscription,1.0,True
help updating order {{Order Number}},change_order,change_order,1.0,True
I want help trying to correct the address,change_shipping_address,change_shipping_address,1.0,True
can uhelp me changing to the standard account,switch_account,switch_account,1.0,True
have a problem with creating my platinum account,create_account,create_account,1.0,True
how do I see the status of the reimbursement?,track_refund,track_refund,1.0,True
my delivery address has changed correct it,change_shipping_address,change_shipping_address,1.0,True
delete article from order {{Order Number}},change_order,change_order,1.0,True
i do not know how i can correct my delivery address,change_shipping_address,change_shipping_address,1.0,True
i have got to see in which cases can i request my money back,check_refund_policy,check_refund_policy,1.0,True
I need to file a customer claim against your organizaion,complaint,complaint,1.0,True
i dont know how i can see the termination penalties,check_cancellation_fee,check_cancellation_fee,1.0,True
I have a problem setting the secondary shipping address up,set_up_shipping_address,set_up_shipping_address,1.0,True
I don't know how I could change to the {{Account Type}} account,switch_account,switch_account,1.0,True
tell me about a delivery address change,change_shipping_address,change_shipping_address,1.0,True
can you help me seeing the accepted payment options?,check_payment_methods,check_payment_methods,1.0,True
where to check  the termination fee?,check_cancellation_fee,check_cancellation_fee,1.0,True
help checking the current status of the restitution,track_refund,track_refund,1.0,True
what do I need to do to check the withdrawal fees?,check_cancellation_fee,check_cancellation_fee,1.0,True
need assistance to list your avaialble payment options,check_payment_methods,check_payment_methods,1.0,True
wanna report issues with online pahment,payment_issue,payment_issue,1.0,True
need help to send some feedabck about ur products,review,review,1.0,True
I want assistance to check your allowed payment options,check_payment_methods,check_payment_methods,1.0,True
need assistance entering the secondary shipping address,set_up_shipping_address,set_up_shipping_address,1.0,True
i cannot set up  the delivery address,set_up_shipping_address,set_up_shipping_address,1.0,True
I call to make a customer complaint,complaint,complaint,1.0,True
how can i get information about the delivery period,delivery_period,delivery_period,1.0,True
could I check in which cases can I ask to be reimbursed?,check_refund_policy,check_refund_policy,1.0,True
"I no longer need the user, can I remove it?",delete_account,delete_account,1.0,True
is it possible to check what shipping methods I have?,delivery_options,delivery_options,1.0,True
where to know if there is anything new on the rebate,track_refund,track_refund,1.0,True
what is order {{Order Number}} status,track_order,track_order,1.0,True
I want help to set a different shipping address up,set_up_shipping_address,set_up_shipping_address,1.0,True
lcate order {{Order Number}},track_order,track_order,0.9557663222545962,True
"I want to  use the {{Account Category}} profile, help me",switch_account,switch_account,1.0,True
can ya help me using the premium profile,switch_account,switch_account,1.0,True
I am trying to request compensations of money,get_refund,get_refund,1.0,True
what do i need to do to see the invoice #37777,check_invoice,check_invoice,1.0,True
i need assistance acquiring some rpoducts,place_order,place_order,1.0,True
need assistance to get my invoice #85632,get_invoice,get_invoice,1.0,True
could you help me to see the withdrawal charges?,check_cancellation_fee,check_cancellation_fee,1.0,True
speak to live agent,contact_human_agent,contact_human_agent,1.0,True
talk with an operator,contact_human_agent,contact_human_agent,1.0,True
I do not know wha to do to unsubscribe from the newsletter,newsletter_subscription,newsletter_subscription,1.0,True
need help setting another shipping address up,set_up_shipping_address,set_up_shipping_address,1.0,True
I need help to find my invoice #12588,check_invoice,check_invoice,1.0,True
do you have a free  phone number to call customer support?,contact_customer_service,contact_customer_service,1.0,True
i want assiswtance to find the bills from {{Person Name}},check_invoice,check_invoice,1.0,True
i need help rstoring the key of my profile,recover_password,recover_password,1.0,True
need to use the {{Account Type}} profioe can ya help me,switch_account,switch_account,1.0,True
have a question about the forgottem PIN,recover_password,recover_password,1.0,True
i cannot talk with a operator,contact_human_agent,contact_human_agent,1.0,True
can ya help me update my delivery address,change_shipping_address,change_shipping_address,1.0,True
"I need to see what shipment options are available, help me",delivery_options,delivery_options,1.0,True
wanna see bill #37777,check_invoice,check_invoice,1.0,True
assistance notifying of a signup problem,registration_problems,registration_problems,1.0,True
can uhelp me to order some of ur item,place_order,place_order,1.0,True
I have got to enter my new delivery address,set_up_shipping_address,set_up_shipping_address,1.0,True
where to see what delivery options uoffer,delivery_options,delivery_options,1.0,True
how can I speak with an agent?,contact_human_agent,contact_human_agent,1.0,True
I do not know how to open a damn freemium account,create_account,create_account,1.0,True
i expect a restitution of {{Refund Amount}} dollars,track_refund,track_refund,1.0,True
i have to see the delivery options how do i do it,delivery_options,delivery_options,1.0,True
rebate  {{Currency Symbol}}{{Refund Amount}},get_refund,get_refund,1.0,True
"I forgot the bloody key of my account, where to retrieve it?",recover_password,recover_password,1.0,True
I cannot restore my user account pwd,recover_password,recover_password,1.0,True
assistance to chat with a person,contact_human_agent,contact_human_agent,1.0,True
how do i find my invoice #00108,check_invoice,check_invoice,1.0,True
where can I demand a refund?,get_refund,get_refund,1.0,True
"I am unhappy with your services, how do I lodge a complaint?",complaint,complaint,1.0,True
where to change to the pro account,switch_account,switch_account,1.0,True
can I speak with somebody?,contact_human_agent,contact_human_agent,1.0,True
i dont knowwhat to do to submit some feedback for a product,review,review,1.0,True
what do I need to do to make a consumer complaint?,complaint,complaint,1.0,True
can I remove a freemium account?,delete_account,delete_account,1.0,True
updating info on pro account,edit_account,edit_account,1.0,True
how can I receive your fucking company newsletter?,newsletter_subscription,newsletter_subscription,1.0,True
help submitting my feedback about your company,review,review,1.0,True
is it possible to locate the bill #37777?,check_invoice,check_invoice,1.0,True
I call to check how long it takes for my parcel to  arrive,delivery_period,delivery_period,1.0,True
I need assistance closing a freemium account,delete_account,delete_account,1.0,True
i need assistance listing ur accepted payment modalities,check_payment_methods,check_payment_methods,1.0,True
how to see what shipment options I can choose?,delivery_options,delivery_options,1.0,True
where can i check how soon can i expect my product,delivery_period,delivery_period,1.0,True
i dont know what i need to do to change to the {{Account Type}} account,switch_account,switch_account,1.0,True
whta do i need to do to change to the damn gold account,switch_account,switch_account,1.0,True
I need assistance seeing purchase {{Order Number}} status,track_order,track_order,1.0,True
I want assistance to talk with an assistant,contact_human_agent,contact_human_agent,1.0,True
I do not want purchase {{Order Number}},cancel_order,cancel_order,1.0,True
i cant retrieve my account eky,recover_password,recover_password,1.0,True
open {{Account Type}} account,create_account,create_account,1.0,True
i need assistance  reporting issues with signup,registration_problems,registration_problems,1.0,True
want help restoring the pin code of my user,recover_password,recover_password,1.0,True
in which cases can I ask for my money back?,check_refund_policy,check_refund_policy,1.0,True
can you help me seeing what payment methods are allowed?,check_payment_methods,check_payment_methods,1.0,True
I need assistance to unsubscribe to the corporate newsletter,newsletter_subscription,newsletter_subscription,1.0,True
give me information about changing my address,change_shipping_address,change_shipping_address,1.0,True
setting new shipping address up,set_up_shipping_address,set_up_shipping_address,1.0,True
help me checking at what time i can reach customer support,contact_customer_service,contact_customer_service,1.0,True
I am trying to submit my secondary delivery addrerss,set_up_shipping_address,set_up_shipping_address,1.0,True
help me check the eta of the order {{Order Number}},track_order,track_order,1.0,True
"I need to check the payment modalities, can you help me?",check_payment_methods,check_payment_methods,1.0,True
help me check in which cases can I request a refund,check_refund_policy,check_refund_policy,1.0,True
help me deleting an item from purchase {{Order Number}},change_order,change_order,1.0,True
I try to purchase some articles,place_order,place_order,1.0,True
how to cancel the subscription to ur corporate newsletter,newsletter_subscription,newsletter_subscription,1.0,True
new {{Account Type}} acount for wife,create_account,create_account,1.0,True
I need help seeing how long refunds usually take,check_refund_policy,check_refund_policy,1.0,True
"I have to list your accepted payment methods, I need help",check_payment_methods,check_payment_methods,1.0,True
i want assistance to notify of a issue with payments,payment_issue,payment_issue,1.0,True
i dont know what i have to do to delete my platinum account,delete_account,delete_account,1.0,True
assistance seeing ur accepted payment modalities,check_payment_methods,check_payment_methods,1.0,True
I am trying to find my invoices from {{Person Name}},check_invoice,check_invoice,1.0,True
problem with a pro account removal,delete_account,delete_account,1.0,True
I don't know how I can submit feedback for your products,review,review,1.0,True
"I need to leave feedback about your company, how do I do it?",review,review,1.0,True
I would like to change to the {{Account Type}} account,switch_account,switch_account,1.0,True
I need assistance with opening my gold account,create_account,create_account,1.0,True
I want information about a delivery address correction,change_shipping_address,change_shipping_address,1.0,True
I would like to track the restitution,track_refund,track_refund,1.0,True
I do not know how to see the available payment modalities,check_payment_methods,check_payment_methods,1.0,True
updatikng data on platinum account,edit_account,edit_account,1.0,True
hsipping to {{Delivery Country}},delivery_options,delivery_options,1.0,True
can you help me check bill #12588?,check_invoice,check_invoice,1.0,True
how to unsubscribe from your company newsletter?,newsletter_subscription,newsletter_subscription,1.0,True
help me edit purchase {{Order Number}},change_order,change_order,1.0,True
I need assistance to recover my user profile PIN code,recover_password,recover_password,1.0,True
how can I check the withdrawal charges?,check_cancellation_fee,check_cancellation_fee,1.0,True
I can no longer pay for purchase {{Order Number}},cancel_order,cancel_order,1.0,True
I do not know what I need to do to get a reimbursement,get_refund,get_refund,1.0,True
send me my bill from {{Person Name}},get_invoice,get_invoice,1.0,True
I'm trying to see at what time i can call customer support,contact_customer_service,contact_customer_service,1.0,True
what do I need to do to order several of your item?,place_order,place_order,1.0,True
edit details on {{Account Type}} account,edit_account,edit_account,1.0,True
can uhelp me resetting the access key of my user profile,recover_password,recover_password,1.0,True
I need assistance changing to the {{Account Category}} account,switch_account,switch_account,1.0,True
I do not know what I need to do to download bill #37777,get_invoice,get_invoice,1.0,True
where can I sign up to the corporate newsletter?,newsletter_subscription,newsletter_subscription,1.0,True
i want assistance to use the standard account,switch_account,switch_account,1.0,True
want help shopping several of your item,place_order,place_order,1.0,True
correcting data on freemium account,edit_account,edit_account,1.0,True
"I am looking for the delivery options, can you help me?",delivery_options,delivery_options,1.0,True
do you have a method to leave an opinion for your services?,review,review,1.0,True
making complaint against your organization,complaint,complaint,1.0,True
I call to get my bills from {{Person Name}},get_invoice,get_invoice,1.0,True
I cannot find the withdrawal penalty,check_cancellation_fee,check_cancellation_fee,1.0,True
can you help me changing purchase {{Order Number}}?,change_order,change_order,1.0,True
can I speak with a person?,contact_human_agent,contact_human_agent,1.0,True
editing freemium  account,edit_account,edit_account,1.0,True
problem with gold account terminations,delete_account,delete_account,1.0,True
modifying purchase {{Order Number}},change_order,change_order,1.0,True
I have to buy a product,place_order,place_order,1.0,True
i have a problem with opening a {{Account Category}} account,create_account,create_account,1.0,True
I need assistance to download my bill from {{Person Name}},get_invoice,get_invoice,1.0,True
rebating {{Refund Amount}} dollars,get_refund,get_refund,1.0,True
what do I have to do to unsubscribe to your newsletter?,newsletter_subscription,newsletter_subscription,1.0,True
where can I make a customer claim against your organization?,complaint,complaint,1.0,True
see invoicefrom {{Person Name}},check_invoice,check_invoice,1.0,True
i do not know how i can enter a delivery address,set_up_shipping_address,set_up_shipping_address,1.0,True
need assistance withcanceling purchase {{Order Number}},cancel_order,cancel_order,1.0,True
"I cannot make a transfer, how to notify of a payment issue?",payment_issue,payment_issue,1.0,True
information about my forgotten PIN code,recover_password,recover_password,1.0,True
need help to check what horus I can contact customer service,contact_customer_service,contact_customer_service,1.0,True
help me see the damn early exit fee,check_cancellation_fee,check_cancellation_fee,1.0,True
I am trying to report signup problems,registration_problems,registration_problems,1.0,True
"I want to see the withdrawal fees, how can I do it?",check_cancellation_fee,check_cancellation_fee,1.0,True
check status of order {{Order Number}},track_order,track_order,1.0,True
need assistance trying to change the address,change_shipping_address,change_shipping_address,1.0,True
I try to see what hours I can contact customer service,contact_customer_service,contact_customer_service,1.0,True
i have to see how long refunds take,check_refund_policy,check_refund_policy,1.0,True
is it possible to inform of a problem with registrations?,registration_problems,registration_problems,1.0,True
I do not know what to do to check my bill from {{Person Name}},check_invoice,check_invoice,1.0,True
I want to chat with an assistant,contact_human_agent,contact_human_agent,1.0,True
"I would like to close my gold account, help me",delete_account,delete_account,1.0,True
I don't know how to change the shipping address,change_shipping_address,change_shipping_address,1.0,True
can ya help me to see what shipment options i can choose,delivery_options,delivery_options,1.0,True
tell me what hours I can get in touch with customer service,contact_customer_service,contact_customer_service,1.0,True
i want help to see what payment methods uaccept,check_payment_methods,check_payment_methods,1.0,True
help me to delete an item from order {{Order Number}},change_order,change_order,1.0,True
I am waiting for a refund of {{Currency Symbol}}{{Refund Amount}},track_refund,track_refund,1.0,True
need assistance to report a problem with signup,registration_problems,registration_problems,1.0,True
hwlp me remove the {{Account Category}} account,delete_account,delete_account,1.0,True
I have to notify of an issue with sign-up,registration_problems,registration_problems,1.0,True
want help to see how soon can i expect the package,delivery_period,delivery_period,1.0,True
i dont know how to modify the data included on my profile,edit_account,edit_account,1.0,True
can you help me receiving refunds?,get_refund,get_refund,1.0,True
can ya help me get reimbursements,get_refund,get_refund,1.0,True
modify data on {{Account Category}} account,edit_account,edit_account,1.0,True
i have an issue with my signup,registration_problems,registration_problems,1.0,True
how to open a {{Account Type}} account for my dad?,create_account,create_account,1.0,True
I want assistance to speak to a fucking live agent,contact_human_agent,contact_human_agent,1.0,True
how to see your allowed payment methods?,check_payment_methods,check_payment_methods,1.0,True
where could I check the current status of the compensation?,track_refund,track_refund,1.0,True
how can I give a quick look at my bill #00108?,check_invoice,check_invoice,1.0,True
wanna see ur payment modalities will yahelp me,check_payment_methods,check_payment_methods,1.0,True
assistance to set up a secondary shipping address,set_up_shipping_address,set_up_shipping_address,1.0,True
what is ur customer assistance mail,contact_customer_service,contact_customer_service,1.0,True
switching to another user,switch_account,switch_account,1.0,True
assistance checking the termination fees,check_cancellation_fee,check_cancellation_fee,1.0,True
i need help setting up my new delivery address,set_up_shipping_address,set_up_shipping_address,1.0,True
wanna know about the delivery period,delivery_period,delivery_period,1.0,True
i dont know what to do to inform of a bloody signup problem,registration_problems,registration_problems,1.0,True
can I update purchase {{Order Number}}?,change_order,change_order,1.0,True
where do I restore the password of my user profile?,recover_password,recover_password,1.0,True
I need help lodging a complaint against your company,complaint,complaint,1.0,True
is it possible to place na order from {{Delivery Country}},delivery_options,delivery_options,1.0,True
I want to see my rebate status,track_refund,track_refund,1.0,True
what do i need to do to leave some feedback,review,review,1.0,True
help me use the {{Account Category}} profile,switch_account,switch_account,1.0,True
I don't know what to do to change to the premium account,switch_account,switch_account,1.0,True
could you help me write a review for your services?,review,review,1.0,True
help trying to edit my delivery address,change_shipping_address,change_shipping_address,1.0,True
is it possible to remove a standard account,delete_account,delete_account,1.0,True
I want to unsubscribe from your company newsletter,newsletter_subscription,newsletter_subscription,1.0,True
need to see how long it usually take for the item to arrive,delivery_period,delivery_period,1.0,True
need help to talk to customer assistance,contact_customer_service,contact_customer_service,1.0,True
i need help checking ur accepted payment methods,check_payment_methods,check_payment_methods,1.0,True
"I can no longer afford order {{Order Number}}, can I cancel it?",cancel_order,cancel_order,1.0,True
create new {{Account Type}} account,create_account,create_account,1.0,True
"I need to earn a few of your article, how do I do it?",place_order,place_order,1.0,True
i need assistance to get the invoice from {{Person Name}},get_invoice,get_invoice,1.0,True
help me to check the withdrawal charges,check_cancellation_fee,check_cancellation_fee,1.0,True
want assistance retrieving my user account PIN,recover_password,recover_password,1.0,True
I need assistance to change to the {{Account Category}} account,switch_account,switch_account,1.0,True
I'd like to update the fucking data on my user profile,edit_account,edit_account,1.0,True
I do not know what I need to do to get bill #12588,get_invoice,get_invoice,1.0,True
need help lpocating the bloody invoice from {{Person Name}},check_invoice,check_invoice,1.0,True
wanna leave a review about a service,review,review,1.0,True
"I need to unsubscribe from your newsletter, how can I do it?",newsletter_subscription,newsletter_subscription,1.0,True
where can I check at what time I can call customer service?,contact_customer_service,contact_customer_service,1.0,True
"I need to get my bill from {{Person Name}}, how can I do it?",get_invoice,get_invoice,1.0,True
can you help me check the rebate current status?,track_refund,track_refund,1.0,True
I call to send my feedback,review,review,1.0,True
I don't know how to close my {{Account Category}} account,delete_account,delete_account,1.0,True
I need help to cancel purchase {{Order Number}},cancel_order,cancel_order,1.0,True
i cannot see tge eta of the purchase {{Order Number}},track_order,track_order,1.0,True
can I check  how soon can I expect my package?,delivery_period,delivery_period,1.0,True
I do not know what I need to do to get the bill #00108,get_invoice,get_invoice,1.0,True
assistance to track the rebate,track_refund,track_refund,1.0,True
wanna get the bil from {{Person Name}} will uhelp me,get_invoice,get_invoice,1.0,True
I don't know how to sybmit my secondary delivery address,set_up_shipping_address,set_up_shipping_address,1.0,True
help to ask for a restitution of money,get_refund,get_refund,1.0,True
help me check what hours i can contact customer assistance,contact_customer_service,contact_customer_service,1.0,True
I can't notify of problems with a registration,registration_problems,registration_problems,1.0,True
I need help seeing your reimbursement policy,check_refund_policy,check_refund_policy,1.0,True
can uhelp me cancelliung order {{Order Number}},cancel_order,cancel_order,1.0,True
can you help me unsubscribing to your corporate newsletter?,newsletter_subscription,newsletter_subscription,1.0,True
where do I check the cancellation penalties ?,check_cancellation_fee,check_cancellation_fee,1.0,True
need support tryinmg to change the address,change_shipping_address,change_shipping_address,1.0,True
help me making a reclamation,complaint,complaint,1.0,True
is it possible to place an order from {{Delivery City}} ?,delivery_options,delivery_options,1.0,True
checking bill from {{Person Name}},check_invoice,check_invoice,1.0,True
I do not know how to modify the address,change_shipping_address,change_shipping_address,1.0,True
checking invoice from {{Person Name}},check_invoice,check_invoice,1.0,True
where can I check the withdrawal charge?,check_cancellation_fee,check_cancellation_fee,1.0,True
I want assistance to cancel a gold account,delete_account,delete_account,1.0,True
errors updating shipping address,change_shipping_address,change_shipping_address,1.0,True
"I need to send feedback, how can I do it?",review,review,1.0,True
i dont know how to check what methods for delivery are there,delivery_options,delivery_options,1.0,True
wanna make a consumer complaint,complaint,complaint,1.0,True
I would like to check the early termination fees,check_cancellation_fee,check_cancellation_fee,1.0,True
i have a problem with the deletino of a gold account,delete_account,delete_account,1.0,True
how do I use the pro account?,switch_account,switch_account,1.0,True
can i speak with somebody,contact_human_agent,contact_human_agent,1.0,True
I need help making  a purchase,place_order,place_order,1.0,True
refund {{Currency Symbol}}{{Refund Amount}},get_refund,get_refund,1.0,True
what do I have to do to cancel purchase {{Order Number}}?,cancel_order,cancel_order,1.0,True
I'm trying to cancel order {{Order Number}},cancel_order,cancel_order,1.0,True
I don't know what to do to see the allowed payment methods,check_payment_methods,check_payment_methods,1.0,True
change information on premium account,edit_account,edit_account,1.0,True
can ya help me to talk to an agent,contact_human_agent,contact_human_agent,1.0,True
i cannot find the cancellation fees,check_cancellation_fee,check_cancellation_fee,1.0,True
i have got to report an issue with sign-up,registration_problems,registration_problems,1.0,True
i dont knwo how i can cancel purchase {{Order Number}},cancel_order,cancel_order,1.0,True
"I need to speak with fucking customer assistance, help me",contact_customer_service,contact_customer_service,1.0,True
new premium account,create_account,create_account,1.0,True
there is a problem trying to edit the address,change_shipping_address,change_shipping_address,1.0,True
help me getting reimbursements of my money,get_refund,get_refund,1.0,True
I need to check the available payment modalities,check_payment_methods,check_payment_methods,1.0,True
i havent signed up yet how do i open a {{Account Type}} account wirh you,create_account,create_account,1.0,True
rebating {{Refund Amount}} dollars,get_refund,get_refund,1.0,True
there is an issue submitting the new delivery address,set_up_shipping_address,set_up_shipping_address,1.0,True
getting bills from {{Person Name}},get_invoice,get_invoice,1.0,True
show me at what time I can contact customer support,contact_customer_service,contact_customer_service,1.0,True
I cannot afford order {{Order Number}},cancel_order,cancel_order,1.0,True
how to see the shipping methods,delivery_options,delivery_options,1.0,True
what do i need to do to see order {{Order Number}} status,track_order,track_order,1.0,True
"I have to change to the platinum account, how do I do it?",switch_account,switch_account,1.0,True
problem with {{Account Type}} account terminations,delete_account,delete_account,1.0,True
I need to order some articles,place_order,place_order,1.0,True
how can I reset my user profile password?,recover_password,recover_password,1.0,True
want help getting my invoice #85632,get_invoice,get_invoice,1.0,True
i dont know how i can cancel purchase {{Order Number}},cancel_order,cancel_order,1.0,True
could i modify oredr {{Order Number}},change_order,change_order,1.0,True
need to change to hte {{Account Category}} account could uhelp me,switch_account,switch_account,1.0,True
i canttalk to a human agent,contact_human_agent,contact_human_agent,1.0,True
I need help to cancel order {{Order Number}},cancel_order,cancel_order,1.0,True
want assistance seeing the ETA of purchase {{Order Number}},track_order,track_order,1.0,True
how do I order a product?,place_order,place_order,1.0,True
I am experiencing an issue trying to sign up,registration_problems,registration_problems,1.0,True
i dont know how to cancel my subscription to the newsletter,newsletter_subscription,newsletter_subscription,1.0,True
need to unsubscribe from the newsletter,newsletter_subscription,newsletter_subscription,1.0,True
assistance setting another delivery address up,set_up_shipping_address,set_up_shipping_address,1.0,True
I want hwlp to correct the shipping address,change_shipping_address,change_shipping_address,1.0,True
I have got to check in what cases can I request a refund,check_refund_policy,check_refund_policy,1.0,True
I try to check the early termination fees,check_cancellation_fee,check_cancellation_fee,1.0,True
can i check the cancellation charges,check_cancellation_fee,check_cancellation_fee,1.0,True
there are issues setting up the shipping address,set_up_shipping_address,set_up_shipping_address,1.0,True
could you help me talking to an assistant?,contact_human_agent,contact_human_agent,1.0,True
i have got to report issues with online payment,payment_issue,payment_issue,1.0,True
help me checking what shipment methods I have,delivery_options,delivery_options,1.0,True
status of order {{Order Number}},track_order,track_order,1.0,True
could you tell me about the options for shipping?,delivery_options,delivery_options,1.0,True
there is an issue submitting my secondary delivery address,set_up_shipping_address,set_up_shipping_address,1.0,True
help me check the early termination fees,check_cancellation_fee,check_cancellation_fee,1.0,True
I need help contacting customerservice,contact_customer_service,contact_customer_service,1.0,True
"I have got to use the gold account, can I get some help?",switch_account,switch_account,1.0,True
what do I need to do to check the payment methods?,check_payment_methods,check_payment_methods,1.0,True
create new {{Account Type}} account for daughter,create_account,create_account,1.0,True
what do i have to do to sign up to ur company newsletter,newsletter_subscription,newsletter_subscription,1.0,True
update inforemation on {{Account Category}} account,edit_account,edit_account,1.0,True
want help to check the eta of purchase {{Order Number}},track_order,track_order,1.0,True
see under what circumstances can i ask for reimbursements,check_refund_policy,check_refund_policy,1.0,True
I acn't unsubscribe to your company newsletter,newsletter_subscription,newsletter_subscription,1.0,True
i need help reporting a trouble with online payments,payment_issue,payment_issue,1.0,True
can you help me speak to a live agent?,contact_human_agent,contact_human_agent,1.0,True
can you help me to use the gold profile?,switch_account,switch_account,1.0,True
can I talk to customer service?,contact_customer_service,contact_customer_service,1.0,True
help me to check in which cases can i ask for reimbursements,check_refund_policy,check_refund_policy,1.0,True
how can I get information about freemium account deletions?,delete_account,delete_account,1.0,True
I am trying to contact a agent,contact_human_agent,contact_human_agent,1.0,True
can I make a customer reclamation?,complaint,complaint,1.0,True
can oyu tell me about the shipping period?,delivery_period,delivery_period,1.0,True
what do I need to do to create a {{Account Category}} account?,create_account,create_account,1.0,True
I have got to reset the PIN of my user,recover_password,recover_password,1.0,True
i want assistance to restore my goddamn account pin,recover_password,recover_password,1.0,True
help changing to the gold account,switch_account,switch_account,1.0,True
find information about opening a {{Account Type}} account,create_account,create_account,1.0,True
where to check what methods for delivery are available?,delivery_options,delivery_options,1.0,True
I'm trying to request rebates of my money,get_refund,get_refund,1.0,True
I am waiting for an rebate of {{Currency Symbol}}{{Refund Amount}},track_refund,track_refund,1.0,True
do you have a section to send feedback about a service?,review,review,1.0,True
how do I report errors with online payments ?,payment_issue,payment_issue,1.0,True
looking for invoice from {{Person Name}},check_invoice,check_invoice,1.0,True
i dont know what i have to do to check invoice #37777,check_invoice,check_invoice,1.0,True
how to request an reimbursement of money,get_refund,get_refund,1.0,True
i have toget invoice #00108 can ya help me,get_invoice,get_invoice,1.0,True
I don't know how I can change something of purchase {{Order Number}},change_order,change_order,1.0,True
I am waiting for a reimbursement of {{Currency Symbol}}{{Refund Amount}},track_refund,track_refund,1.0,True
i want help cancelling order {{Order Number}},cancel_order,cancel_order,1.0,True
help canceling purchase {{Order Number}},cancel_order,cancel_order,1.0,True
show me in which cases can I request refunds,check_refund_policy,check_refund_policy,1.0,True
I have got to demand fucking reimbursements,get_refund,get_refund,1.0,True
I need help to restore the access key of my user,recover_password,recover_password,1.0,True
creating new {{Account Type}} account for daughter,create_account,create_account,1.0,True
what do I have to do to talk to customer service?,contact_customer_service,contact_customer_service,1.0,True
how to sign up to your newsletter?,newsletter_subscription,newsletter_subscription,1.0,True
"I can't find the withdrawal penalty, I need help",check_cancellation_fee,check_cancellation_fee,1.0,True
can uhelp me seethe ETA of order {{Order Number}},track_order,track_order,1.0,True
I need help to receive an reimbursement of money,get_refund,get_refund,1.0,True
filing consumer complaint,complaint,complaint,1.0,True
i do not knwo how i can check bill #37777,check_invoice,check_invoice,1.0,True
i have to acquire some articles,place_order,place_order,1.0,True
help me to see how long it takes for the article to arrive,delivery_period,delivery_period,1.0,True
I don't know how I could request my money back,get_refund,get_refund,1.0,True
I have to see the withdrawal fees,check_cancellation_fee,check_cancellation_fee,1.0,True
what do I have to do to speak to an agent?,contact_human_agent,contact_human_agent,1.0,True
help to contact a person,contact_human_agent,contact_human_agent,1.0,True
I expect a reufnd of {{Currency Symbol}}{{Refund Amount}},track_refund,track_refund,1.0,True
is it possible to order from {{Delivery City}},delivery_options,delivery_options,1.0,True
assistance speaking to someone,contact_human_agent,contact_human_agent,1.0,True
i dont knowq what i need to do to switch to the {{Account Type}} account,switch_account,switch_account,1.0,True
I need to demand a rebate,get_refund,get_refund,1.0,True
I have errors setting up the secondary shipping address,set_up_shipping_address,set_up_shipping_address,1.0,True
I need assistance demanding compensations,get_refund,get_refund,1.0,True
help changing to the {{Account Type}} account,switch_account,switch_account,1.0,True
cance order {{Order Number}},cancel_order,cancel_order,1.0,True
waht assistance changing the address,change_shipping_address,change_shipping_address,1.0,True
another {{Account Type}} account for father,create_account,create_account,1.0,True
I need to swap a product of order {{Order Number}},change_order,change_order,1.0,True
I am waiting for a rebate of {{Refund Amount}} dollars,track_refund,track_refund,1.0,True
help me filing a complaint against your organization,complaint,complaint,1.0,True
uarent being helpful how to chat with a agent,contact_human_agent,contact_human_agent,1.0,True
can I reset the PIN of my user profile?,recover_password,recover_password,1.0,True
"I missed an item in purchase {{Order Number}}, could you add it?",change_order,change_order,1.0,True
I want assistance checking when my order is going to arrive,delivery_period,delivery_period,1.0,True
I want to send some feedback for a product,review,review,1.0,True
ned assistance to file a claim against your business,complaint,complaint,1.0,True
check payment options,check_payment_methods,check_payment_methods,1.0,True
the shipping address is not valid,set_up_shipping_address,set_up_shipping_address,1.0,True
"I can't ifnd the bloody termination charge, I need help",check_cancellation_fee,check_cancellation_fee,1.0,True
i have to receive the newsletter how to do it,newsletter_subscription,newsletter_subscription,1.0,True
help me to check the termination fees,check_cancellation_fee,check_cancellation_fee,1.0,True
show me in which cases can I ask for my money back,check_refund_policy,check_refund_policy,1.0,True
information aboutforgotten pass,recover_password,recover_password,1.0,True
I cannot sign up to the company newsletter,newsletter_subscription,newsletter_subscription,1.0,True
I do not know what I need to do to get bill #85632,get_invoice,get_invoice,1.0,True
how to buy some iterms?,place_order,place_order,1.0,True
i want assistance checking when will my item arrive,delivery_period,delivery_period,1.0,True
I have got to rfetrieve the key of my account,recover_password,recover_password,1.0,True
deliveries to {{Delivery Country}},delivery_options,delivery_options,1.0,True
help to restore the PIN code of my profile,recover_password,recover_password,1.0,True
I do not know how I could see order {{Order Number}} status,track_order,track_order,1.0,True
help to see at what time I can contact customer service,contact_customer_service,contact_customer_service,1.0,True
help locating purchase {{Order Number}},track_order,track_order,1.0,True
how can I get information about gold account deletions?,delete_account,delete_account,1.0,True
how do i make a consumer reclamation against ur business,complaint,complaint,1.0,True
I don't know how I can check what shipping options you offer,delivery_options,delivery_options,1.0,True
I'm trying to obtain a rebat of money,get_refund,get_refund,1.0,True
where could i switch to the {{Account Category}} account,switch_account,switch_account,1.0,True
how do I receive the newsletter?,newsletter_subscription,newsletter_subscription,1.0,True
what do I need to do to change the address?,change_shipping_address,change_shipping_address,1.0,True
help me to solve a payment problem,payment_issue,payment_issue,1.0,True
I need help with canceling purchase {{Order Number}},cancel_order,cancel_order,1.0,True
i have got to cancel the company newsletter subscription,newsletter_subscription,newsletter_subscription,1.0,True
"I have to call customer suupport, could I get some help?",contact_customer_service,contact_customer_service,1.0,True
can I order from {{Delivery City}}?,delivery_options,delivery_options,1.0,True
I need to remove several articles from purchase {{Order Number}},change_order,change_order,1.0,True
need assistance to make a customer claim against ur business,complaint,complaint,1.0,True
edit details on {{Account Type}} account,edit_account,edit_account,1.0,True
show me what shipping methods I have,delivery_options,delivery_options,1.0,True
tell me more about canceling my newsletter subscription,newsletter_subscription,newsletter_subscription,1.0,True
i paid {{Currency Symbol}}{{Refund Amount}} for this purchase want help receiving a refund,get_refund,get_refund,1.0,True
is it possible to set up my shipping address?,set_up_shipping_address,set_up_shipping_address,1.0,True
"I want to leave some feedback for a product, I need help",review,review,1.0,True
why I cannot set up the shipping address valid,set_up_shipping_address,set_up_shipping_address,1.0,True
I'm trying to write a review for ur company,review,review,1.0,True
correct details onGold account,edit_account,edit_account,1.0,True
I am trying to check what shipping options you offer,delivery_options,delivery_options,1.0,True
I want help seeing in which cases can I ask for a refund,check_refund_policy,check_refund_policy,1.0,True
"I have paid {{Currency Symbol}}{{Refund Amount}} for a purchase, where to obtain a rebate?",get_refund,get_refund,1.0,True
wanna leave a review about a product how to do it,review,review,1.0,True
cancel order {{Order Number}},cancel_order,cancel_order,1.0,True
order anitem,place_order,place_order,1.0,True
I need assistance ordering some articles,place_order,place_order,1.0,True
"I have to see what shipping methods I have, can you help me?",delivery_options,delivery_options,1.0,True
awnt assistance talking to an agent,contact_human_agent,contact_human_agent,1.0,True
I don't know what to do to seeorder {{Order Number}} status,track_order,track_order,1.0,True
"I lost the bill #12588, mail it to me",get_invoice,get_invoice,1.0,True
can you help me leave my feedback for your services?,review,review,1.0,True
help me see when will mny purchase arrive,delivery_period,delivery_period,1.0,True
I am calling to download the bill #12588,get_invoice,get_invoice,1.0,True
open another freemium account,create_account,create_account,1.0,True
assistance to cancel my newsletter subscription,newsletter_subscription,newsletter_subscription,1.0,True
in what situations can I ask for reimbursements?,check_refund_policy,check_refund_policy,1.0,True
need assistance cancelling order {{Order Number}},cancel_order,cancel_order,1.0,True
want help to se the invoices from {{Person Name}},check_invoice,check_invoice,1.0,True
is it possible to send some feedback about a service,review,review,1.0,True
"I want to see your money back guarantee, can you help me?",check_refund_policy,check_refund_policy,1.0,True
is it possible to notify of issues with online payment?,payment_issue,payment_issue,1.0,True
how can I notify of an error with online payment?,payment_issue,payment_issue,1.0,True
creating new {{Account Type}} account,create_account,create_account,1.0,True
assistance to request my money back,get_refund,get_refund,1.0,True
i do not know what to do to download the invoice #37777,get_invoice,get_invoice,1.0,True
i cant sign up want assistance to report a signup issue,registration_problems,registration_problems,1.0,True
I need assistance to create a {{Account Category}} account,create_account,create_account,1.0,True
can ya show me what payment payment modalities are allowed,check_payment_methods,check_payment_methods,1.0,True
help to get bill #85632,get_invoice,get_invoice,1.0,True
I am waiting for a reimbursement of {{Currency Symbol}}{{Refund Amount}},track_refund,track_refund,1.0,True
I do not know how to change to the {{Account Type}} account,switch_account,switch_account,1.0,True
I want assistance writing a comment for your company,review,review,1.0,True
I want assistance to notify of problems with an sign-up,registration_problems,registration_problems,1.0,True
want help editing my bloody personal data,edit_account,edit_account,1.0,True
can utell me more about unsubscribing to ur newsletter,newsletter_subscription,newsletter_subscription,1.0,True
i try to switch several items of order {{Order Number}},change_order,change_order,1.0,True
how can I talk to somebody?,contact_human_agent,contact_human_agent,1.0,True
i dont know how i can get refunds,get_refund,get_refund,1.0,True
I do not know how to create a {{Account Category}} account,create_account,create_account,1.0,True
"I paid {{Currency Symbol}}{{Refund Amount}} for a purchase, help me obtaining my money back",get_refund,get_refund,1.0,True
i need assistance to get reimbursements of money,get_refund,get_refund,1.0,True
can I change a product of order {{Order Number}}?,change_order,change_order,1.0,True
can i send  feedback for ur services,review,review,1.0,True
"I have to list the allowed payment modalities, help me",check_payment_methods,check_payment_methods,1.0,True
I'm waiting for a reimbursement of {{Currency Symbol}}{{Refund Amount}},track_refund,track_refund,1.0,True
how to get my bill from {{Person Name}} ?,get_invoice,get_invoice,1.0,True
assistance resetting the key of my user account,recover_password,recover_password,1.0,True
where to report issues with a sign-up?,registration_problems,registration_problems,1.0,True
I am trying to sign up to the company newsletter,newsletter_subscription,newsletter_subscription,1.0,True
need assistance informing of a trouble with payment,payment_issue,payment_issue,1.0,True
i do not know what i neerd to do to download my bill #12588,get_invoice,get_invoice,1.0,True
help with a fucking address change,change_shipping_address,change_shipping_address,1.0,True
I can't unsubscrie to the newsletter,newsletter_subscription,newsletter_subscription,1.0,True
can uhelp  me talk to an operator,contact_human_agent,contact_human_agent,1.0,True
I don't know what to do to restore my user profikle PIN,recover_password,recover_password,1.0,True
how do I correct purchase {{Order Number}}?,change_order,change_order,1.0,True
i want help to solve an issue with payments,payment_issue,payment_issue,1.0,True
help me check in what cases can I request my money back,check_refund_policy,check_refund_policy,1.0,True
i dont know what i have to do to switch to the gold account,switch_account,switch_account,1.0,True
correcting info on {{Account Type}} aqccount,edit_account,edit_account,1.0,True
checking bill from {{Person Name}},check_invoice,check_invoice,1.0,True
"I haave to check the termination charge, I need help",check_cancellation_fee,check_cancellation_fee,1.0,True
would it be possible to inform of a problem with payment?,payment_issue,payment_issue,1.0,True
new platinum acount,create_account,create_account,1.0,True
"I want to send feedback for your company, help me",review,review,1.0,True
delieries to {{Delivery City}},delivery_options,delivery_options,1.0,True
what do I have to do to notify of a problem with payments?,payment_issue,payment_issue,1.0,True
how to use the {{Account Type}} profile,switch_account,switch_account,1.0,True
I don't know how to cancel my subscription to the newsletter,newsletter_subscription,newsletter_subscription,1.0,True
i want help to track purchase00123842,track_order,track_order,1.0,True
refunding {{Refund Amount}}  dollars,get_refund,get_refund,1.0,True
whta do I have to do to close my {{Account Category}} account?,delete_account,delete_account,1.0,True
could i see in what cases can i request refundcs,check_refund_policy,check_refund_policy,1.0,True
check invoice from last purchase,check_invoice,check_invoice,1.0,True
I have a problem with cancelling purchase {{Order Number}},cancel_order,cancel_order,1.0,True
i want asistance to check the damn ETA of order {{Order Number}},track_order,track_order,1.0,True
i want information about creating a {{Account Category}} account,create_account,create_account,1.0,True
want assistance reportingan issue with a sign-up,registration_problems,registration_problems,1.0,True
can uhelp me check how soon can i epect the delivery,delivery_period,delivery_period,1.0,True
"I ain't registered, how to open a {{Account Category}} account?",create_account,create_account,1.0,True
is it possible to purchase some articles?,place_order,place_order,1.0,True
I need to submit my delivery address,set_up_shipping_address,set_up_shipping_address,1.0,True
"I cannot understand a word you say, can I contact someone?",contact_human_agent,contact_human_agent,1.0,True
"I need to check the available payment methods, help me",check_payment_methods,check_payment_methods,1.0,True
"I have lost my invoices from {{Person Name}}, show it tome",check_invoice,check_invoice,1.0,True
can you help me recover my user profile password?,recover_password,recover_password,1.0,True
would it be possible to see what shipping options are there?,delivery_options,delivery_options,1.0,True
order 00004587345current status,track_order,track_order,1.0,True
"I have to see the shipping options, I need help",delivery_options,delivery_options,1.0,True
uhave a way to leave an opinion for ur products,review,review,1.0,True
want assistance cancelling my pro account,delete_account,delete_account,1.0,True
tracking order,track_order,track_order,1.0,True
I need to swap an item of purchase {{Order Number}},change_order,change_order,1.0,True
is it possible to receive the company newsletter?,newsletter_subscription,newsletter_subscription,1.0,True
need assistance making a consumer claim against ur company,complaint,complaint,1.0,True
show me in what cases can I ask for refunds,check_refund_policy,check_refund_policy,1.0,True
i dont know whatto do to talk to customer assistance,contact_customer_service,contact_customer_service,1.0,True
i need assistance entering a secondary delivery address,set_up_shipping_address,set_up_shipping_address,1.0,True
I do not know how I can receive the newsletter,newsletter_subscription,newsletter_subscription,1.0,True
i have problems with canceling order {{Order Number}},cancel_order,cancel_order,1.0,True
can ya help me to wrtie a comment for a service,review,review,1.0,True
i want help to talk to customer assistance,contact_customer_service,contact_customer_service,1.0,True
i need help to cancel the newsletter subscription,newsletter_subscription,newsletter_subscription,1.0,True
could uhelp me to lodge a customer clain,complaint,complaint,1.0,True
is it possible to talk to damn customer support?,contact_customer_service,contact_customer_service,1.0,True
troubles entering my secondary delivery address,set_up_shipping_address,set_up_shipping_address,1.0,True
can yaa help me talking with a live agent,contact_human_agent,contact_human_agent,1.0,True
"I need to correct the address, can you help me?",change_shipping_address,change_shipping_address,1.0,True
information about the termination of my pro account,delete_account,delete_account,1.0,True
I don't know what I have to do to cancel the {{Account Type}} account,delete_account,delete_account,1.0,True
tell me about a shipping address modification,change_shipping_address,change_shipping_address,1.0,True
i need help cancelling the company newsletter subsrciption,newsletter_subscription,newsletter_subscription,1.0,True
how do I track purchase {{Order Number}}?,track_order,track_order,1.0,True
assistance to delete my pro account,delete_account,delete_account,1.0,True
updating freemium account,edit_account,edit_account,1.0,True
i want help notifying of a signup problem,registration_problems,registration_problems,1.0,True
help me check the terminatio charges,check_cancellation_fee,check_cancellation_fee,1.0,True
can I check how long the shipping takes?,delivery_period,delivery_period,1.0,True
I need to speak with a person,contact_human_agent,contact_human_agent,1.0,True
edit info on {{Account Category}} account,edit_account,edit_account,1.0,True
I don't know how I can cancel purchase {{Order Number}},cancel_order,cancel_order,1.0,True
help seeing how long it takes for my shipment to arrive,delivery_period,delivery_period,1.0,True
I don't know how I can talk to an assistant,contact_human_agent,contact_human_agent,1.0,True
"I cannot open a profile, can I report bloody signup errors?",registration_problems,registration_problems,1.0,True
find bill #12588,check_invoice,check_invoice,1.0,True
creating platinum account,create_account,create_account,1.0,True
show current status of restitution,track_refund,track_refund,1.0,True
lodge reclamtaion against ur business,complaint,complaint,1.0,True
I want help to report a bloody error with onlien payments,payment_issue,payment_issue,1.0,True
what do i need to do to check the status of the restitution,track_refund,track_refund,1.0,True
want assistance to send feedback about your company,review,review,1.0,True
there is an issue trying to change my shipping address,change_shipping_address,change_shipping_address,1.0,True
need help making a consumer complaint against ur company,complaint,complaint,1.0,True
need help seeing in which situations can I request refunds,check_refund_policy,check_refund_policy,1.0,True
assistance to inform of issues with payments,payment_issue,payment_issue,1.0,True
i have to check if there are any news on the restitution,track_refund,track_refund,1.0,True
I'm calling to see the shipment methods,delivery_options,delivery_options,1.0,True
correct details on {{Account Category}} account,edit_account,edit_account,1.0,True
I expect a compensation of {{Currency Symbol}}{{Refund Amount}},track_refund,track_refund,1.0,True
want assistance listing the allowed payment modalities,check_payment_methods,check_payment_methods,1.0,True
can I modify purchase {{Order Number}}?,change_order,change_order,1.0,True
I need assistance to look for the invoice #00108,check_invoice,check_invoice,1.0,True
i no longer make us of my pro account need help deleting it,delete_account,delete_account,1.0,True
I need help to reset the PIN of my user profile,recover_password,recover_password,1.0,True
I want to earn an article,place_order,place_order,1.0,True
is it possible toorder from {{Delivery City}},delivery_options,delivery_options,1.0,True
I am trying to cancel purchase {{Order Number}},cancel_order,cancel_order,1.0,True
where do I retrieve the key of my user profile?,recover_password,recover_password,1.0,True
updating info on {{Account Category}} account,edit_account,edit_account,1.0,True
I am trying to chat with someone,contact_human_agent,contact_human_agent,1.0,True
i do not nkow how to delete the standard account,delete_account,delete_account,1.0,True
i dont know how to see the eta of order {{Order Number}},track_order,track_order,1.0,True
swap several items of order {{Order Number}},change_order,change_order,1.0,True
I want help to edit order {{Order Number}},change_order,change_order,1.0,True
status of order {{Order Number}},track_order,track_order,1.0,True
can uhelp me canceling purchase {{Order Number}},cancel_order,cancel_order,1.0,True
"I have got to talk with customer support, I need help",contact_customer_service,contact_customer_service,1.0,True
want assistance seeing the fucking ETA of order {{Order Number}},track_order,track_order,1.0,True
where to make a customer claim?,complaint,complaint,1.0,True
I no longer want order {{Order Number}},cancel_order,cancel_order,1.0,True
I do not know how to reauest reimbursements,get_refund,get_refund,1.0,True
need help seeing in what situations can i ask to be refunded,check_refund_policy,check_refund_policy,1.0,True
can uhelp me to add a bloody item topurchase {{Order Number}},change_order,change_order,1.0,True
how do I change to the standard account?,switch_account,switch_account,1.0,True
I do not know wht I have to do to get my invoice #85632,get_invoice,get_invoice,1.0,True
"I want to earn a product, how can I do iut?",place_order,place_order,1.0,True
I do not know what to do to retrieve the key of my profile,recover_password,recover_password,1.0,True
wana talk to a goddamn person,contact_human_agent,contact_human_agent,1.0,True
assistance downloading my invoice from {{Person Name}},get_invoice,get_invoice,1.0,True
i expect a restitution of {{Refund Amount}} dollars,track_refund,track_refund,1.0,True
I don't know how to see when my item is going to arrive,delivery_period,delivery_period,1.0,True
shipping to {{Delivery City}},delivery_options,delivery_options,1.0,True
I want help to earn something,place_order,place_order,1.0,True
"I can't find the early exit penalty, will you help me?",check_cancellation_fee,check_cancellation_fee,1.0,True
I try to report errors with payment,payment_issue,payment_issue,1.0,True
can you help me give a quick look at bill #00108?,check_invoice,check_invoice,1.0,True
how do i see the damn status of order {{Order Number}},track_order,track_order,1.0,True
where to report an error with payments?,payment_issue,payment_issue,1.0,True
how can i see the current status of order {{Order Number}},track_order,track_order,1.0,True
there are troubles updating the address,change_shipping_address,change_shipping_address,1.0,True
can i speak with an assistant,contact_human_agent,contact_human_agent,1.0,True
how do I download my bills from {{Person Name}}?,get_invoice,get_invoice,1.0,True
hsipping to {{Delivery Country}},delivery_options,delivery_options,1.0,True
I am waiting for a compensation of {{Refund Amount}} dollars,track_refund,track_refund,1.0,True
updating {{Account Type}} accojnt,edit_account,edit_account,1.0,True
I cannot reset my user profile PIN,recover_password,recover_password,1.0,True
deleting standard accoumt,delete_account,delete_account,1.0,True
"I have got to report issues with signup, help me",registration_problems,registration_problems,1.0,True
is it possible to see the early exit fees?,check_cancellation_fee,check_cancellation_fee,1.0,True
is it possible to get a reimbursement?,get_refund,get_refund,1.0,True
delete a product from order {{Order Number}},change_order,change_order,1.0,True
ya have a free of charge phone no to call customer service,contact_customer_service,contact_customer_service,1.0,True
I need to report errors with payment,payment_issue,payment_issue,1.0,True
can uhelp me cancelliung order {{Order Number}},cancel_order,cancel_order,1.0,True
help to see ur money back policy,check_refund_policy,check_refund_policy,1.0,True
"I have to open a gold account, how do I do it?",create_account,create_account,1.0,True
help me seeing what hours I can call customer service,contact_customer_service,contact_customer_service,1.0,True
where can I see if there are any updates on the restitution?,track_refund,track_refund,1.0,True
I have to check at what time I can reach customer support,contact_customer_service,contact_customer_service,1.0,True
"I have lost my account PIN code, how do I restore it?",recover_password,recover_password,1.0,True
I need help adding an article to purchase {{Order Number}},change_order,change_order,1.0,True
"I haven't registered, can I open a standard account?",create_account,create_account,1.0,True
can ya help me checking the withrawal fee,check_cancellation_fee,check_cancellation_fee,1.0,True
I don't know how to report problems with sign-up,registration_problems,registration_problems,1.0,True
i need help to cancel purchase {{Order Number}},cancel_order,cancel_order,1.0,True
help to see if there is anything wrong with the refund,track_refund,track_refund,1.0,True
would it be possible to talk with somebody?,contact_human_agent,contact_human_agent,1.0,True
can I open a standard account for my daughter?,create_account,create_account,1.0,True
need help to get a copmpensation of money,get_refund,get_refund,1.0,True
want assistance to check the ETA of purchase {{Order Number}},track_order,track_order,1.0,True
what are the available shipment options?,delivery_options,delivery_options,1.0,True
want assistance to acquire several items,place_order,place_order,1.0,True
i dont know how i could reset the pin of my profile,recover_password,recover_password,1.0,True
what hours can I call customer assistance?,contact_customer_service,contact_customer_service,1.0,True
where can I open a {{Account Type}} account for my daughter?,create_account,create_account,1.0,True
modifying {{Account Type}} account,edit_account,edit_account,1.0,True
I want assistance setting up a delivery address,set_up_shipping_address,set_up_shipping_address,1.0,True
help cancelling order {{Order Number}},cancel_order,cancel_order,1.0,True
i have a question about creating a freemium account,create_account,create_account,1.0,True
I need help to edit the address,change_shipping_address,change_shipping_address,1.0,True
"I have got to download the bill #12588, how do I do it?",get_invoice,get_invoice,1.0,True
i dont know how to cancel order {{Order Number}},cancel_order,cancel_order,1.0,True
help me know if there are any news on my compensation,track_refund,track_refund,1.0,True
need help signing up to the newsletter,newsletter_subscription,newsletter_subscription,1.0,True
updating standard account,edit_account,edit_account,1.0,True
i cant set up the new shipping address,set_up_shipping_address,set_up_shipping_address,1.0,True
I need help acquiring some prdoucts,place_order,place_order,1.0,True
where to lodge a complaint against ur company,complaint,complaint,1.0,True
how do I create a standard account for my daughter?,create_account,create_account,1.0,True
can you help me cancel purchase {{Order Number}}?,cancel_order,cancel_order,1.0,True
how do I edit order {{Order Number}}?,change_order,change_order,1.0,True
where do I check what hours I can reach customer service?,contact_customer_service,contact_customer_service,1.0,True
I try to see what hours customer service aailable is,contact_customer_service,contact_customer_service,1.0,True
"I want to check my restitution status, I need help",track_refund,track_refund,1.0,True
how can I switch an article of purchase {{Order Number}}?,change_order,change_order,1.0,True
i dont know how i can shop several of ur article,place_order,place_order,1.0,True
I want help checking the accepted payment modalities,check_payment_methods,check_payment_methods,1.0,True
change data on platinum account,edit_account,edit_account,1.0,True
I want to restore the  PIN code of my account,recover_password,recover_password,1.0,True
I donot know what to do to demand a refund,get_refund,get_refund,1.0,True
I want help to cancle purchase {{Order Number}},cancel_order,cancel_order,1.0,True
I want support trying to modify the address,change_shipping_address,change_shipping_address,1.0,True
"I cannot open a user, I have to inform of a signup issue",registration_problems,registration_problems,1.0,True
I expect a restitution of {{Refund Amount}} dollars,track_refund,track_refund,1.0,True
"I paid {{Currency Symbol}}{{Refund Amount}} for a product, help me to get a bloody rebate",get_refund,get_refund,1.0,True
what do I have to do to report problems with online payment?,payment_issue,payment_issue,1.0,True
i do not know what to do to speak to customer service,contact_customer_service,contact_customer_service,1.0,True
how t see the allowed payment methods,check_payment_methods,check_payment_methods,1.0,True
there is a trouble trying to edit the address,change_shipping_address,change_shipping_address,1.0,True
check the goddamn early exit charges,check_cancellation_fee,check_cancellation_fee,1.0,True
how too recover the key of my user account,recover_password,recover_password,1.0,True
"I can't make a transfer, I need to inform of payment issues",payment_issue,payment_issue,1.0,True
I want help trying to edit my shipping address,change_shipping_address,change_shipping_address,1.0,True
need to submut a delivery address,set_up_shipping_address,set_up_shipping_address,1.0,True
wanna know about cancel the subscription to ur newsletter,newsletter_subscription,newsletter_subscription,1.0,True
could I know if there are any updates on my rebate?,track_refund,track_refund,1.0,True
show me ETA of purchase {{Order Number}},track_order,track_order,1.0,True
"I want to see what shipping methods are there, help me",delivery_options,delivery_options,1.0,True
i do not know what to do to receive compensations of money,get_refund,get_refund,1.0,True
help me to report problems with a signup,registration_problems,registration_problems,1.0,True
assistance to shop some articles,place_order,place_order,1.0,True
I don't know what to do to remove a {{Account Category}} aaccount,delete_account,delete_account,1.0,True
order some of your product,place_order,place_order,1.0,True
I don't know how to correct the data included on my account,edit_account,edit_account,1.0,True
i have problems submitting my new delivery address,set_up_shipping_address,set_up_shipping_address,1.0,True
i cannot swap a product of order {{Order Number}},change_order,change_order,1.0,True
i need help to change to the gold account,switch_account,switch_account,1.0,True
I need to check at what time I can reach customer assistance,contact_customer_service,contact_customer_service,1.0,True
i cannot pay for puchase {{Order Number}} how could i cancel it,cancel_order,cancel_order,1.0,True
how can i find information about opening {{Account Category}} accounts,create_account,create_account,1.0,True
i dont know what i have to do to delete my {{Account Type}} account,delete_account,delete_account,1.0,True
I'm waiting for a restitution of {{Refund Amount}} dollars,track_refund,track_refund,1.0,True
is there a way to submit a comment for your services?,review,review,1.0,True
what do I have to do to notify of payment issues?,payment_issue,payment_issue,1.0,True
howto inform of problems with signup?,registration_problems,registration_problems,1.0,True
is it possible to buy several of your item?,place_order,place_order,1.0,True
wannasee in what situations can i ask to be refunded,check_refund_policy,check_refund_policy,1.0,True
I have  got to see the termination charges,check_cancellation_fee,check_cancellation_fee,1.0,True
recover the PIN code of my account,recover_password,recover_password,1.0,True
what do i need to do to chat with an operator,contact_human_agent,contact_human_agent,1.0,True
how can i get information about my pass reset,recover_password,recover_password,1.0,True
wanna know more about the shipping period,delivery_period,delivery_period,1.0,True
how can i contact customer support,contact_customer_service,contact_customer_service,1.0,True
how to check what delivery methods I have?,delivery_options,delivery_options,1.0,True
what do i have to do to buy some items,place_order,place_order,1.0,True
where can I check what hours I can contact customer support?,contact_customer_service,contact_customer_service,1.0,True
modify details on platinum account,edit_account,edit_account,1.0,True
I do not know how to give a quick look at the invoice #00108,check_invoice,check_invoice,1.0,True
want help to see in which situations can I ask for refunds,check_refund_policy,check_refund_policy,1.0,True
i have to list thye available payment modalities,check_payment_methods,check_payment_methods,1.0,True
I want help to modify purchase {{Order Number}},change_order,change_order,1.0,True
I want helpto see your refund policy,check_refund_policy,check_refund_policy,1.0,True
how could I check the early termination fees?,check_cancellation_fee,check_cancellation_fee,1.0,True
can ay help me to inform of issues with payment,payment_issue,payment_issue,1.0,True
can you help me to request a reimbursement of money?,get_refund,get_refund,1.0,True
I'm waiting for a restitution of {{Refund Amount}} dollras,track_refund,track_refund,1.0,True
could I get my bill from {{Person Name}}?,get_invoice,get_invoice,1.0,True
wanna open a gold account,create_account,create_account,1.0,True
can you help me looking for my invoice #12588?,check_invoice,check_invoice,1.0,True
i need help to subvmit some feedback about ur products,review,review,1.0,True
I do not know what I need to dp to contact an agent,contact_human_agent,contact_human_agent,1.0,True
"I would like to see the delivery options, could you help me?",delivery_options,delivery_options,1.0,True
I would like to edit my user data,edit_account,edit_account,1.0,True
can you help me sign up to the newsletter?,newsletter_subscription,newsletter_subscription,1.0,True
want help trying to correct the address,change_shipping_address,change_shipping_address,1.0,True
i do notuse the bloody {{Account Type}} account i try to delete it,delete_account,delete_account,1.0,True
I need assistance unsubscribinbg to your newsletter,newsletter_subscription,newsletter_subscription,1.0,True
see in what cases can I request refunds,check_refund_policy,check_refund_policy,1.0,True
I'm waiting for an refund of {{Currency Symbol}}{{Refund Amount}},track_refund,track_refund,1.0,True
modify information on pro acfount,edit_account,edit_account,1.0,True
need help with canceling purchase {{Order Number}},cancel_order,cancel_order,1.0,True
check at what time I can contact customer service,contact_customer_service,contact_customer_service,1.0,True
I don't know what to do to lodge a complaint,complaint,complaint,1.0,True
seeing status of purchase {{Order Number}},track_order,track_order,1.0,True
I have got to check what goddamn delivery methods I have,delivery_options,delivery_options,1.0,True
what do I need to do to see what delivery options you offer?,delivery_options,delivery_options,1.0,True
I want help buying a few of your article,place_order,place_order,1.0,True
i do not know what i need to do to check invoice #12588,check_invoice,check_invoice,1.0,True
assistance to swap some products of purchase {{Order Number}},change_order,change_order,1.0,True
"I have to see my compensation status, help me",track_refund,track_refund,1.0,True
I need help to see the cancellation fee,check_cancellation_fee,check_cancellation_fee,1.0,True
I want assistance to reset the PIN of my  profile,recover_password,recover_password,1.0,True
I can't afford order {{Order Number}},cancel_order,cancel_order,1.0,True
where to acquire several of your item?,place_order,place_order,1.0,True
I don't know what to do to order a few of your article,place_order,place_order,1.0,True
could i delete a item from purchase {{Order Number}},change_order,change_order,1.0,True
help seeing what hours customer assistance available is,contact_customer_service,contact_customer_service,1.0,True
can ay help me notifying of a trouble with payment,payment_issue,payment_issue,1.0,True
how to see at what time customer service available is?,contact_customer_service,contact_customer_service,1.0,True
"I have to purchase several of your product, I need help",place_order,place_order,1.0,True
I want help to leave feedback for your services,review,review,1.0,True
uhave a mail address to get in touch with customer support,contact_customer_service,contact_customer_service,1.0,True
I want to see the status of order {{Order Number}},track_order,track_order,1.0,True
I don't know what I have to do to update my delivery address,change_shipping_address,change_shipping_address,1.0,True
want assistance to write a comment about your company,review,review,1.0,True
want help to check my reimbursement current status,track_refund,track_refund,1.0,True
wanna see at what time i can reach customer assistance,contact_customer_service,contact_customer_service,1.0,True
how could I file a claim against your organization?,complaint,complaint,1.0,True
changing information on {{Account Type}} account,edit_account,edit_account,1.0,True
help me modify ym shipping address,change_shipping_address,change_shipping_address,1.0,True
"my address has changed, how could I change it?",change_shipping_address,change_shipping_address,1.0,True
i  dont know what i need to do to speak with a live agent,contact_human_agent,contact_human_agent,1.0,True
is it possible to check when my order is gonna arrive,delivery_period,delivery_period,1.0,True
can ya help me lodge a claim against ur organization,complaint,complaint,1.0,True
can you help me switching to the pro account?,switch_account,switch_account,1.0,True
how to modify my shippng address,change_shipping_address,change_shipping_address,1.0,True
cancel platinum acount,delete_account,delete_account,1.0,True
create nbew {{Account Type}} account,create_account,create_account,1.0,True
can i place an order from {{Delivery Country}},delivery_options,delivery_options,1.0,True
I do not know how to shop several products,place_order,place_order,1.0,True
can you help me seeing the status of order {{Order Number}}?,track_order,track_order,1.0,True
give me information about a shipping address update,change_shipping_address,change_shipping_address,1.0,True
how do I report an error with sign-up?,registration_problems,registration_problems,1.0,True
there is a problem setting my new shipping address up,set_up_shipping_address,set_up_shipping_address,1.0,True
help me see what hours customer support available is,contact_customer_service,contact_customer_service,1.0,True
"my new shipping address is invalid, can you help me?",set_up_shipping_address,set_up_shipping_address,1.0,True
"I do not use the damn {{Account Category}} account, help canceling it",delete_account,delete_account,1.0,True
"I lost bill #85632, could you mail it to me?",get_invoice,get_invoice,1.0,True
how to see the shipment options,delivery_options,delivery_options,1.0,True
i do not know how i could see ur payment modalities,check_payment_methods,check_payment_methods,1.0,True
i need assistance to see the early termination penalty,check_cancellation_fee,check_cancellation_fee,1.0,True
how colud I notify of registration problems?,registration_problems,registration_problems,1.0,True
how could I create a standard account for my fiance?,create_account,create_account,1.0,True
want help switching to the premium account,switch_account,switch_account,1.0,True
updaing info on standard account,edit_account,edit_account,1.0,True
how to inform of an issue with a registration?,registration_problems,registration_problems,1.0,True
can I check order {{Order Number}} current status?,track_order,track_order,1.0,True
I'm trying to report troubles with online  payment,payment_issue,payment_issue,1.0,True
how to subscribe to the newsletter?,newsletter_subscription,newsletter_subscription,1.0,True
I don't know how I can buy several of yur product,place_order,place_order,1.0,True
i want assistance to notify of errors with online payment,payment_issue,payment_issue,1.0,True
i want assistance to get rebates of my money,get_refund,get_refund,1.0,True
help checking in which situations can i ask to be refunded,check_refund_policy,check_refund_policy,1.0,True
I can't pay  for order {{Order Number}},cancel_order,cancel_order,1.0,True
I do not know what I need to do to inform of payment errors,payment_issue,payment_issue,1.0,True
I need assistance to speak to na assistant,contact_human_agent,contact_human_agent,1.0,True
where to submit my feedback for your company?,review,review,1.0,True
I don't know how I could restore my user key,recover_password,recover_password,1.0,True
want assistance checking the early termination penalty,check_cancellation_fee,check_cancellation_fee,1.0,True
can uhelp me cancelling purchazse {{Order Number}},cancel_order,cancel_order,1.0,True
i dont know how to cncel purchase {{Order Number}},cancel_order,cancel_order,1.0,True
need help obtaining rebates,get_refund,get_refund,1.0,True
cancel platinum account,delete_account,delete_account,1.0,True
I do not know what to do to acquire a few of your product,place_order,place_order,1.0,True
I need help recoveting my user profile key,recover_password,recover_password,1.0,True
open another {{Account Category}} account,create_account,create_account,1.0,True
i try to see the early temrination penalty,check_cancellation_fee,check_cancellation_fee,1.0,True
I try to see purchase {{Order Number}} current status,track_order,track_order,1.0,True
check order {{Order Number}} status,track_order,track_order,1.0,True
i call to file a consumer claim against ur company,complaint,complaint,1.0,True
I don't know what to do to submit a shipping address,set_up_shipping_address,set_up_shipping_address,1.0,True
I need assistance to notify of a payment error,payment_issue,payment_issue,1.0,True
I want help to see the termination penalty,check_cancellation_fee,check_cancellation_fee,1.0,True
I'm calling to gt the bloody bills from {{Person Name}},get_invoice,get_invoice,1.0,True
I am trying to cancel purchaes {{Order Number}},cancel_order,cancel_order,1.0,True
see the bill from {{Person Name}},check_invoice,check_invoice,1.0,True
I'm trying to report a probloem with a fucking signup,registration_problems,registration_problems,1.0,True
i want assistance removing my damn {{Account Type}} account,delete_account,delete_account,1.0,True
creating gold account,create_account,create_account,1.0,True
i have to receive ur corporate newsletter,newsletter_subscription,newsletter_subscription,1.0,True
I do not know what I need to do to download invoice #85632,get_invoice,get_invoice,1.0,True
i want help correcting purchase {{Order Number}},change_order,change_order,1.0,True
I have a problem with the shipment options,delivery_options,delivery_options,1.0,True
can you help me to set a shipping address up?,set_up_shipping_address,set_up_shipping_address,1.0,True
where can I download the invoice #37777?,get_invoice,get_invoice,1.0,True
where to subscribe to the newsletter?,newsletter_subscription,newsletter_subscription,1.0,True
i have a problem with an adress update,change_shipping_address,change_shipping_address,1.0,True
i try to sap some items of order {{Order Number}},change_order,change_order,1.0,True
I do not know what I have to do to correct my address,change_shipping_address,change_shipping_address,1.0,True
assistance to lodge a fucking consumer claim,complaint,complaint,1.0,True
I don't know how to make a claim against your organization,complaint,complaint,1.0,True
i cant delete some items from order {{Order Number}},change_order,change_order,1.0,True
want assistance to cancel order  {{Order Number}},cancel_order,cancel_order,1.0,True
I try tosubmit my secondary delivery address,set_up_shipping_address,set_up_shipping_address,1.0,True
I don't know what I need to do to speak to customer service,contact_customer_service,contact_customer_service,1.0,True
I am trying to download the bills from {{Person Name}},get_invoice,get_invoice,1.0,True
I need help seeing the bills from {{Person Name}},check_invoice,check_invoice,1.0,True
assistance seeing in what situations can I request a refund,check_refund_policy,check_refund_policy,1.0,True
Itry to see your available payment modalities,check_payment_methods,check_payment_methods,1.0,True
I need to check the payment methods,check_payment_methods,check_payment_methods,1.0,True
I'm trying to list ur payment methods,check_payment_methods,check_payment_methods,1.0,True
there is an error setting a secondary delivery address up,set_up_shipping_address,set_up_shipping_address,1.0,True
are there early termination fees?,check_cancellation_fee,check_cancellation_fee,1.0,True
modify details on {{Account Type}} account,edit_account,edit_account,1.0,True
need to know if there are any updates on the ocmpensation,track_refund,track_refund,1.0,True
I expect a compendation of {{Currency Symbol}}{{Refund Amount}},track_refund,track_refund,1.0,True
I'm dissatisfied with ur services help to file a reclamation,complaint,complaint,1.0,True
help me modifying order {{Order Number}},change_order,change_order,1.0,True
edit details on premium account,edit_account,edit_account,1.0,True
help removing several products from purchase {{Order Number}},change_order,change_order,1.0,True
I want help to see what payment options you accept,check_payment_methods,check_payment_methods,1.0,True
how to notify of issues with payment?,payment_issue,payment_issue,1.0,True
where can I set the new delivery address up?,set_up_shipping_address,set_up_shipping_address,1.0,True
I can't see if there are any updates on my compensation,track_refund,track_refund,1.0,True
needx help to check the ETA of purchase {{Order Number}},track_order,track_order,1.0,True
where do I check the early exit fee?,check_cancellation_fee,check_cancellation_fee,1.0,True
I need help cancelling a {{Account Category}} account,delete_account,delete_account,1.0,True
i aint registered yet could i create a bloody gold acocunt,create_account,create_account,1.0,True
where can I give a quick look at invoice #37777?,check_invoice,check_invoice,1.0,True
help seeing at what time customer service available is,contact_customer_service,contact_customer_service,1.0,True
I need information about the removal of a premium account,delete_account,delete_account,1.0,True
do you have an address to send a review?,review,review,1.0,True
I don't know what I have to do to modify my delivery address,change_shipping_address,change_shipping_address,1.0,True
assistance chatting with an operator,contact_human_agent,contact_human_agent,1.0,True
edit order {{Order Number}},change_order,change_order,1.0,True
what do i need to do to set up a different shipping address,set_up_shipping_address,set_up_shipping_address,1.0,True
where do I open a premium account?,create_account,create_account,1.0,True
is it possible to check the withdrawal charges,check_cancellation_fee,check_cancellation_fee,1.0,True
help me check the allowed payment methods,check_payment_methods,check_payment_methods,1.0,True
i need supports tryingh to modify my delivery address,change_shipping_address,change_shipping_address,1.0,True
where can I check what payment options are allowed?,check_payment_methods,check_payment_methods,1.0,True
d uship to {{Delivery City}},delivery_options,delivery_options,1.0,True
"I want to check the methods for delivery, help me",delivery_options,delivery_options,1.0,True
could you help me to see what payment methods are accepted?,check_payment_methods,check_payment_methods,1.0,True
i do not know how i could casncel order {{Order Number}},cancel_order,cancel_order,1.0,True
i need assistance to set my new delovery address up,set_up_shipping_address,set_up_shipping_address,1.0,True
"you are not helpful at all, could I contact a human agent?",contact_human_agent,contact_human_agent,1.0,True
can you help me seeing how soon can I expect my purchase?,delivery_period,delivery_period,1.0,True
need assistance with a address update,change_shipping_address,change_shipping_address,1.0,True
file reclamation,complaint,complaint,1.0,True
I do not know how I can inform of problems with signuo,registration_problems,registration_problems,1.0,True
I do not know how to report a signup error,registration_problems,registration_problems,1.0,True
I'd like information about creating a pro account,create_account,create_account,1.0,True
downlpoad bills from {{Person Name}},get_invoice,get_invoice,1.0,True
can I see how long it usually takes for the item to arrive?,delivery_period,delivery_period,1.0,True
wanna swap a product of purchase {{Order Number}} can uhelp me,change_order,change_order,1.0,True
I don't know what to do to create a {{Account Category}} account,create_account,create_account,1.0,True
I do not know how to seehow soon can I expect my purchase,delivery_period,delivery_period,1.0,True
how to unsubscribe to the newsletter?,newsletter_subscription,newsletter_subscription,1.0,True
can I see in which situations can I request to be refunded?,check_refund_policy,check_refund_policy,1.0,True
need help seeing what hours i can contact customer service,contact_customer_service,contact_customer_service,1.0,True
i lost the bills from {{Person Name}} could ufnid them for me,check_invoice,check_invoice,1.0,True
"I want to sign up to your newsletter, how do I do it?",newsletter_subscription,newsletter_subscription,1.0,True
i dont know how to check purchase {{Order Number}} status,track_order,track_order,1.0,True
"I expect a restitution of {{Refund Amount}} dollars, was it processed",track_refund,track_refund,1.0,True
I want assistnace to use the {{Account Category}} account,switch_account,switch_account,1.0,True
i  do not know what i need to do to download invoice #85632,get_invoice,get_invoice,1.0,True
I need to ese the early exit fee,check_cancellation_fee,check_cancellation_fee,1.0,True
I wanty to contact an operator,contact_human_agent,contact_human_agent,1.0,True
i have a probelm with the password retrieval,recover_password,recover_password,1.0,True
closing pro account,delete_account,delete_account,1.0,True
where to cancel my company newsletter subscription?,newsletter_subscription,newsletter_subscription,1.0,True
can ya help me notify of registration errors,registration_problems,registration_problems,1.0,True
wanna see the eta of order {{Order Number}} how can i do it,track_order,track_order,1.0,True
assistance seeing what shipment options are available,delivery_options,delivery_options,1.0,True
could I check what shipment options you offer?,delivery_options,delivery_options,1.0,True
can i place an oeder from {{Delivery City}},delivery_options,delivery_options,1.0,True
problem with a forgotten access key,recover_password,recover_password,1.0,True
how to check purchase {{Order Number}} status?,track_order,track_order,1.0,True
creating new {{Account Category}} account for daughter,create_account,create_account,1.0,True
I need help to sign up to your newsletter,newsletter_subscription,newsletter_subscription,1.0,True
how can I unsubscribe from your newsletter?,newsletter_subscription,newsletter_subscription,1.0,True
would it be possible to delete a {{Account Type}} account?,delete_account,delete_account,1.0,True
what do I have to do to download the invoice #12588?,get_invoice,get_invoice,1.0,True
need assistance to cancel order {{Order Number}},cancel_order,cancel_order,1.0,True
can you help me canceling purchase {{Order Number}}?,cancel_order,cancel_order,1.0,True
i expect an reimbursement of {{Refund Amount}} dollars,track_refund,track_refund,1.0,True
is it possible to ordet from {{Delivery Country}},delivery_options,delivery_options,1.0,True
I do not know what to do to chat with a live agent,contact_human_agent,contact_human_agent,1.0,True
i need assistance sending feedback for u company,review,review,1.0,True
can I check in which cases can I request my damn money back?,check_refund_policy,check_refund_policy,1.0,True
check in what situations can I request to be reimbursed,check_refund_policy,check_refund_policy,1.0,True
want assistance modifying the goddamn user info,edit_account,edit_account,1.0,True
help resetting the pin coder of my profile,recover_password,recover_password,1.0,True
I do not know what I need to do to contact an operator,contact_human_agent,contact_human_agent,1.0,True
where to check what payment methods are allowed?,check_payment_methods,check_payment_methods,1.0,True
i cannot change several items of order {{Order Number}},change_order,change_order,1.0,True
I want information about opening a standard account,create_account,create_account,1.0,True
I try to notify of errors with online payment,payment_issue,payment_issue,1.0,True
is it possible to place an order from {{Delivery City}}?,delivery_options,delivery_options,1.0,True
I need assistance to remove my freemium account,delete_account,delete_account,1.0,True
can I see under what circumstances can I request a refund?,check_refund_policy,check_refund_policy,1.0,True
shiping to {{Delivery City}},delivery_options,delivery_options,1.0,True
can I subscribe to the corporate newsletter?,newsletter_subscription,newsletter_subscription,1.0,True
help seeing the available payment methods,check_payment_methods,check_payment_methods,1.0,True
I do not know what I have to do to delete a {{Account Category}} account,delete_account,delete_account,1.0,True
can you help me leave my feedback about your products?,review,review,1.0,True
I need assistance canceling purchase {{Order Number}},cancel_order,cancel_order,1.0,True
I cannot check if there are any news on my rebate,track_refund,track_refund,1.0,True
report anissue with payment,payment_issue,payment_issue,1.0,True
would it be possible to lolok for my bill #12588,check_invoice,check_invoice,1.0,True
assistance to notify of an error with online payment,payment_issue,payment_issue,1.0,True
I don't know what I need to do to close a {{Account Type}} account,delete_account,delete_account,1.0,True
I have a problem with canceling purchase {{Order Number}},cancel_order,cancel_order,1.0,True
I want assistance speaking to customer support,contact_customer_service,contact_customer_service,1.0,True
correct information on platinum account,edit_account,edit_account,1.0,True
I'm calling to write a comment about ur services,review,review,1.0,True
want help to make an claim against ur organization,complaint,complaint,1.0,True
tell me more about unsubscribing frmo ur company newsletter,newsletter_subscription,newsletter_subscription,1.0,True
i do not know how to give a quick look at invoice #85632,check_invoice,check_invoice,1.0,True
I have an error setting up another delivery address,set_up_shipping_address,set_up_shipping_address,1.0,True
I don't know how I can open a gold account for my daughter,create_account,create_account,1.0,True
I do not know how to see the accepted payment methods,check_payment_methods,check_payment_methods,1.0,True
I do not know how I can see purchase {{Order Number}} status,track_order,track_order,1.0,True
i have got to update my account can i get some help,edit_account,edit_account,1.0,True
do you have a section to submit some feedback for a service?,review,review,1.0,True
notify of issues with signup,registration_problems,registration_problems,1.0,True
i do not know what to do to locate the bill #37777,check_invoice,check_invoice,1.0,True
want help knowing if there are any updates on my refund,track_refund,track_refund,1.0,True
I need help to open a {{Account Category}} account for my daughter,create_account,create_account,1.0,True
how can I checkthe cancellation charges?,check_cancellation_fee,check_cancellation_fee,1.0,True
how can I see order {{Order Number}} current status?,track_order,track_order,1.0,True
can ya show me at what time customr service available is,contact_customer_service,contact_customer_service,1.0,True
i dont know how i can see my bill from {{Person Name}},check_invoice,check_invoice,1.0,True
need to receive the damn newsletter will uhelp me,newsletter_subscription,newsletter_subscription,1.0,True
wanna correct order {{Order Number}},change_order,change_order,1.0,True
I want to update the info included on my user account,edit_account,edit_account,1.0,True
i lost the bill from {{Person Name}} will ya mail it to m,get_invoice,get_invoice,1.0,True
"I purchased some damn product, help me cancel order {{Order Number}}",cancel_order,cancel_order,1.0,True
I don't know how to inform of problems with a signup,registration_problems,registration_problems,1.0,True
I do not know what I have to do to look for the bill #12588,check_invoice,check_invoice,1.0,True
editing information on {{Account Category}} account,edit_account,edit_account,1.0,True
is it possible to modify the shipping address,change_shipping_address,change_shipping_address,1.0,True
need to edit the info included on my user profile help me,edit_account,edit_account,1.0,True
i want help ordering several of ur article,place_order,place_order,1.0,True
have problems with the deletion of my gold account,delete_account,delete_account,1.0,True
I want assistance to see your damn money back guarantee,check_refund_policy,check_refund_policy,1.0,True
how could I inform of payment errors?,payment_issue,payment_issue,1.0,True
I don't know how I can chat with someone,contact_human_agent,contact_human_agent,1.0,True
how could I change to the goddamn {{Account Category}} account?,switch_account,switch_account,1.0,True
"I want to locate invoice #37777, how to do it?",check_invoice,check_invoice,1.0,True
I do not know how to send feedback about your services,review,review,1.0,True
mldifying gold account,edit_account,edit_account,1.0,True
I need assistance to cancel order {{Order Number}},cancel_order,cancel_order,1.0,True
leaving review for your company,review,review,1.0,True
where can I earn some articles?,place_order,place_order,1.0,True
I do not know what I have to do to make a reclamation,complaint,complaint,1.0,True
deleter a product from purchase {{Order Number}},change_order,change_order,1.0,True
I need assistance requesting a refund of money,get_refund,get_refund,1.0,True
I am waiting for a rebate of {{Currency Symbol}}{{Refund Amount}},track_refund,track_refund,1.0,True
new bloody {{Account Type}} cacount,create_account,create_account,1.0,True
I have a problem with the deletion of my {{Account Category}} account,delete_account,delete_account,1.0,True
could you help me to buy some products?,place_order,place_order,1.0,True
help me retrieve the fucking PIN code of my account,recover_password,recover_password,1.0,True
i put my old address by mistake i need help updating it,change_shipping_address,change_shipping_address,1.0,True
is it possible to set the delivery address up?,set_up_shipping_address,set_up_shipping_address,1.0,True
i try to report a problem with a registration,registration_problems,registration_problems,1.0,True
"I have got to enter a delivery address, I need assistance",set_up_shipping_address,set_up_shipping_address,1.0,True
I have to change the delivery adfress,change_shipping_address,change_shipping_address,1.0,True
want assistance to ask for a restitution of my money,get_refund,get_refund,1.0,True
want help to contact customer service,contact_customer_service,contact_customer_service,1.0,True
I want help to make a reclamation,complaint,complaint,1.0,True
"I put the old address by mistake, how do I modify it?",change_shipping_address,change_shipping_address,1.0,True
is there an addressx to submit an opinion for ur company,review,review,1.0,True
"I haveto locate my bills from {{Person Name}}, how to do it?",check_invoice,check_invoice,1.0,True
need assistance to speak to a live agent,contact_human_agent,contact_human_agent,1.0,True
"I have got to set a shipping address up, how can I do it?",set_up_shipping_address,set_up_shipping_address,1.0,True
how do i subscribe to the corporate newsletter,newsletter_subscription,newsletter_subscription,1.0,True
can you help me canceling order {{Order Number}}?,cancel_order,cancel_order,1.0,True
corrrect order {{Order Number}},change_order,change_order,1.0,True
I try to see in which cases can I ask for reimbursements,check_refund_policy,check_refund_policy,1.0,True
"I cannot remember my account PIN, I haved to reset it",recover_password,recover_password,1.0,True
where can I find information about my gold account deletion?,delete_account,delete_account,1.0,True
i  need assistance reporting troubles with online payments,payment_issue,payment_issue,1.0,True
i need assistance to check the eta of the order {{Order Number}},track_order,track_order,1.0,True
I do not know what I need to do to get the invoice #85632,get_invoice,get_invoice,1.0,True
i dont know how i can check my refund current status,track_refund,track_refund,1.0,True
how to swap an article of purchase {{Order Number}}?,change_order,change_order,1.0,True
"I can't register, help to inform of a signup issue",registration_problems,registration_problems,1.0,True
I want assistance doing a purchase,place_order,place_order,1.0,True
assistance to use the premium profile,switch_account,switch_account,1.0,True
could you help me adding some items to purchase {{Order Number}}?,change_order,change_order,1.0,True
i do not know what i have to do to purchase some articles,place_order,place_order,1.0,True
I need assistance checking the cancellation charges,check_cancellation_fee,check_cancellation_fee,1.0,True
can ya help em inform of a trouble with online payments,payment_issue,payment_issue,1.0,True
I want assistance obtaining a reimbursement of my money,get_refund,get_refund,1.0,True
want help tyo modify my shipping address,change_shipping_address,change_shipping_address,1.0,True
i want information about the termination of my pro account,delete_account,delete_account,1.0,True
what do i need to do to see the termination fee,check_cancellation_fee,check_cancellation_fee,1.0,True
help me checking when will my package arrive,delivery_period,delivery_period,1.0,True
would it be possible to obtain damn compensations of money,get_refund,get_refund,1.0,True
I do nt know how I could set a different delivery address up,set_up_shipping_address,set_up_shipping_address,1.0,True
"I would like to correct order {{Order Number}}, I need help",change_order,change_order,1.0,True
howq can i set up the secondary delivery address,set_up_shipping_address,set_up_shipping_address,1.0,True
I don't know how to speak with customer support,contact_customer_service,contact_customer_service,1.0,True
i have to receive the corporate newsletter could ya help me,newsletter_subscription,newsletter_subscription,1.0,True
correct data on {{Account Type}} account,edit_account,edit_account,1.0,True
